chembl_id,smiles,pref_name,max_phase,mw,source
CHEMBL2,COc1cc2nc(N3CCN(C(=O)c4ccco4)CC3)nc(N)c2cc1OC,PRAZOSIN,4,383.41,approved
CHEMBL3,CN1CCC[C@H]1c1cccnc1,NICOTINE,4,162.24,approved
CHEMBL4,CC1COc2c(N3CCN(C)CC3)c(F)cc3c(=O)c(C(=O)O)cn1c23,OFLOXACIN,4,361.37,approved
CHEMBL5,CCn1cc(C(=O)O)c(=O)c2ccc(C)nc21,"NALIDIXIC ACID",4,232.24,approved
CHEMBL6,COc1ccc2c(c1)c(CC(=O)O)c(C)n2C(=O)c1ccc(Cl)cc1,INDOMETHACIN,4,357.79,approved
CHEMBL403,CC1(C)[C@H](C(=O)O)N2C(=O)C[C@H]2S1(=O)=O,SULBACTAM,4,233.24,approved
CHEMBL404,C[C@]1(Cn2ccnn2)[C@H](C(=O)O)N2C(=O)C[C@H]2S1(=O)=O,TAZOBACTAM,4,300.3,approved
CHEMBL8,O=C(O)c1cn(C2CC2)c2cc(N3CCNCC3)c(F)cc2c1=O,CIPROFLOXACIN,4,331.35,approved
CHEMBL9,CCn1cc(C(=O)O)c(=O)c2cc(F)c(N3CCNCC3)cc21,NORFLOXACIN,4,319.34,approved
CHEMBL405,CC(N)Cc1ccccc1,AMPHETAMINE,4,135.21,approved
CHEMBL6622,O=[N+]([O-])O[C@H]1CO[C@H]2[C@@H]1OC[C@H]2O[N+](=O)[O-],"ISOSORBIDE DINITRATE",4,236.14,approved
CHEMBL6437,CN1CCN2c3ccccc3Cc3ccccc3C2C1,MIANSERIN,4,264.37,approved
CHEMBL11,CN(C)CCCN1c2ccccc2CCc2ccccc21,IMIPRAMINE,4,280.42,approved
CHEMBL406,CC1Cc2ccccc2N1NC(=O)c1ccc(Cl)c(S(N)(=O)=O)c1,INDAPAMIDE,4,365.84,approved
CHEMBL407,CCOC(=O)c1ncn2c1CN(C)C(=O)c1cc(F)ccc1-2,FLUMAZENIL,4,303.29,approved
CHEMBL408,Cc1c(C)c2c(c(C)c1O)CCC(C)(COc1ccc(CC3SC(=O)NC3=O)cc1)O2,TROGLITAZONE,4,441.55,approved
CHEMBL409,CC(O)(CS(=O)(=O)c1ccc(F)cc1)C(=O)Nc1ccc(C#N)c(C(F)(F)F)c1,BICALUTAMIDE,4,430.38,approved
CHEMBL12,CN1C(=O)CN=C(c2ccccc2)c2cc(Cl)ccc21,DIAZEPAM,4,284.75,approved
CHEMBL13,COCCc1ccc(OCC(O)CNC(C)C)cc1,METOPROLOL,4,267.37,approved
CHEMBL411,CC/C(=C(/CC)c1ccc(O)cc1)c1ccc(O)cc1,DIETHYLSTILBESTROL,4,268.36,approved
CHEMBL267936,CNC1(C)C2CCC(C2)C1(C)C,MECAMYLAMINE,4,167.3,approved
CHEMBL14,C[N+](C)(C)CCOC(N)=O.[Cl-],CARBACHOL,4,182.65,approved
CHEMBL16,O=C1NC(=O)C(c2ccccc2)(c2ccccc2)N1,PHENYTOIN,4,252.27,approved
CHEMBL415,CN(C)CCCN1c2ccccc2CCc2ccc(Cl)cc21,CLOMIPRAMINE,4,314.86,approved
CHEMBL416,COc1c2occc2cc2ccc(=O)oc12,METHOXSALEN,4,216.19,approved
CHEMBL17,NS(=O)(=O)c1cc(Cl)c(Cl)c(S(N)(=O)=O)c1,DICHLORPHENAMIDE,4,305.16,approved
CHEMBL18,CCOc1ccc2nc(S(N)(=O)=O)sc2c1,ETHOXZOLAMIDE,4,258.32,approved
CHEMBL417,COc1cccc2c1C(=O)c1c(O)c3c(c(O)c1C2=O)C[C@@](O)(C(=O)CO)C[C@@H]3O[C@H]1C[C@H](N)[C@@H](O)[C@H](C)O1,EPIRUBICIN,4,543.53,approved
CHEMBL19,CC(=O)/N=c1/sc(S(N)(=O)=O)nn1C,METHAZOLAMIDE,4,236.28,approved
CHEMBL20,CC(=O)Nc1nnc(S(N)(=O)=O)s1,ACETAZOLAMIDE,4,222.25,approved
CHEMBL419,NCc1ccc(S(N)(=O)=O)cc1,MAFENIDE,4,186.24,approved
CHEMBL21,Nc1ccc(S(N)(=O)=O)cc1,SULFANILAMIDE,4,172.21,approved
CHEMBL420,N=C(N)N/N=C/c1c(Cl)cccc1Cl,GUANABENZ,4,231.09,approved
CHEMBL22,COc1cc(Cc2cnc(N)nc2N)cc(OC)c1OC,TRIMETHOPRIM,4,290.32,approved
CHEMBL6966,COc1ccc(CCN(C)CCCC(C#N)(c2ccc(OC)c(OC)c2)C(C)C)cc1OC,VERAPAMIL,4,454.61,approved
CHEMBL421,O=C(O)c1cc(/N=N/c2ccc(S(=O)(=O)Nc3ccccn3)cc2)ccc1O,SULFASALAZINE,4,398.4,approved
CHEMBL6466,O=c1ccc2ccccc2o1,COUMARIN,4,146.14,approved
CHEMBL23,COc1ccc([C@@H]2Sc3ccccc3N(CCN(C)C)C(=O)[C@@H]2OC(C)=O)cc1,DILTIAZEM,4,414.53,approved
CHEMBL24,CC(C)NCC(O)COc1ccc(CC(N)=O)cc1,ATENOLOL,4,266.34,approved
CHEMBL25,CC(=O)Oc1ccccc1C(=O)O,ASPIRIN,4,180.16,approved
CHEMBL422,CN1CCN(CCCN2c3ccccc3Sc3ccc(C(F)(F)F)cc32)CC1,TRIFLUOPERAZINE,4,407.51,approved
CHEMBL26,CCN1CCCC1CNC(=O)c1cc(S(N)(=O)=O)ccc1OC,SULPIRIDE,4,341.43,approved
CHEMBL423,CC(C)NCC(O)COc1ccc(CCOCC2CC2)cc1,BETAXOLOL,4,307.43,approved
CHEMBL424,O=C(O)c1ccccc1O,"SALICYLIC ACID",4,138.12,approved
CHEMBL425,O=C(O)c1cc(/N=N/c2ccc(O)c(C(=O)O)c2)ccc1O,OLSALAZINE,4,302.24,approved
CHEMBL27,CC(C)NCC(O)COc1cccc2ccccc12,PROPRANOLOL,4,259.35,approved
CHEMBL6995,CC(=O)Nc1ccc(OCC(O)CNC(C)C)cc1,PRACTOLOL,4,266.34,approved
CHEMBL427,CN(CCCl)CCCl,MECHLORETHAMINE,4,156.06,approved
CHEMBL29,CC1(C)S[C@@H]2[C@H](NC(=O)Cc3ccccc3)C(=O)N2[C@H]1C(=O)O,BENZYLPENICILLIN,4,334.4,approved
CHEMBL428,N[C@@H]1[C@H]2CN(c3nc4c(cc3F)c(=O)c(C(=O)O)cn4-c3ccc(F)cc3F)C[C@@H]12,TROVAFLOXACIN,4,416.36,approved
CHEMBL30,CN/C(=N\CCSCc1nc[nH]c1C)NC#N,CIMETIDINE,4,252.35,approved
CHEMBL31,COc1c(N2CCNC(C)C2)c(F)cc2c(=O)c(C(=O)O)cn(C3CC3)c12,GATIFLOXACIN,4,375.4,approved
CHEMBL429,CC(CCc1ccccc1)NCC(O)c1ccc(O)c(C(N)=O)c1,LABETALOL,4,328.41,approved
CHEMBL32,COc1c(N2C[C@@H]3CCCN[C@@H]3C2)c(F)cc2c(=O)c(C(=O)O)cn(C3CC3)c12,MOXIFLOXACIN,4,401.44,approved
CHEMBL33,C[C@H]1COc2c(N3CCN(C)CC3)c(F)cc3c(=O)c(C(=O)O)cn1c23,"LEVOFLOXACIN ANHYDROUS",4,361.37,approved
CHEMBL430,CO/N=C1\CN(c2nc3c(cc2F)c(=O)c(C(=O)O)cn3C2CC2)CC1CN,GEMIFLOXACIN,4,389.39,approved
CHEMBL431,CCOC(=O)[C@H](CCc1ccccc1)N[C@@H](C)C(=O)N1CC2(C[C@H]1C(=O)O)SCCS2,SPIRAPRIL,4,466.63,approved
CHEMBL433,CCCC(CCC)C(=O)[O-].[Na+],"VALPROATE SODIUM",4,166.2,approved
CHEMBL434,CC(C)NCC(O)c1ccc(O)c(O)c1,ISOPROTERENOL,4,211.26,approved
CHEMBL435,NS(=O)(=O)c1cc2c(cc1Cl)NCNS2(=O)=O,HYDROCHLOROTHIAZIDE,4,297.75,approved
CHEMBL35,NS(=O)(=O)c1cc(C(=O)O)c(NCc2ccco2)cc1Cl,FUROSEMIDE,4,330.75,approved
CHEMBL36,CCc1nc(N)nc(N)c1-c1ccc(Cl)cc1,PYRIMETHAMINE,4,248.72,approved
CHEMBL436,COc1ccc2c(C(=S)N(C)CC(=O)O)cccc2c1C(F)(F)F,TOLRESTAT,4,357.35,approved
CHEMBL437,Nc1ccc(S(=O)(=O)Nc2nccs2)cc1,SULFATHIAZOLE,4,255.32,approved
CHEMBL438,Cc1ccnc(NS(=O)(=O)c2ccc(N)cc2)n1,SULFAMERAZINE,4,264.31,approved
CHEMBL439,Nc1ccc(S(=O)(=O)Nc2ncccn2)cc1,SULFADIAZINE,4,250.28,approved
CHEMBL440,C=CCC1(C(C)CCC)C(=O)NC(=S)NC1=O,THIAMYLAL,4,254.35,approved
CHEMBL441,CCCC(C)C1(CC)C(=O)NC(=S)NC1=O,THIOPENTAL,4,242.34,approved
CHEMBL268164,CCC1(C2=CCCCC2)C(=O)NC(=O)NC1=O,CYCLOBARBITAL,4,236.27,approved
CHEMBL442,CN1C[C@H](C(=O)N[C@]2(C)O[C@@]3(O)[C@@H]4CCCN4C(=O)[C@H](Cc4ccccc4)N3C2=O)C=C2c3cccc4[nH]cc(c34)C[C@H]21,ERGOTAMINE,4,581.67,approved
CHEMBL38,CC1=C(/C=C/C(C)=C/C=C/C(C)=C/C(=O)O)C(C)(C)CCC1,TRETINOIN,4,300.44,approved
CHEMBL7413,C=CCC1(C(C)C#CCC)C(=O)NC(=O)N(C)C1=O,METHOHEXITAL,4,262.31,approved
CHEMBL40,CCC1(c2ccccc2)C(=O)NC(=O)NC1=O,PHENOBARBITAL,4,232.24,approved
CHEMBL41,CNCCC(Oc1ccc(C(F)(F)F)cc1)c1ccccc1,FLUOXETINE,4,309.33,approved
CHEMBL443,Cc1cc(NS(=O)(=O)c2ccc(N)cc2)no1,SULFAMETHOXAZOLE,4,253.28,approved
CHEMBL444,CCC1(CC)C(=O)NC(=O)NC1=O,BARBITAL,4,184.19,approved
CHEMBL42,CN1CCN(C2=Nc3cc(Cl)ccc3Nc3ccccc32)CC1,CLOZAPINE,4,326.83,approved
CHEMBL445,CNCCC=C1c2ccccc2CCc2ccccc21,NORTRIPTYLINE,4,263.38,approved
CHEMBL446,Cc1cc(C)nc(NS(=O)(=O)c2ccc(N)cc2)n1,SULFAMETHAZINE,4,278.34,approved
CHEMBL447,C=CCC1(C(C)CCC)C(=O)NC(=O)NC1=O,SECOBARBITAL,4,238.29,approved
CHEMBL448,CCCC(C)C1(CC)C(=O)NC(=O)NC1=O,PENTOBARBITAL,4,226.28,approved
CHEMBL267894,CCC1(CCC(C)C)C(=O)NC(=O)NC1=O,AMOBARBITAL,4,226.28,approved
CHEMBL449,CCC(C)C1(CC)C(=O)NC(=O)NC1=O,BUTABARBITAL,4,212.25,approved
CHEMBL450,CCC1(CC)C(=O)NC(=O)N(C)C1=O,METHARBITAL,4,198.22,approved
CHEMBL451,CNC1=Nc2ccc(Cl)cc2C(c2ccccc2)=[N+]([O-])C1,CHLORDIAZEPOXIDE,4,299.76,approved
CHEMBL266349,N=C(N)c1ccc(CNC(=O)[C@@H]2CCN2C(=O)[C@H](NCC(=O)O)C2CCCCC2)cc1,MELAGATRAN,4,429.52,approved
CHEMBL452,O=C1CN=C(c2ccccc2Cl)c2cc([N+](=O)[O-])ccc2N1,CLONAZEPAM,4,315.72,approved
CHEMBL453,Cc1noc(NS(=O)(=O)c2ccc(N)cc2)c1C,SULFISOXAZOLE,4,267.31,approved
CHEMBL268869,COc1ccc(NS(=O)(=O)c2ccc(N)cc2)nn1,SULFAMETHOXYPYRIDAZINE,4,280.31,approved
CHEMBL454,C=CCC1(CC(C)C)C(=O)NC(=O)NC1=O,BUTALBITAL,4,224.26,approved
CHEMBL455,CC(=O)NS(=O)(=O)c1ccc(N)cc1,SULFACETAMIDE,4,214.25,approved
CHEMBL43,COc1cc(NS(C)(=O)=O)ccc1Nc1c2ccccc2nc2ccccc12,AMSACRINE,4,393.47,approved
CHEMBL456,C=C(CC)C(=O)c1ccc(OCC(=O)O)c(Cl)c1Cl,"ETHACRYNIC ACID",4,303.14,approved
CHEMBL267744,O=C(O)COc1ccc(C(=O)c2cccs2)c(Cl)c1Cl,TICRYNAFEN,4,331.18,approved
CHEMBL457,Cc1ccc(C)c(OCCCC(C)(C)C(=O)O)c1,GEMFIBROZIL,4,250.34,approved
CHEMBL45,COc1ccc2[nH]cc(CCNC(C)=O)c2c1,MELATONIN,4,232.28,approved
CHEMBL8085,NCCCC[C@H](N)C(=O)O,LYSINE,4,146.19,approved
CHEMBL46,Cc1nccn1CC1CCc2c(c3ccccc3n2C)C1=O,ONDANSETRON,4,293.37,approved
CHEMBL49,O=C1CC2(CCCC2)CC(=O)N1CCCCN1CCN(c2ncccn2)CC1,BUSPIRONE,4,385.51,approved
CHEMBL51,O=C(c1ccc(F)cc1)C1CCN(CCn2c(=O)[nH]c3ccccc3c2=O)CC1,KETANSERIN,4,395.43,approved
CHEMBL459,C[C@](N)(Cc1ccc(O)c(O)c1)C(=O)O,METHYLDOPA,4,211.22,approved
CHEMBL460,CCc1c(C)[nH]c2c1C(=O)C(CN1CCOCC1)CC2,MOLINDONE,4,276.38,approved
CHEMBL53,CN1CCc2cccc3c2[C@H]1Cc1ccc(O)c(O)c1-3,APOMORPHINE,4,267.33,approved
CHEMBL54,O=C(CCCN1CCC(O)(c2ccc(Cl)cc2)CC1)c1ccc(F)cc1,HALOPERIDOL,4,375.87,approved
CHEMBL55,N=C(N)c1ccc(OCCCCCOc2ccc(C(=N)N)cc2)cc1,PENTAMIDINE,4,340.43,approved
CHEMBL463,Nc1ccc(C(=O)NCC(=O)O)cc1,"AMINOHIPPURIC ACID",4,194.19,approved
CHEMBL464,CCOC(=O)/C=C(C)/C=C/C=C(C)/C=C/c1c(C)cc(OC)c(C)c1C,ETRETINATE,4,354.49,approved
CHEMBL57,Cc1ccnc2c1NC(=O)c1cccnc1N2C1CC1,NEVIRAPINE,4,266.3,approved
CHEMBL465,CCCCCc1cc(O)c2c(c1)OC(C)(C)[C@@H]1CCC(C)=C[C@@H]21,DRONABINOL,4,314.47,approved
CHEMBL58,O=C1c2c(O)ccc(O)c2C(=O)c2c(NCCNCCO)ccc(NCCNCCO)c21,MITOXANTRONE,4,444.49,approved
CHEMBL59,NCCc1ccc(O)c(O)c1,DOPAMINE,4,153.18,approved
CHEMBL61,COc1cc([C@@H]2c3cc4c(cc3[C@H](O)[C@H]3COC(=O)[C@H]23)OCO4)cc(OC)c1OC,PODOFILOX,4,414.41,approved
CHEMBL64,NNC(=O)c1ccncc1,ISONIAZID,4,137.14,approved
CHEMBL468,O=C1CCC(N2C(=O)c3ccccc3C2=O)C(=O)N1,THALIDOMIDE,4,258.23,approved
CHEMBL469,O=C(c1ccccc1)c1ccc2n1CCC2C(=O)O,KETOROLAC,4,255.27,approved
CHEMBL471,CC(C)NCC(O)c1ccc(NS(C)(=O)=O)cc1,SOTALOL,4,272.37,approved
CHEMBL472,COc1ccc(Cl)cc1C(=O)NCCc1ccc(S(=O)(=O)NC(=O)NC2CCCCC2)cc1,GLYBURIDE,4,494.01,approved
CHEMBL473,CN(CCOc1ccc(NS(C)(=O)=O)cc1)CCc1ccc(NS(C)(=O)=O)cc1,DOFETILIDE,4,441.58,approved
CHEMBL476,CN(C)/N=N/c1[nH]cnc1C(N)=O,DACARBAZINE,4,182.19,approved
CHEMBL477,Nc1ncnc2c1ncn2[C@@H]1O[C@H](CO)[C@@H](O)[C@H]1O,ADENOSINE,4,267.25,approved
CHEMBL479,CSc1ccc2c(c1)N(CCC1CCCCN1C)c1ccccc1S2,THIORIDAZINE,4,370.59,approved
CHEMBL480,Cc1c(OCC(F)(F)F)ccnc1C[S+]([O-])c1nc2ccccc2[nH]1,LANSOPRAZOLE,4,369.37,approved
CHEMBL481,CCc1c2c(nc3ccc(OC(=O)N4CCC(N5CCCCC5)CC4)cc13)-c1cc3c(c(=O)n1C2)COC(=O)[C@]3(O)CC,IRINOTECAN,4,586.69,approved
CHEMBL70,CN1CC[C@]23c4c5ccc(O)c4O[C@H]2[C@@H](O)C=C[C@H]3[C@H]1C5,MORPHINE,4,285.34,approved
CHEMBL485,COc1ccc2c3c1O[C@H]1[C@@H](O)C=C[C@H]4[C@@H](C2)N(C)CC[C@@]341,CODEINE,4,299.37,approved
CHEMBL71,CN(C)CCCN1c2ccccc2Sc2ccc(Cl)cc21,CHLORPROMAZINE,4,318.87,approved
CHEMBL72,CNCCCN1c2ccccc2CCc2ccccc21,DESIPRAMINE,4,266.39,approved
CHEMBL488,CCC1(c2ccc(N)cc2)CCC(=O)NC1=O,AMINOGLUTETHIMIDE,4,232.28,approved
CHEMBL74,O=C([O-])c1cc(=O)c2c(OCC(O)COc3cccc4oc(C(=O)[O-])cc(=O)c34)cccc2o1.[Na+].[Na+],"CROMOLYN SODIUM",4,512.33,approved
CHEMBL76,CCN(CC)CCCC(C)Nc1ccnc2cc(Cl)ccc12,CHLOROQUINE,4,319.88,approved
CHEMBL490,Fc1ccc([C@@H]2CCNC[C@H]2COc2ccc3c(c2)OCO3)cc1,PAROXETINE,4,329.37,approved
CHEMBL416146,Cc1ccc(-c2ncc(Cl)cc2-c2ccc(S(C)(=O)=O)cc2)cn1,ETORICOXIB,4,358.85,approved
CHEMBL79,CCN(CC)CC(=O)Nc1c(C)cccc1C,LIDOCAINE,4,234.34,approved
CHEMBL9967,CN1CCN(CC(=O)N2c3ccccc3C(=O)Nc3cccnc32)CC1,PIRENZEPINE,4,351.41,approved
CHEMBL492,CCCN(CC)C(CC)C(=O)Nc1c(C)cccc1C,ETIDOCAINE,4,276.42,approved
CHEMBL80,C=CCN1CC[C@]23c4c5ccc(O)c4O[C@H]2C(=O)CC[C@@]3(O)[C@H]1C5,NALOXONE,4,327.38,approved
CHEMBL81,O=C(c1ccc(OCCN2CCCCC2)cc1)c1c(-c2ccc(O)cc2)sc2cc(O)ccc12,RALOXIFENE,4,473.59,approved
CHEMBL83,CC/C(=C(\c1ccccc1)c1ccc(OCCN(C)C)cc1)c1ccccc1,TAMOXIFEN,4,371.52,approved
CHEMBL493,CC(C)C[C@H]1C(=O)N2CCC[C@H]2[C@]2(O)O[C@](NC(=O)[C@@H]3C=C4c5cccc6[nH]c(Br)c(c56)C[C@H]4N(C)C3)(C(C)C)C(=O)N12,BROMOCRIPTINE,4,654.61,approved
CHEMBL494,CC#CCC(C)[C@H](O)/C=C/[C@@H]1[C@H]2C/C(=C/CCCC(=O)O)C[C@H]2C[C@H]1O,ILOPROST,4,360.49,approved
CHEMBL84,CC[C@@]1(O)C(=O)OCc2c1cc1n(c2=O)Cc2cc3c(CN(C)C)c(O)ccc3nc2-1,TOPOTECAN,4,421.45,approved
CHEMBL85,Cc1nc2n(c(=O)c1CCN1CCC(c3noc4cc(F)ccc34)CC1)CCCC2,RISPERIDONE,4,410.49,approved
CHEMBL428880,O=C(O)c1cc(=O)c2c(OCC(O)COc3cccc4oc(C(=O)O)cc(=O)c34)cccc2o1,CROMOLYN,4,468.37,approved
CHEMBL86,CCN(CC)CCNC(=O)c1cc(Cl)c(N)cc1OC,METOCLOPRAMIDE,4,299.8,approved
CHEMBL495,CCCCC[C@H](O)/C=C/[C@H]1[C@H](O)CC(=O)[C@@H]1CCCCCCC(=O)O,ALPROSTADIL,4,354.49,approved
CHEMBL496,Oc1c(Cl)cc(Cl)c(Cl)c1Cc1c(O)c(Cl)cc(Cl)c1Cl,HEXACHLOROPHENE,4,406.91,approved
CHEMBL497,Oc1c(I)cc(Cl)c2cccnc12,CLIOQUINOL,4,305.5,approved
CHEMBL10878,COc1ccc2cccc(CCNC(C)=O)c2c1,AGOMELATINE,4,243.31,approved
CHEMBL88,O=P1(N(CCCl)CCCl)NCCCO1,"CYCLOPHOSPHAMIDE ANHYDROUS",4,261.09,approved
CHEMBL498,CCCNC(=O)NS(=O)(=O)c1ccc(Cl)cc1,CHLORPROPAMIDE,4,276.75,approved
CHEMBL499,CC(C)(C)NC[C@H](O)COc1nsnc1N1CCOCC1,TIMOLOL,4,316.43,approved
CHEMBL500,CC(C)NCC(O)COc1cccc2[nH]ccc12,PINDOLOL,4,248.33,approved
CHEMBL276832,NNc1nncc2ccccc12,HYDRALAZINE,4,160.18,approved
CHEMBL501,CC(N)Cc1ccccc1.O=S(=O)(O)O,"AMPHETAMINE SULFATE",4,233.29,approved
CHEMBL91,Clc1ccc(COC(Cn2ccnc2)c2ccc(Cl)cc2Cl)c(Cl)c1,MICONAZOLE,4,416.13,approved
CHEMBL93,CC(c1cc2ccccc2s1)N(O)C(N)=O,ZILEUTON,4,236.3,approved
CHEMBL94,CNC(=O)Oc1ccc2c(c1)[C@]1(C)CCN(C)[C@@H]1N2C,PHYSOSTIGMINE,4,275.35,approved
CHEMBL95,Nc1c2c(nc3ccccc13)CCCC2,TACRINE,4,198.27,approved
CHEMBL502,COc1cc2c(cc1OC)C(=O)C(CC1CCN(Cc3ccccc3)CC1)C2,DONEPEZIL,4,379.5,approved
CHEMBL503,CC[C@H](C)C(=O)O[C@H]1C[C@@H](C)C=C2C=C[C@H](C)[C@H](CC[C@@H]3C[C@@H](O)CC(=O)O3)[C@H]21,LOVASTATIN,4,404.55,approved
CHEMBL11662,O=C(O)/C=C/c1ccc(Cn2ccnc2)cc1,OZAGREL,4,228.25,approved
CHEMBL12610,CN(C)CCCOc1nn(Cc2ccccc2)c2ccccc12,BENZYDAMINE,4,309.41,approved
CHEMBL505,CN(C)CCC(c1ccc(Cl)cc1)c1ccccn1,CHLORPHENIRAMINE,4,274.8,approved
CHEMBL506,COc1cc(NC(C)CCCN)c2ncccc2c1,PRIMAQUINE,4,259.35,approved
CHEMBL509,Cc1ccc(Cl)c(Nc2ccccc2C(=O)O)c1Cl,"MECLOFENAMIC ACID",4,296.15,approved
CHEMBL511,COc1ccc(CN(CCN(C)C)c2ccccn2)cc1,PYRILAMINE,4,285.39,approved
CHEMBL12713,O=C1NCCN1CCN1CCC(c2cn(-c3ccc(F)cc3)c3ccc(Cl)cc23)CC1,SERTINDOLE,4,440.95,approved
CHEMBL513,O=NN(CCCl)C(=O)NCCCl,CARMUSTINE,4,214.05,approved
CHEMBL514,O=NN(CCCl)C(=O)NC1CCCCC1,LOMUSTINE,4,233.7,approved
CHEMBL515,O=C(O)CCCc1ccc(N(CCCl)CCCl)cc1,CHLORAMBUCIL,4,304.22,approved
CHEMBL516,CN1CCC(=C2c3ccccc3C=Cc3ccccc32)CC1,CYPROHEPTADINE,4,287.41,approved
CHEMBL12856,Nc1cc(-c2ccncc2)c[nH]c1=O,INAMRINONE,4,187.2,approved
CHEMBL517,CC(C)N(CCC(C(N)=O)(c1ccccc1)c1ccccn1)C(C)C,DISOPYRAMIDE,4,339.48,approved
CHEMBL98,O=C(CCCCCCC(=O)Nc1ccccc1)NO,VORINOSTAT,4,264.32,approved
CHEMBL267648,CCn1cc(C(=O)O)c(=O)c2cc(F)c(N3CCN(C)CC3)cc21,PEFLOXACIN,4,333.36,approved
CHEMBL521,CC(C)Cc1ccc(C(C)C(=O)O)cc1,IBUPROFEN,4,206.28,approved
CHEMBL13376,COc1ccc2c(C(=O)c3ccc(Cl)cc3)c(C)n(CC(=O)O)c2c1,CLOMETACIN,4,357.79,approved
CHEMBL13280,CN1C(=O)CN=C(c2ccccc2F)c2cc([N+](=O)[O-])ccc21,FLUNITRAZEPAM,4,313.29,approved
CHEMBL13209,O=C1CN=C(c2ccccc2)c2cc([N+](=O)[O-])ccc2N1,NITRAZEPAM,4,281.27,approved
CHEMBL524,COc1ccc(OC)c(C(O)C(C)N)c1,METHOXAMINE,4,211.26,approved
CHEMBL526,CC(C)c1cccc(C(C)C)c1O,PROPOFOL,4,178.27,approved
CHEMBL527,CN1C(C(=O)Nc2ccccn2)=C(O)c2ccccc2S1(=O)=O,PIROXICAM,4,331.35,approved
CHEMBL528,CO/N=C(\C(=O)N[C@@H]1C(=O)N2C(C(=O)O)=CCS[C@H]12)c1csc(N)n1,CEFTIZOXIME,4,383.41,approved
CHEMBL101,CCCCC1C(=O)N(c2ccccc2)N(c2ccccc2)C1=O,PHENYLBUTAZONE,4,308.38,approved
CHEMBL530,CC1(C)S[C@@H]2[C@H](/N=C/N3CCCCCC3)C(=O)N2[C@H]1C(=O)O,AMDINOCILLIN,4,325.43,approved
CHEMBL531,CCCN1C[C@H](CSC)C[C@@H]2c3cccc4[nH]cc(c34)C[C@H]21,PERGOLIDE,4,314.5,approved
CHEMBL533,CCCCCCCN(CC)CCCC(O)c1ccc(NS(C)(=O)=O)cc1,IBUTILIDE,4,384.59,approved
CHEMBL103,CC(=O)[C@H]1CC[C@H]2[C@@H]3CCC4=CC(=O)CC[C@]4(C)[C@H]3CC[C@]12C,PROGESTERONE,4,314.47,approved
CHEMBL13828,O=c1[nH]c2ccccc2n1CCCN1CCN(C(c2ccccc2)c2ccccc2)CC1,OXATOMIDE,4,426.56,approved
CHEMBL534,CN1CCC(=C2c3ccccc3CC(=O)c3sccc32)CC1,KETOTIFEN,4,309.43,approved
CHEMBL535,CCN(CC)CCNC(=O)c1c(C)[nH]c(/C=C2\C(=O)Nc3ccc(F)cc32)c1C,SUNITINIB,4,398.48,approved
CHEMBL541,O=C(O)c1ccccc1,"BENZOIC ACID",4,122.12,approved
CHEMBL542,Nc1ccc(C(=O)O)cc1,"AMINOBENZOIC ACID",4,137.14,approved
CHEMBL14053,O=C(O)C(Cl)(Cl)Cl,"TRICHLOROACETIC ACID",4,163.39,approved
CHEMBL544,COc1ccc(O)cc1,MEQUINOL,4,124.14,approved
CHEMBL104,Clc1ccccc1C(c1ccccc1)(c1ccccc1)n1ccnc1,CLOTRIMAZOLE,4,344.85,approved
CHEMBL105,CO[C@@]12[C@H](COC(N)=O)C3=C(C(=O)C(C)=C(N)C3=O)N1C[C@@H]1N[C@@H]12,MITOMYCIN,4,334.33,approved
CHEMBL546,C=CCOc1ccccc1OCC(O)CNC(C)C,OXPRENOLOL,4,265.35,approved
CHEMBL106,OC(Cn1cncn1)(Cn1cncn1)c1ccc(F)cc1F,FLUCONAZOLE,4,306.28,approved
CHEMBL547,CC1=C(/C=C/C(C)=C/C=C/C(C)=C\C(=O)O)C(C)(C)CCC1,ISOTRETINOIN,4,300.44,approved
CHEMBL14376,COc1cc(C(C)=O)ccc1OCCCN1CCC(c2noc3cc(F)ccc23)CC1,ILOPERIDONE,4,426.49,approved
CHEMBL548,CCCCC[C@H](O)/C=C/[C@H]1[C@H](O)CC(=O)[C@@H]1C/C=C\CCCC(=O)O,DINOPROSTONE,4,352.47,approved
CHEMBL278020,CN(C)C(=O)Oc1cccc([N+](C)(C)C)c1,NEOSTIGMINE,4,223.3,approved
CHEMBL14370,CCOc1ccccc1OC(c1ccccc1)C1CNCCO1,REBOXETINE,4,313.4,approved
CHEMBL549,CN(C)CCCC1(c2ccc(F)cc2)OCc2cc(C#N)ccc21,CITALOPRAM,4,324.4,approved
CHEMBL550,CC[C@@H]1C(=O)OC[C@@H]1Cc1cncn1C,PILOCARPINE,4,208.26,approved
CHEMBL107,COc1cc2c(c(OC)c1OC)-c1ccc(OC)c(=O)cc1[C@@H](NC(C)=O)CC2,COLCHICINE,4,399.44,approved
CHEMBL553,C#Cc1cccc(Nc2ncnc3cc(OCCOC)c(OCCOC)cc23)c1,ERLOTINIB,4,393.44,approved
CHEMBL554,CS(=O)(=O)CCNCc1ccc(-c2ccc3ncnc(Nc4ccc(OCc5cccc(F)c5)c(Cl)c4)c3c2)o1,LAPATINIB,4,581.07,approved
CHEMBL15023,O=C(CCCN1CCC(O)(c2cccc(C(F)(F)F)c2)CC1)c1ccc(F)cc1,TRIFLUPERIDOL,4,409.42,approved
CHEMBL108,NC(=O)N1c2ccccc2C=Cc2ccccc21,CARBAMAZEPINE,4,236.27,approved
CHEMBL15245,COC(=O)[C@@H]1[C@H]2C[C@H]3c4[nH]c5ccccc5c4CCN3C[C@@H]2CC[C@@H]1O,YOHIMBINE,4,354.45,approved
CHEMBL109,CCCC(CCC)C(=O)O,"VALPROIC ACID",4,144.21,approved
CHEMBL277100,CC1CN(c2cc3c(cc2F)c(=O)c(C(=O)O)cn3-c2ccc(F)cc2F)CCN1,TEMAFLOXACIN,4,417.39,approved
CHEMBL110,O=C(Cn1ccnc1[N+](=O)[O-])NCc1ccccc1,BENZNIDAZOLE,4,260.25,approved
CHEMBL556,CC(=O)N(O)CCCCCNC(=O)CCC(=O)N(O)CCCCCNC(=O)CCC(=O)N(O)CCCCCN,DEFEROXAMINE,4,560.69,approved
CHEMBL558,Cc1cccc(C)c1OCC(C)N,MEXILETINE,4,179.26,approved
CHEMBL111,Cc1c(C(=O)NN2CCCCC2)nn(-c2ccc(Cl)cc2Cl)c1-c1ccc(Cl)cc1,RIMONABANT,4,463.8,approved
CHEMBL273575,CN1Cc2c(N)cccc2C(c2ccccc2)C1,NOMIFENSINE,4,238.33,approved
CHEMBL561,CCn1cc(C(=O)O)c(=O)c2cc(F)c(N3CCNC(C)C3)c(F)c21,LOMEFLOXACIN,4,351.35,approved
CHEMBL562,COC1=CC(=O)C[C@@H](C)[C@]12Oc1c(Cl)c(OC)cc(OC)c1C2=O,GRISEOFULVIN,4,352.77,approved
CHEMBL563,CC(C(=O)O)c1ccc(-c2ccccc2)c(F)c1,FLURBIPROFEN,4,244.26,approved
CHEMBL564,CN(C)CCCN1c2ccccc2Sc2ccccc21,PROMAZINE,4,284.43,approved
CHEMBL565,CCOC(=O)C(C)(C)Oc1ccc(Cl)cc1,CLOFIBRATE,4,242.7,approved
CHEMBL112,CC(=O)Nc1ccc(O)cc1,ACETAMINOPHEN,4,151.16,approved
CHEMBL277522,O=C(O)CCC(=O)c1ccc(-c2ccccc2)cc1,FENBUFEN,4,254.28,approved
CHEMBL113,Cn1c(=O)c2c(ncn2C)n(C)c1=O,CAFFEINE,4,194.19,approved
CHEMBL16073,CCOc1ccc(NC(C)=O)cc1,PHENACETIN,4,179.22,approved
CHEMBL567,OCCN1CCN(CCCN2c3ccccc3Sc3ccc(Cl)cc32)CC1,PERPHENAZINE,4,403.98,approved
CHEMBL568,O=C1Nc2ccc(Cl)cc2C(c2ccccc2)=NC1O,OXAZEPAM,4,286.72,approved
CHEMBL15770,CC1=C(CC(=O)O)c2cc(F)ccc2/C1=C\c1ccc([S+](C)[O-])cc1,SULINDAC,4,356.42,approved
CHEMBL15677,O=C(O)Cc1ccccc1Oc1ccc(Cl)cc1Cl,FENCLOFENAC,4,297.14,approved
CHEMBL416898,Clc1ccc(C(c2ccc(Cl)cc2)C(Cl)(Cl)Cl)cc1,CHLOROPHENOTHANE,4,354.49,approved
CHEMBL276520,c1ccc2c(CCC3CCNCC3)c[nH]c2c1,INDALPINE,4,228.34,approved
CHEMBL569,CCN(CC)CCOC(=O)c1ccc(N)cc1,PROCAINE,4,236.31,approved
CHEMBL570,CN(C)CCCN1c2ccccc2Sc2ccc(C(F)(F)F)cc21,TRIFLUPROMAZINE,4,352.43,approved
CHEMBL571,CC(C(=O)O)c1cccc(C(=O)c2ccccc2)c1,KETOPROFEN,4,254.29,approved
CHEMBL572,O=C1CN(/N=C/c2ccc([N+](=O)[O-])o2)C(=O)N1,NITROFURANTOIN,4,238.16,approved
CHEMBL15870,CC(C(=O)O)c1ccc(N2Cc3ccccc3C2=O)cc1,INDOPROFEN,4,281.31,approved
CHEMBL15891,Cl[C@H]1[C@H](Cl)[C@@H](Cl)[C@@H](Cl)[C@H](Cl)[C@H]1Cl,LINDANE,4,290.83,approved
CHEMBL573,O=C(O)c1cccnc1,NIACIN,4,123.11,approved
CHEMBL575,COc1cccc(OC)c1C(=O)N[C@@H]1C(=O)N2[C@@H]1SC(C)(C)[C@@H]2C(=O)O,METHICILLIN,4,380.42,approved
CHEMBL16080,CC(Cl)(Cl)Cl,TRICHLOROETHANE,4,133.41,approved
CHEMBL278172,CCOC(=O)c1ccc(N)cc1,BENZOCAINE,4,165.19,approved
CHEMBL577,C[C@H](N[C@@H](CCc1ccccc1)C(=O)O)C(=O)N1CCC[C@H]1C(=O)O,"ENALAPRILAT ANHYDROUS",4,348.4,approved
CHEMBL578,CCOC(=O)[C@H](CCc1ccccc1)N[C@@H](C)C(=O)N1CCC[C@H]1C(=O)O,ENALAPRIL,4,376.45,approved
CHEMBL580,O=C1Nc2ccc(Cl)cc2C(c2ccccc2Cl)=NC1O,LORAZEPAM,4,321.16,approved
CHEMBL277062,O=C1CN=C(c2ccccn2)c2cc(Br)ccc2N1,BROMAZEPAM,4,316.16,approved
CHEMBL279816,ClC=C(Cl)Cl,TRICHLOROETHYLENE,4,131.39,approved
CHEMBL277535,c1ccc(-c2ccc(C(c3ccccc3)n3ccnc3)cc2)cc1,BIFONAZOLE,4,310.4,approved
CHEMBL583,Cc1c(F)c(N2CCNC(C)C2)cc2c1c(=O)c(C(=O)O)cn2C1CC1,GREPAFLOXACIN,4,359.4,approved
CHEMBL114,CC(C)(C)NC(=O)[C@@H]1C[C@@H]2CCCC[C@@H]2CN1C[C@@H](O)[C@H](Cc1ccccc1)NC(=O)[C@H](CC(N)=O)NC(=O)c1ccc2ccccc2n1,SAQUINAVIR,4,670.86,approved
CHEMBL115,CC(C)(C)NC(=O)[C@@H]1CN(Cc2cccnc2)CCN1C[C@@H](O)C[C@@H](Cc1ccccc1)C(=O)N[C@H]1c2ccccc2C[C@H]1O,INDINAVIR,4,613.8,approved
CHEMBL584,Cc1c(O)cccc1C(=O)N[C@@H](CSc1ccccc1)[C@H](O)CN1C[C@H]2CCCC[C@H]2C[C@H]1C(=O)NC(C)(C)C,NELFINAVIR,4,567.8,approved
CHEMBL116,CC(C)CN(C[C@@H](O)[C@H](Cc1ccccc1)NC(=O)O[C@H]1CCOC1)S(=O)(=O)c1ccc(N)cc1,AMPRENAVIR,4,505.64,approved
CHEMBL585,Nc1nc(N)c2nc(-c3ccccc3)c(N)nc2n1,TRIAMTERENE,4,253.27,approved
CHEMBL16476,CC(C)NCC(O)c1ccc2ccccc2c1,PRONETALOL,4,229.32,approved
CHEMBL118,Cc1ccc(-c2cc(C(F)(F)F)nn2-c2ccc(S(N)(=O)=O)cc2)cc1,CELECOXIB,4,381.38,approved
CHEMBL119,COc1cc(NCc2ccc3nc(N)nc(N)c3c2C)cc(OC)c1OC,TRIMETREXATE,4,369.43,approved
CHEMBL588,Oc1ccc(C2CNCCc3c2cc(O)c(O)c3Cl)cc1,FENOLDOPAM,4,305.76,approved
CHEMBL589,CCCN(CCC)CCc1cccc2c1CC(=O)N2,ROPINIROLE,4,260.38,approved
CHEMBL590,CC1=CC(=O)c2ccccc2C1=O,MENADIONE,4,172.18,approved
CHEMBL591,C#CC(O)(/C=C/Cl)CC,ETHCHLORVYNOL,4,144.6,approved
CHEMBL17157,CC(C)(C)c1ccc(C(O)CCCN2CCC(C(O)(c3ccccc3)c3ccccc3)CC2)cc1,TERFENADINE,4,471.69,approved
CHEMBL592,CN1CC[C@]23CCCC[C@H]2[C@H]1Cc1ccc(O)cc13,LEVORPHANOL,4,257.38,approved
CHEMBL593,CC(C)Nc1cccnc1N1CCN(C(=O)c2cc3cc(NS(C)(=O)=O)ccc3[nH]2)CC1,DELAVIRDINE,4,456.57,approved
CHEMBL594,CCOCCn1c(N2CCCN(C)CC2)nc2ccccc21,EMEDASTINE,4,302.42,approved
CHEMBL595,CCc1ccc(CCOc2ccc(CC3SC(=O)NC3=O)cc2)nc1,PIOGLITAZONE,4,356.45,approved
CHEMBL596,CCC(=O)N(c1ccccc1)C1CCN(CCc2ccccc2)CC1,FENTANYL,4,336.48,approved
CHEMBL121,CN(CCOc1ccc(CC2SC(=O)NC2=O)cc1)c1ccccn1,ROSIGLITAZONE,4,357.44,approved
CHEMBL17860,CC(Oc1c(Cl)cccc1Cl)C1=NCCN1,LOFEXIDINE,4,259.14,approved
CHEMBL597,Cc1ccc(N(CC2=NCCN2)c2cccc(O)c2)cc1,PHENTOLAMINE,4,281.36,approved
CHEMBL18442,c1cc(CN2CCCNCCNCCCNCC2)ccc1CN1CCCNCCNCCCNCC1,PLERIXAFOR,4,502.8,approved
CHEMBL18116,Cc1cccc(N2CC(CO)OC2=O)c1,TOLOXATONE,4,207.23,approved
CHEMBL599,Cc1cnc(NC(=O)C2=C(O)c3ccccc3S(=O)(=O)N2C)s1,MELOXICAM,4,351.41,approved
CHEMBL600,CC(=O)N[C@@H](CS)C(=O)O,ACETYLCYSTEINE,4,163.2,approved
CHEMBL601,NCC(=O)CCC(=O)O,"AMINOLEVULINIC ACID",4,131.13,approved
CHEMBL19019,O=C1CC[C@@]2(O)[C@H]3Cc4ccc(O)c5c4[C@@]2(CCN3CC2CC2)[C@H]1O5,NALTREXONE,4,341.41,approved
CHEMBL603,COc1cc(C(=O)NS(=O)(=O)c2ccccc2C)ccc1Cc1cn(C)c2ccc(NC(=O)OC3CCCC3)cc12,ZAFIRLUKAST,4,575.69,approved
CHEMBL276568,C/C=C/C1=C(C(=O)O)N2C(=O)[C@@H](NC(=O)[C@H](N)c3ccc(O)cc3)[C@H]2SC1,"CEFPROZIL ANHYDROUS, (E)-",4,389.43,approved
CHEMBL122,CS(=O)(=O)c1ccc(C2=C(c3ccccc3)C(=O)OC2)cc1,ROFECOXIB,4,314.36,approved
CHEMBL19236,COc1nc(C)nc(Cl)c1NC1=NCCN1,MOXONIDINE,4,241.68,approved
CHEMBL19224,COc1ccc(Cc2nccc3cc(OC)c(OC)cc23)cc1OC,PAPAVERINE,4,339.39,approved
CHEMBL605,CCN(CC)CCNC(=O)c1ccc(N)cc1.Cl,"PROCAINAMIDE HYDROCHLORIDE",4,271.79,approved
CHEMBL19215,CN1C[C@H](CNC(=O)OCc2ccccc2)C[C@@H]2c3cccc4c3c(cn4C)C[C@H]21,METERGOLINE,4,403.53,approved
CHEMBL606,CCCCC(C)(O)C/C=C/[C@H]1[C@H](O)CC(=O)[C@@H]1CCCCCCC(=O)OC,MISOPROSTOL,4,382.54,approved
CHEMBL278623,CC(C)(N)C(=O)N[C@H](Cc1c[nH]c2ccccc12)C(=O)N[C@H](Cc1c[nH]c2ccccc12)NC=O,MACIMORELIN,4,474.57,approved
CHEMBL607,CCOC(=O)C1(c2ccccc2)CCN(C)CC1,MEPERIDINE,4,247.34,approved
CHEMBL282052,Cc1ccccc1-n1c(C)nc2ccccc2c1=O,METHAQUALONE,4,250.3,approved
CHEMBL608,CC(C)(Sc1cc(C(C)(C)C)c(O)c(C(C)(C)C)c1)Sc1cc(C(C)(C)C)c(O)c(C(C)(C)C)c1,PROBUCOL,4,516.86,approved
CHEMBL19299,CC(C(=O)O)c1ccc(CC2CCCC2=O)cc1,LOXOPROFEN,4,246.31,approved
CHEMBL609,NCCNCCNCCN,TRIENTINE,4,146.24,approved
CHEMBL19490,Cc1cc(CC(=O)O)n(C)c1C(=O)c1ccc(Cl)cc1,ZOMEPIRAC,4,291.73,approved
CHEMBL611,COc1cc2nc(N3CCN(C(=O)C4CCCO4)CC3)nc(N)c2cc1OC,TERAZOSIN,4,387.44,approved
CHEMBL612,C[C@H](N)Cc1ccccc1,DEXTROAMPHETAMINE,4,135.21,approved
CHEMBL282724,Cc1cc2c(cc1CC(=O)c1sccc1S(=O)(=O)Nc1onc(C)c1Cl)OCO2,SITAXENTAN,4,454.91,approved
CHEMBL614,NC(=O)c1cnccn1,PYRAZINAMIDE,4,123.11,approved
CHEMBL19449,CC(C)C(=O)c1c(C(C)C)nn2ccccc12,IBUDILAST,4,230.31,approved
CHEMBL20883,O=c1[nH]c(=O)n(C2CCCO2)cc1F,TEGAFUR,4,200.17,approved
CHEMBL615,CC1(C)S[C@@H]2[C@H](NC(=O)COc3ccccc3)C(=O)N2[C@H]1C(=O)O,"PENICILLIN V",4,350.4,approved
CHEMBL617,CC(=O)OCC1=C(C(=O)O)N2C(=O)[C@@H](NC(=O)Cc3cccs3)[C@H]2SC1,CEPHALOTHIN,4,396.45,approved
CHEMBL125,CCCCCCCCCCCCCCCCOP(=O)([O-])OCC[N+](C)(C)C,MILTEFOSINE,4,407.58,approved
CHEMBL126,CC(=O)NC[C@H]1CN(c2ccc(N3CCOCC3)c(F)c2)C(=O)O1,LINEZOLID,4,337.35,approved
CHEMBL620,C[N+]12CCC(CC1)C(OC(=O)C(O)(c1ccccc1)c1ccccc1)C2,CLIDINIUM,4,352.45,approved
CHEMBL127,C[C@@H](O)[C@H]1C(=O)N2C(C(=O)O)=C(S[C@@H]3CN[C@H](C(=O)N(C)C)C3)[C@H](C)[C@H]12,MEROPENEM,4,383.47,approved
CHEMBL621,O=c1n(CCCN2CCN(c3cccc(Cl)c3)CC2)nc2ccccn12,TRAZODONE,4,371.87,approved
CHEMBL622,CCc1cccc2c3c([nH]c12)C(CC)(CC(=O)O)OCC3,ETODOLAC,4,287.36,approved
CHEMBL22108,CC(C1=C(CCN(C)C)Cc2ccccc21)c1ccccn1,DIMETHINDENE,4,292.43,approved
CHEMBL21333,O=C(Nc1cccc2c(=O)cc(-c3nnn[nH]3)oc12)c1ccc(OCCCCc2ccccc2)cc1,PRANLUKAST,4,481.51,approved
CHEMBL623,CCc1nn(CCCN2CCN(c3cccc(Cl)c3)CC2)c(=O)n1CCOc1ccccc1,NEFAZODONE,4,470.02,approved
CHEMBL625,c1ccc2[nH]c(-c3cscn3)nc2c1,THIABENDAZOLE,4,201.25,approved
CHEMBL626,CN(C/C=C/c1ccccc1)Cc1cccc2ccccc12,NAFTIFINE,4,287.41,approved
CHEMBL277474,Cc1cc(=O)n(-c2ccccc2)n1C,ANTIPYRINE,4,188.23,approved
CHEMBL22097,CN1C(=O)C(O)N=C(c2ccccc2Cl)c2cc(Cl)ccc21,LORMETAZEPAM,4,335.19,approved
CHEMBL628,CC(=O)CCCCn1c(=O)c2c(ncn2C)n(C)c1=O,PENTOXIFYLLINE,4,278.31,approved
CHEMBL629,CN(C)CCC=C1c2ccccc2CCc2ccccc21,AMITRIPTYLINE,4,277.41,approved
CHEMBL21869,O=C(Nc1ccc(Br)cc1)c1cc(Br)ccc1O,DIBROMSALAN,4,371.03,approved
CHEMBL24944,O=C(Nc1ccc(Br)cc1)c1cc(Br)cc(Br)c1O,TRIBROMSALAN,4,449.92,approved
CHEMBL128,CNS(=O)(=O)Cc1ccc2[nH]cc(CCN(C)C)c2c1,SUMATRIPTAN,4,295.41,approved
CHEMBL631,CCCNCC(O)COc1ccccc1C(=O)CCc1ccccc1,PROPAFENONE,4,341.45,approved
CHEMBL632,C[C@H]1C[C@H]2[C@@H]3CCC4=CC(=O)C=C[C@]4(C)[C@@]3(F)[C@@H](O)C[C@]2(C)[C@@]1(O)C(=O)CO,BETAMETHASONE,4,392.47,approved
CHEMBL633,CCCCc1oc2ccccc2c1C(=O)c1cc(I)c(OCCN(CC)CC)c(I)c1,AMIODARONE,4,645.32,approved
CHEMBL634,CCC(=O)N(c1ccccc1)C1(COC)CCN(CCn2nnn(CC)c2=O)CC1,ALFENTANIL,4,416.53,approved
CHEMBL635,C[C@]12C=CC(=O)C=C1CC[C@@H]1[C@@H]2C(=O)C[C@@]2(C)[C@H]1CC[C@]2(O)C(=O)CO,PREDNISONE,4,358.43,approved
CHEMBL636,CCN(C)C(=O)Oc1cccc([C@H](C)N(C)C)c1,RIVASTIGMINE,4,250.34,approved
CHEMBL637,COc1ccc(C(CN(C)C)C2(O)CCCCC2)cc1,VENLAFAXINE,4,277.41,approved
CHEMBL129,Cc1cn([C@H]2C[C@H](N=[N+]=[N-])[C@@H](CO)O2)c(=O)[nH]c1=O,ZIDOVUDINE,4,267.24,approved
CHEMBL638,C[C@@H](c1ncncc1F)[C@](O)(Cn1cncn1)c1ccc(F)cc1F,VORICONAZOLE,4,349.32,approved
CHEMBL639,CN1CCCC(n2nc(Cc3ccc(Cl)cc3)c3ccccc3c2=O)CC1,AZELASTINE,4,381.91,approved
CHEMBL130,O=C(N[C@H](CO)[C@H](O)c1ccc([N+](=O)[O-])cc1)C(Cl)Cl,CHLORAMPHENICOL,4,323.13,approved
CHEMBL640,CCN(CC)CCNC(=O)c1ccc(N)cc1,PROCAINAMIDE,4,235.33,approved
CHEMBL641,CNCC[C@@H](Oc1ccccc1C)c1ccccc1,ATOMOXETINE,4,255.36,approved
CHEMBL642,CCCC(=O)Nc1ccc(OCC(O)CNC(C)C)c(C(C)=O)c1,ACEBUTOLOL,4,336.43,approved
CHEMBL643,CC(CN1c2ccccc2Sc2ccccc21)N(C)C,PROMETHAZINE,4,284.43,approved
CHEMBL131,C[C@]12C=CC(=O)C=C1CC[C@@H]1[C@@H]2[C@@H](O)C[C@@]2(C)[C@H]1CC[C@]2(O)C(=O)CO,PREDNISOLONE,4,360.45,approved
CHEMBL644,CC(CN(C)C)CN1c2ccccc2CCc2ccccc21,TRIMIPRAMINE,4,294.44,approved
CHEMBL645,CC(C)NCC(O)COc1ccc(COCCOC(C)C)cc1,BISOPROLOL,4,325.45,approved
CHEMBL646,Cc1nnc2n1-c1ccc(Cl)cc1C(c1ccccc1Cl)=NC2,TRIAZOLAM,4,343.22,approved
CHEMBL647,Nc1cc(Cl)c(N=C2NCCN2)c(Cl)c1,APRACLONIDINE,4,245.11,approved
CHEMBL648,CN1CCN(C(c2ccccc2)c2ccccc2)CC1,CYCLIZINE,4,266.39,approved
CHEMBL434394,OC(CNCC(O)C1CCc2cc(F)ccc2O1)C1CCc2cc(F)ccc2O1,NEBIVOLOL,4,405.44,approved
CHEMBL650,C[C@H]1C[C@@H]2[C@H]([C@@H](O)C[C@@]3(C)[C@H]2CC[C@]3(O)C(=O)CO)[C@@]2(C)C=CC(=O)C=C12,METHYLPREDNISOLONE,4,374.48,approved
CHEMBL651,CCC(=O)C(CC(C)N(C)C)(c1ccccc1)c1ccccc1,METHADONE,4,309.45,approved
CHEMBL652,O=C(NCC1CCCCN1)c1cc(OCC(F)(F)F)ccc1OCC(F)(F)F,FLECAINIDE,4,414.35,approved
CHEMBL134,Clc1cccc(Cl)c1NC1=NCCN1,CLONIDINE,4,230.1,approved
CHEMBL654,CN1CCN2c3ncccc3Cc3ccccc3C2C1,MIRTAZAPINE,4,265.36,approved
CHEMBL655,Cc1ncc2n1-c1ccc(Cl)cc1C(c1ccccc1F)=NC2,MIDAZOLAM,4,325.77,approved
CHEMBL22242,CCN1CCC[C@H]1CNC(=O)c1c(OC)ccc(Br)c1OC,REMOXIPRIDE,4,371.28,approved
CHEMBL656,COc1ccc2c3c1O[C@H]1C(=O)CC[C@@]4(O)[C@@H](C2)N(C)CC[C@]314,OXYCODONE,4,315.37,approved
CHEMBL135,C[C@]12CC[C@@H]3c4ccc(O)cc4CC[C@H]3[C@@H]1CC[C@@H]2O,ESTRADIOL,4,272.39,approved
CHEMBL657,CN(C)CCOC(c1ccccc1)c1ccccc1,DIPHENHYDRAMINE,4,255.36,approved
CHEMBL658,CCC(=O)N(c1ccccc1)C1(COC)CCN(CCc2cccs2)CC1,SUFENTANIL,4,386.56,approved
CHEMBL659,COc1ccc2c3c1O[C@H]1C[C@@H](O)C=C[C@@]31CCN(C)C2,GALANTAMINE,4,287.36,approved
CHEMBL660,NC12CC3CC(CC(C3)C1)C2,AMANTADINE,4,151.25,approved
CHEMBL661,Cc1nnc2n1-c1ccc(Cl)cc1C(c1ccccc1)=NC2,ALPRAZOLAM,4,308.77,approved
CHEMBL21731,CNCCCC12CCC(c3ccccc31)c1ccccc12,MAPROTILINE,4,277.41,approved
CHEMBL666,O=C(O)P(=O)(O)O,FOSCARNET,4,126,approved
CHEMBL667,CC(=O)OCC[N+](C)(C)C,ACETYLCHOLINE,4,146.21,approved
CHEMBL137,Cc1ncc([N+](=O)[O-])n1CCO,METRONIDAZOLE,4,171.16,approved
CHEMBL668,CNCCCC1c2ccccc2C=Cc2ccccc21,PROTRIPTYLINE,4,263.38,approved
CHEMBL669,CN(C)CCC=C1c2ccccc2C=Cc2ccccc21,CYCLOBENZAPRINE,4,275.4,approved
CHEMBL671,S=P(N1CC1)(N1CC1)N1CC1,THIOTEPA,4,189.22,approved
CHEMBL672,CC(C)OC(=O)C(C)(C)Oc1ccc(C(=O)c2ccc(Cl)cc2)cc1,FENOFIBRATE,4,360.84,approved
CHEMBL673,C#CCN(C)Cc1ccccc1,PARGYLINE,4,159.23,approved
CHEMBL25105,N=C(N)c1ccc(OCCCCCCOc2ccc(C(=N)N)cc2)cc1,HEXAMIDINE,4,354.45,approved
CHEMBL675,NCCCC(O)(P(=O)([O-])O)P(=O)(O)O.[Na+],"ALENDRONATE SODIUM",4,271.08,approved
CHEMBL677,C[C@H](N)[C@H](O)c1ccc(O)c(O)c1,LEVONORDEFRIN,4,183.21,approved
CHEMBL679,CNC[C@H](O)c1ccc(O)c(O)c1,EPINEPHRINE,4,183.21,approved
CHEMBL680,N[C@@H](C(=O)N[C@@H]1C(=O)N2C(C(=O)O)=C(Cl)CS[C@H]12)c1ccccc1,"CEFACLOR ANHYDROUS",4,367.81,approved
CHEMBL681,CCOC(=O)c1cncn1[C@H](C)c1ccccc1,ETOMIDATE,4,244.29,approved
CHEMBL682,CCN(CC)Cc1cc(Nc2ccnc3cc(Cl)ccc23)ccc1O,AMODIAQUINE,4,355.87,approved
CHEMBL684,CCN(CC)C(=O)N1CCN(C)CC1,DIETHYLCARBAMAZINE,4,199.3,approved
CHEMBL685,COC(=O)Nc1nc2cc(C(=O)c3ccccc3)ccc2[nH]1,MEBENDAZOLE,4,295.3,approved
CHEMBL23588,O=C(O)c1ccccc1Nc1cccc(C(F)(F)F)c1,"FLUFENAMIC ACID",4,281.23,approved
CHEMBL139,O=C(O)Cc1ccccc1Nc1c(Cl)cccc1Cl,DICLOFENAC,4,296.15,approved
CHEMBL686,Cc1cccc(Nc2ccccc2C(=O)O)c1C,"MEFENAMIC ACID",4,241.29,approved
CHEMBL688,CCC(=O)N(c1ccccc1)C1CCN(CCc2ccccc2)CC1.O=C(O)CC(O)(CC(=O)O)C(=O)O,"FENTANYL CITRATE",4,528.6,approved
CHEMBL278398,CN1CCC2=C(C1)C(c1ccccc1)c1ccccc12,PHENINDAMINE,4,261.37,approved
CHEMBL689,OC[C@@H](O)[C@@H](O)[C@H](O)[C@H](O)CO,MANNITOL,4,182.17,approved
CHEMBL690,CC[C@H](C)C(=O)O[C@H]1C[C@H](O)C=C2C=C[C@H](C)[C@H](CC[C@@H](O)C[C@@H](O)CC(=O)[O-])[C@H]21.[Na+],"PRAVASTATIN SODIUM",4,446.52,approved
CHEMBL24072,CC(Cc1ccccc1)NCCC(c1ccccc1)c1ccccc1,PRENYLAMINE,4,329.49,approved
CHEMBL24171,COc1c2ccoc2cc2oc(=O)ccc12,BERGAPTEN,4,216.19,approved
CHEMBL691,C#C[C@]1(O)CC[C@H]2[C@@H]3CCc4cc(O)ccc4[C@H]3CC[C@@]21C,"ETHINYL ESTRADIOL",4,296.41,approved
CHEMBL695,CN1C(=O)OC(C)(C)C1=O,TRIMETHADIONE,4,143.14,approved
CHEMBL696,CCC1(C)CC(=O)NC1=O,ETHOSUXIMIDE,4,141.17,approved
CHEMBL697,CN1C(=O)CC(C)(c2ccccc2)C1=O,METHSUXIMIDE,4,203.24,approved
CHEMBL698,CCCCNc1ccc(C(=O)OCCN(C)C)cc1,TETRACAINE,4,264.37,approved
CHEMBL24441,CNCCc1ccccn1,BETAHISTINE,4,136.2,approved
CHEMBL700,Nc1ccc(S(=O)(=O)Nc2ccccn2)cc1,SULFAPYRIDINE,4,249.3,approved
CHEMBL701,NCC(CC(=O)O)c1ccc(Cl)cc1,BACLOFEN,4,213.66,approved
CHEMBL702,CCN1CCN(C(=O)N[C@@H](C(=O)N[C@@H]2C(=O)N3[C@@H]2SC(C)(C)[C@@H]3C(=O)O)c2ccccc2)C(=O)C1=O,PIPERACILLIN,4,517.56,approved
CHEMBL703,C[N+](C)(C)CCOC(=O)CCC(=O)OCC[N+](C)(C)C,SUXAMETHONIUM,4,290.4,approved
CHEMBL704,Nc1ccc(O)c(C(=O)O)c1,MESALAMINE,4,153.14,approved
CHEMBL705,CC1=C(/C=C/C(C)=C\C=C\C(C)=C\C(=O)O)C(C)(C)CCC1,ALITRETINOIN,4,300.44,approved
CHEMBL706,CCCCCCCCCCCCCCCCO,"CETYL ALCOHOL",4,242.45,approved
CHEMBL24778,C[C@H](Cc1cc2c(c(C(N)=O)c1)N(CCCO)CC2)NCCOc1ccccc1OCC(F)(F)F,SILODOSIN,4,495.54,approved
CHEMBL282468,C[N+](C)(C)CCO.[Cl-],"CHOLINE CHLORIDE",4,139.63,approved
CHEMBL707,COc1cc2nc(N3CCN(C(=O)C4COc5ccccc5O4)CC3)nc(N)c2cc1OC,DOXAZOSIN,4,451.48,approved
CHEMBL279516,O=C(NC1CCN(CCc2c[nH]c3ccccc23)CC1)c1ccccc1,INDORAMIN,4,347.46,approved
CHEMBL24828,COc1cc2/c(=N/c3ccc(Br)cc3F)nc[nH]c2cc1OCC1CCN(C)CC1,VANDETANIB,4,475.36,approved
CHEMBL278819,Cc1cc(-c2ccccc2)nnc1NCCN1CCOCC1,MINAPRINE,4,298.39,approved
CHEMBL25202,CC1(C)CCC(C)(C)c2cc(NC(=O)c3ccc(C(=O)O)cc3)ccc21,TAMIBAROTENE,4,351.45,approved
CHEMBL708,O=C1Cc2cc(CCN3CCN(c4nsc5ccccc45)CC3)c(Cl)cc2N1,ZIPRASIDONE,4,412.95,approved
CHEMBL709,COc1cc2nc(N(C)CCCNC(=O)C3CCCO3)nc(N)c2cc1OC,ALFUZOSIN,4,389.46,approved
CHEMBL710,CC(C)(C)NC(=O)[C@H]1CC[C@H]2[C@@H]3CC[C@H]4NC(=O)C=C[C@]4(C)[C@H]3CC[C@]12C,FINASTERIDE,4,372.55,approved
CHEMBL711,O=C1c2ccccc2C(=O)C1c1ccccc1,PHENINDIONE,4,222.24,approved
CHEMBL712,COc1ccc(C2C(=O)c3ccccc3C2=O)cc1,ANISINDIONE,4,252.27,approved
CHEMBL24924,O=C1c2ccccc2C(=O)C1c1ccc(F)cc1,FLUINDIONE,4,240.23,approved
CHEMBL713,C=C1[C@H](CO)[C@@H](O)C[C@@H]1n1cnc2c(=O)[nH]c(N)nc21,"ENTECAVIR ANHYDROUS",4,277.28,approved
CHEMBL141,Nc1ccn([C@@H]2CS[C@H](CO)O2)c(=O)n1,LAMIVUDINE,4,229.26,approved
CHEMBL714,CC(C)(C)NCC(O)c1ccc(O)c(CO)c1,ALBUTEROL,4,239.31,approved
CHEMBL715,Cc1cc2c(s1)Nc1ccccc1N=C2N1CCN(C)CC1,OLANZAPINE,4,312.44,approved
CHEMBL716,OCCOCCN1CCN(C2=Nc3ccccc3Sc3ccccc32)CC1,QUETIAPINE,4,383.52,approved
CHEMBL285802,CN(C)CCOC1=Cc2ccccc2Sc2ccc(Cl)cc21,ZOTEPINE,4,331.87,approved
CHEMBL28333,CN1CCN=C(c2ccccc2)c2cc(Cl)ccc21,MEDAZEPAM,4,270.76,approved
CHEMBL717,CC(=O)O[C@]1(C(C)=O)CC[C@H]2[C@@H]3C[C@H](C)C4=CC(=O)CC[C@]4(C)[C@H]3CC[C@@]21C,"MEDROXYPROGESTERONE ACETATE",4,386.53,approved
CHEMBL28218,O=C(CCCN1CCC(O)(c2ccc(Br)cc2)CC1)c1ccc(F)cc1,BROMPERIDOL,4,420.32,approved
CHEMBL719,C/C(=C\C(=O)OCCCCCCCCC(=O)O)C[C@@H]1OC[C@H](C[C@@H]2O[C@H]2[C@@H](C)[C@H](C)O)[C@@H](O)[C@H]1O,MUPIROCIN,4,500.63,approved
CHEMBL27810,CCN(CC)C(=O)Nc1ccc(OCC(O)CNC(C)(C)C)c(C(C)=O)c1,CELIPROLOL,4,379.5,approved
CHEMBL434200,CC(C)(C)NCC(O)COc1cccc2c1SCCC2,TERTATOLOL,4,295.45,approved
CHEMBL723,COc1ccccc1OCCNCC(O)COc1cccc2[nH]c3ccccc3c12,CARVEDILOL,4,406.48,approved
CHEMBL726,OCCN1CCN(CCCN2c3ccccc3Sc3ccc(C(F)(F)F)cc32)CC1,FLUPHENAZINE,4,437.53,approved
CHEMBL727,Nc1nc2[nH]cnc2c(=S)[nH]1,THIOGUANINE,4,167.2,approved
CHEMBL27193,C[C@H](CCc1ccccc1)NC[C@H](O)c1ccc(O)c(C(N)=O)c1,DILEVALOL,4,328.41,approved
CHEMBL728,CN1CCN(CCCN2c3ccccc3Sc3ccc(Cl)cc32)CC1,PROCHLORPERAZINE,4,373.95,approved
CHEMBL729,Cc1cccc(C)c1OCC(=O)N[C@@H](Cc1ccccc1)[C@@H](O)C[C@H](Cc1ccccc1)NC(=O)[C@H](C(C)C)N1CCCNC1=O,LOPINAVIR,4,628.81,approved
CHEMBL730,O=[N+]([O-])OCC(CO[N+](=O)[O-])O[N+](=O)[O-],NITROGLYCERIN,4,227.08,approved
CHEMBL30116,CCn1cc(C(=O)O)c(=O)c2cnc(N3CCNCC3)nc21,"PIPEMIDIC ACID",4,303.32,approved
CHEMBL284906,O=C(NCCO[N+](=O)[O-])c1cccnc1,NICORANDIL,4,211.18,approved
CHEMBL282121,CCN(CCCCOC(=O)c1ccc(OC)c(OC)c1)C(C)Cc1ccc(OC)cc1,MEBEVERINE,4,429.56,approved
CHEMBL738,CCCC(C)C1(CC)C(=O)[N-]C(=S)NC1=O.[Na+],"THIOPENTAL SODIUM",4,264.33,approved
CHEMBL29411,Cc1ccc(C(C)C)c(O)c1,THYMOL,4,150.22,approved
CHEMBL30219,C=CCC1(C(C)C#CCC)C(=O)N=C([O-])N(C)C1=O.[Na+],"METHOHEXITAL SODIUM",4,284.29,approved
CHEMBL741,Nc1nnc(-c2cccc(Cl)c2Cl)c(N)n1,LAMOTRIGINE,4,256.1,approved
CHEMBL30008,Fc1ccc(C(c2ccc(F)cc2)N2CCN(C/C=C/c3ccccc3)CC2)cc1,FLUNARIZINE,4,404.5,approved
CHEMBL742,CNC1(c2ccccc2Cl)CCCCC1=O,KETAMINE,4,237.73,approved
CHEMBL744,Nc1nc2ccc(OC(F)(F)F)cc2s1,RILUZOLE,4,234.2,approved
CHEMBL746,CCCc1c2oc(C(=O)O)cc(=O)c2cc2c(=O)cc(C(=O)O)n(CC)c12,NEDOCROMIL,4,371.35,approved
CHEMBL748,C[n+]1ccccc1/C=N/O.[Cl-],"PRALIDOXIME CHLORIDE",4,172.62,approved
CHEMBL282575,C[C@]12CC[C@@H]3c4ccc(OC(=O)c5ccccc5)cc4CC[C@H]3[C@@H]1CC[C@@H]2O,"ESTRADIOL BENZOATE",4,376.5,approved
CHEMBL750,NS(=O)(=O)Cc1noc2ccccc12,ZONISAMIDE,4,212.23,approved
CHEMBL752,Nc1ncnc2c1ncn2[C@@H]1O[C@H](COP(=O)(O)O)[C@@H](O)[C@H]1O,"ADENOSINE PHOSPHATE",4,347.22,approved
CHEMBL753,CC(COc1ccccc1)N(CCCl)Cc1ccccc1,PHENOXYBENZAMINE,4,303.83,approved
CHEMBL754,O=C([O-])P(=O)([O-])[O-].[Na+].[Na+].[Na+],"FOSCARNET SODIUM",4,191.95,approved
CHEMBL760,O=C1CN2Cc3c(ccc(Cl)c3Cl)N=C2N1,ANAGRELIDE,4,256.09,approved
CHEMBL761,c1ccc2c(CC3=NCCN3)cccc2c1,NAPHAZOLINE,4,210.28,approved
CHEMBL762,Cc1cc(C(C)(C)C)c(O)c(C)c1CC1=NCCN1,OXYMETAZOLINE,4,260.38,approved
CHEMBL765,N=C(N)NCCN1CCCCCCC1,GUANETHIDINE,4,198.31,approved
CHEMBL766,CC1(C)C[C@@H]1C(=O)N/C(=C\CCCCSC[C@H](N)C(=O)O)C(=O)O,CILASTATIN,4,358.46,approved
CHEMBL768,COC(=O)CCc1ccc(OCC(O)CNC(C)C)cc1,ESMOLOL,4,295.38,approved
CHEMBL770,c1ccc(CC2=NCCN2)cc1,TOLAZOLINE,4,160.22,approved
CHEMBL148,C[C@@H](O)[C@H]1C(=O)N2C(C(=O)O)=C(SCCNC=N)C[C@H]12,IMIPENEM,4,299.35,approved
CHEMBL772,COC(=O)[C@H]1[C@H]2C[C@@H]3c4[nH]c5cc(OC)ccc5c4CCN3C[C@H]2C[C@@H](OC(=O)c2cc(OC)c(OC)c(OC)c2)[C@@H]1OC,RESERPINE,4,608.69,approved
CHEMBL776,CC(C)NCC(O)c1cc(O)cc(O)c1,METAPROTERENOL,4,211.26,approved
CHEMBL777,O=C(O)[C@H]1/C(=C/CO)O[C@@H]2CC(=O)N21,"CLAVULANIC ACID",4,199.16,approved
CHEMBL778,Cc1cccc([C@H](C)c2c[nH]cn2)c1C,DEXMEDETOMIDINE,4,200.28,approved
CHEMBL779,CN1CC(=O)N2[C@H](c3ccc4c(c3)OCO4)c3[nH]c4ccccc4c3C[C@@H]2C1=O,TADALAFIL,4,389.41,approved
CHEMBL33986,Oc1ccc2c(c1)[C@@]13CCCC[C@@]1(O)[C@@H](C2)N(CC1CCC1)CC3,BUTORPHANOL,4,327.47,approved
CHEMBL780,O=C(O)CN(CCN(CC(=O)O)CC(=O)O)CCN(CC(=O)O)CC(=O)O,"PENTETIC ACID",4,393.35,approved
CHEMBL781,OC1(c2ccc(Cl)cc2)c2ccccc2C2=NCCN21,MAZINDOL,4,284.75,approved
CHEMBL290106,Oc1c(Cl)cc(Cl)cc1Sc1cc(Cl)cc(Cl)c1O,BITHIONOL,4,356.06,approved
CHEMBL782,CCCCNC(=O)NS(=O)(=O)c1ccc(C)cc1,TOLBUTAMIDE,4,270.35,approved
CHEMBL783,CC(C)[C@H]1CC[C@H](C(=O)N[C@H](Cc2ccccc2)C(=O)O)CC1,NATEGLINIDE,4,317.43,approved
CHEMBL33864,O=C(O)CCCCC1CCSS1,"LIPOIC ACID, ALPHA",4,206.33,approved
CHEMBL786,CC/C(=C(\c1ccccc1)c1ccc(OCCN(C)C)cc1)c1ccccc1.O=C(O)CC(O)(CC(=O)O)C(=O)O,"TAMOXIFEN CITRATE",4,563.65,approved
CHEMBL787,CC(C)(O)c1ccccc1CC[C@@H](SCC1(CC(=O)O)CC1)c1cccc(/C=C/c2ccc3ccc(Cl)cc3n2)c1,MONTELUKAST,4,586.2,approved
CHEMBL788,O=c1[nH]c(=O)n([C@H]2C[C@H](O)[C@@H](CO)O2)cc1I,IDOXURIDINE,4,354.1,approved
CHEMBL36506,CO[C@@H]1[C@@H](OC(N)=O)[C@@H](O)[C@H](Oc2ccc3c(O)c(NC(=O)c4ccc(O)c(CC=C(C)C)c4)c(=O)oc3c2C)OC1(C)C,NOVOBIOCIN,4,612.63,approved
CHEMBL152,Nc1ccn(C[C@@H](CO)OCP(=O)(O)O)c(=O)n1,"CIDOFOVIR ANHYDROUS",4,279.19,approved
CHEMBL790,N=C(NCCCCCCNC(=N)NC(=N)Nc1ccc(Cl)cc1)NC(=N)Nc1ccc(Cl)cc1,CHLORHEXIDINE,4,505.46,approved
CHEMBL32800,CC(Cc1ccc(O)cc1)NCC(O)c1cc(O)cc(O)c1,FENOTEROL,4,303.36,approved
CHEMBL796,COC(=O)C(c1ccccc1)C1CCCCN1,METHYLPHENIDATE,4,233.31,approved
CHEMBL285674,Clc1ccc2c(c1)C(c1ccccc1)=NCc1nncn1-2,ESTAZOLAM,4,294.75,approved
CHEMBL797,CN1C(=O)CC(c2ccccc2)C1=O,PHENSUXIMIDE,4,189.21,approved
CHEMBL34259,CN(Cc1cnc2nc(N)nc(N)c2n1)c1ccc(C(=O)N[C@@H](CCC(=O)O)C(=O)O)cc1,METHOTREXATE,4,454.45,approved
CHEMBL284092,CC1(C)CC(=O)N(CCCCN2CCN(c3ncccn3)CC2)C(=O)C1,GEPIRONE,4,359.47,approved
CHEMBL799,O=C1CCc2cc(OCCCCc3nnnn3C3CCCCC3)ccc2N1,CILOSTAZOL,4,369.47,approved
CHEMBL802,Nc1cc(N2CCCCC2)nc(N)[n+]1[O-],MINOXIDIL,4,209.25,approved
CHEMBL154,COc1ccc2cc([C@H](C)C(=O)O)ccc2c1,NAPROXEN,4,230.26,approved
CHEMBL416956,OC(c1cc(C(F)(F)F)nc2c(C(F)(F)F)cccc12)C1CCCCN1,MEFLOQUINE,4,378.32,approved
CHEMBL803,Nc1ccn([C@@H]2O[C@H](CO)[C@@H](O)[C@@H]2O)c(=O)n1,CYTARABINE,4,243.22,approved
CHEMBL806,CC(C)C(=O)Nc1ccc([N+](=O)[O-])c(C(F)(F)F)c1,FLUTAMIDE,4,276.21,approved
CHEMBL807,CC12CC3CC(C)(C1)CC(N)(C3)C2,MEMANTINE,4,179.31,approved
CHEMBL808,Clc1ccc(COC(Cn2ccnc2)c2ccc(Cl)cc2Cl)cc1,ECONAZOLE,4,381.69,approved
CHEMBL809,CN[C@H]1CC[C@@H](c2ccc(Cl)c(Cl)c2)c2ccccc21,SERTRALINE,4,306.24,approved
CHEMBL36715,NC(=O)CN1CCCC1=O,PIRACETAM,4,142.16,approved
CHEMBL810,Cn1nnc2c(C(N)=O)ncn2c1=O,TEMOZOLOMIDE,4,194.15,approved
CHEMBL37390,CC(O)Cn1cnc2c1c(=O)n(C)c(=O)n2C,PROXYPHYLLINE,4,238.25,approved
CHEMBL811,CN(C)CCC(c1ccc(Br)cc1)c1ccccn1,BROMPHENIRAMINE,4,319.25,approved
CHEMBL37744,CN(C)C/C=C(/c1ccc(Br)cc1)c1cccnc1,ZIMELDINE,4,317.23,approved
CHEMBL812,CN(C)C(=O)Oc1ccc[n+](C)c1.[Br-],"PYRIDOSTIGMINE BROMIDE",4,261.12,approved
CHEMBL813,CCCCc1ncc(/C=C(\Cc2cccs2)C(=O)O)n1Cc1ccc(C(=O)O)cc1,EPROSARTAN,4,424.52,approved
CHEMBL289469,CN1C2CCCC1CC(NC(=O)c1nn(C)c3ccccc13)C2,GRANISETRON,4,312.42,approved
CHEMBL814,COCCCC/C(=N\OCCN)c1ccc(C(F)(F)F)cc1,FLUVOXAMINE,4,318.34,approved
CHEMBL815,CCCCC[C@H](O)/C=C/[C@@H]1[C@@H](C/C=C\CCCC(=O)O)[C@@H](O)C[C@H]1O,DINOPROST,4,354.49,approved
CHEMBL39736,CCCCNC(=N)NC(=N)N,BUFORMIN,4,157.22,approved
CHEMBL38827,CCCCN(CCCC)CC(O)c1cc(Cl)cc2c1-c1ccc(Cl)cc1/C2=C/c1ccc(Cl)cc1,LUMEFANTRINE,4,528.95,approved
CHEMBL817,Cc1ccc(S(=O)(=O)NC(=O)NN2CCCCCC2)cc1,TOLAZAMIDE,4,311.41,approved
CHEMBL818,N=C(N)NCc1cccc(I)c1,IOBENGUANE,4,275.09,approved
CHEMBL819,Cc1onc(-c2ccccc2)c1C(=O)N[C@@H]1C(=O)N2[C@@H]1SC(C)(C)[C@@H]2C(=O)O,OXACILLIN,4,401.44,approved
CHEMBL290960,CC1CS(=O)(=O)CCN1/N=C/c1ccc([N+](=O)[O-])o1,NIFURTIMOX,4,287.3,approved
CHEMBL820,CS(=O)(=O)OCCCCOS(C)(=O)=O,BUSULFAN,4,246.31,approved
CHEMBL822,CN(C/C=C/C#CC(C)(C)C)Cc1cccc2ccccc12,TERBINAFINE,4,291.44,approved
CHEMBL826,CCn1cc(C(=O)O)c(=O)c2cc(F)c(N3CCNCC3)nc21,ENOXACIN,4,320.32,approved
CHEMBL827,COC(=O)[C@H](c1ccccc1)[C@H]1CCCCN1,DEXMETHYLPHENIDATE,4,233.31,approved
CHEMBL264374,CC(C)(Oc1ccc(CCNC(=O)c2ccc(Cl)cc2)cc1)C(=O)O,BEZAFIBRATE,4,361.83,approved
CHEMBL829,CC(CN(C)C)CN1c2ccccc2Sc2ccccc21,METHYLPROMAZINE,4,298.45,approved
CHEMBL43128,COc1cc(NC(C)CCCN)c2ncccc2c1.O=P(O)(O)O.O=P(O)(O)O,"PRIMAQUINE PHOSPHATE",4,455.34,approved
CHEMBL830,NCCCC(N)(C(=O)O)C(F)F,EFLORNITHINE,4,182.17,approved
CHEMBL831,CN1CCN(C2=Nc3ccccc3Oc3ccc(Cl)cc32)CC1,LOXAPINE,4,327.81,approved
CHEMBL832,O=C1C(CC[S+]([O-])c2ccccc2)C(=O)N(c2ccccc2)N1c1ccccc1,SULFINPYRAZONE,4,404.49,approved
CHEMBL288470,Cc1c(N(C)C)c(=O)n(-c2ccccc2)n1C,AMINOPYRINE,4,231.3,approved
CHEMBL833,Clc1ccccc1CN1CCc2sccc2C1,TICLOPIDINE,4,263.79,approved
CHEMBL290916,CC1=NN(c2ccccc2)C(=O)C1,EDARAVONE,4,174.2,approved
CHEMBL834,NCCC(O)(P(=O)(O)O)P(=O)(O)O,"PAMIDRONIC ACID",4,235.07,approved
CHEMBL289480,C1COC(NC(C2CC2)C2CC2)=N1,RILMENIDINE,4,180.25,approved
CHEMBL291157,CCn1cc(C(=O)O)c(=O)c2ccc(-c3ccncc3)cc21,ROSOXACIN,4,294.31,approved
CHEMBL836,CCOc1ccccc1OCCN[C@H](C)Cc1ccc(OC)c(S(N)(=O)=O)c1,TAMSULOSIN,4,408.52,approved
CHEMBL158,C[C@H]1[C@H](NC(=O)/C(=N\OC(C)(C)C(=O)O)c2csc(N)n2)C(=O)N1S(=O)(=O)O,AZTREONAM,4,435.44,approved
CHEMBL44354,CC(C)(O/N=C(\C(=O)N[C@@H]1C(=O)N2C(C(=O)[O-])=C(C[n+]3ccccc3)CS[C@H]12)c1csc(N)n1)C(=O)O,CEFTAZIDIME,4,546.59,approved
CHEMBL838,CCOC(=O)[C@H](CCc1ccccc1)N[C@H]1CCc2ccccc2N(CC(=O)O)C1=O,BENAZEPRIL,4,424.5,approved
CHEMBL41286,CC(=O)Oc1cccc2c1C(=O)c1c(OC(C)=O)cc(C(=O)O)cc1C2=O,DIACEREIN,4,368.3,approved
CHEMBL41355,CCOC(=O)Nc1ccc(NCc2ccc(F)cc2)cc1N,EZOGABINE,4,303.34,approved
CHEMBL288441,COc1cc(Nc2c(C#N)cnc3cc(OCCCN4CCN(C)CC4)c(OC)cc23)c(Cl)cc1Cl,BOSUTINIB,4,530.46,approved
CHEMBL839,CC(C)(C)NCC(O)COc1cccc2c1CCC(=O)N2,CARTEOLOL,4,292.38,approved
CHEMBL841,CN(C)C(=O)C(CCN1CCC(O)(c2ccc(Cl)cc2)CC1)(c1ccccc1)c1ccccc1,LOPERAMIDE,4,477.05,approved
CHEMBL842,NS(=O)(=O)c1cc2c(cc1Cl)N=CNS2(=O)=O,CHLOROTHIAZIDE,4,295.73,approved
CHEMBL843,CN(CCOc1ccc(CC2SC(=O)NC2=O)cc1)c1ccccn1.O=C(O)/C=C\C(=O)O,"ROSIGLITAZONE MALEATE",4,473.51,approved
CHEMBL844,Brc1c(NC2=NCCN2)ccc2nccnc12,BRIMONIDINE,4,292.14,approved
CHEMBL43452,Nc1cccc2c1C(=O)N(C1CCC(=O)NC1=O)C2=O,POMALIDOMIDE,4,273.25,approved
CHEMBL846,C=C1/C(=C\C=C2/CCC[C@]3(C)[C@@H]([C@H](C)CCCC(C)(C)O)CC[C@@H]23)C[C@@H](O)C[C@@H]1O,CALCITRIOL,4,416.65,approved
CHEMBL847,CC(C)NCC1CCc2cc(CO)c([N+](=O)[O-])cc2N1,OXAMNIQUINE,4,279.34,approved
CHEMBL848,Nc1cccc2c1CN(C1CCC(=O)NC1=O)C2=O,LENALIDOMIDE,4,259.26,approved
CHEMBL42336,CSCC[C@H](N)C(=O)O,METHIONINE,4,149.21,approved
CHEMBL849,Oc1cc(Cl)ccc1Oc1ccc(Cl)cc1Cl,TRICLOSAN,4,289.55,approved
CHEMBL850,C[C@@H]1CN(c2c(F)c(N)c3c(=O)c(C(=O)O)cn(C4CC4)c3c2F)C[C@H](C)N1,SPARFLOXACIN,4,392.41,approved
CHEMBL852,N[C@@H](Cc1ccc(N(CCCl)CCCl)cc1)C(=O)O,MELPHALAN,4,305.21,approved
CHEMBL297302,O=C(CCCN1CCC(n2c(=O)[nH]c3ccccc32)CC1)c1ccc(F)cc1,BENPERIDOL,4,381.45,approved
CHEMBL853,Nc1ccn([C@H]2CC[C@@H](CO)O2)c(=O)n1,ZALCITABINE,4,211.22,approved
CHEMBL855,Cc1ccc(/C(=C\CN2CCCC2)c2ccccn2)cc1,TRIPROLIDINE,4,278.4,approved
CHEMBL45029,CCC1(c2ccccc2)C(=O)NC(=O)N(C)C1=O,MEPHOBARBITAL,4,246.27,approved
CHEMBL46399,CC1C2Cc3ccc(O)cc3C1(C)CCN2CCc1ccccc1,PHENAZOCINE,4,321.46,approved
CHEMBL296419,COc1ccc(CCN2CCC(Nc3nc4ccccc4n3Cc3ccc(F)cc3)CC2)cc1,ASTEMIZOLE,4,458.58,approved
CHEMBL46740,Cc1c(-c2ccc(O)cc2)n(Cc2ccc(OCCN3CCCCCC3)cc2)c2ccc(O)cc12,BAZEDOXIFENE,4,470.61,approved
CHEMBL856,CCC1(c2ccccc2)C(=O)NCNC1=O,PRIMIDONE,4,218.26,approved
CHEMBL857,O=C(O)CCCC[C@@H]1SC[C@@H]2NC(=O)N[C@@H]21,BIOTIN,4,244.32,approved
CHEMBL859,Oc1nc(O)c2cn[nH]c2n1,OXYPURINOL,4,152.11,approved
CHEMBL861,CCC1(c2ccccc2)NC(=O)N(C)C1=O,MEPHENYTOIN,4,218.26,approved
CHEMBL46917,CNC(=O)Oc1cccc2ccccc12,CARBARIL,4,201.22,approved
CHEMBL862,N=C(N)NC(=O)Cc1c(Cl)cccc1Cl,GUANFACINE,4,246.1,approved
CHEMBL863,N[C@@H](CS)C(=O)O,CYSTEINE,4,121.16,approved
CHEMBL46516,O=C1NCN(c2ccccc2)C12CCN(CCCC(c1ccc(F)cc1)c1ccc(F)cc1)CC2,FLUSPIRILENE,4,475.58,approved
CHEMBL864,CN(C)CCOC(c1ccc(Cl)cc1)c1ccccn1,CARBINOXAMINE,4,290.79,approved
CHEMBL43064,C(=C/c1ccccc1)\CN1CCN(C(c2ccccc2)c2ccccc2)CC1,CINNARIZINE,4,368.52,approved
CHEMBL46469,O=C1c2c(O)cccc2Cc2cccc(O)c21,ANTHRALIN,4,226.23,approved
CHEMBL865,Cc1onc(-c2ccccc2)c1-c1ccc(S(N)(=O)=O)cc1,VALDECOXIB,4,314.37,approved
CHEMBL296913,CCC(=O)[N-]S(=O)(=O)c1ccc(-c2c(-c3ccccc3)noc2C)cc1.[Na+],"PARECOXIB SODIUM",4,392.41,approved
CHEMBL44884,CC[C@@H](CO)NCCN[C@@H](CC)CO,ETHAMBUTOL,4,204.31,approved
CHEMBL866,COc1c(C)c2c(c(O)c1C/C=C(\C)CCC(=O)O)C(=O)OC2,"MYCOPHENOLIC ACID",4,320.34,approved
CHEMBL867,CCC(Cc1c(I)cc(I)c(N)c1I)C(=O)O,"IOPANOIC ACID",4,570.93,approved
CHEMBL46286,COC(=O)C[C@](O)(CCCC(C)(C)O)C(=O)O[C@@H]1C(OC)=C[C@]23CCCN2CCc2cc4c(cc2[C@H]13)OCO4,"OMACETAXINE MEPESUCCINATE",4,545.63,approved
CHEMBL48449,C[C@@]12C(=O)OC(=O)[C@]1(C)[C@H]1CC[C@@H]2O1,CANTHARIDIN,4,196.2,approved
CHEMBL869,NC(=O)N/N=C/c1ccc([N+](=O)[O-])o1,NITROFURAZONE,4,198.14,approved
CHEMBL870,NCCCC(O)(P(=O)(O)O)P(=O)(O)O,"ALENDRONIC ACID",4,249.1,approved
CHEMBL871,CC(O)(P(=O)(O)O)P(=O)(O)O,"ETIDRONIC ACID",4,206.03,approved
CHEMBL45816,COCC(=O)O[C@]1(CCN(C)CCCc2nc3ccccc3[nH]2)CCc2cc(F)ccc2[C@@H]1C(C)C,MIBEFRADIL,4,495.64,approved
CHEMBL295698,CC(=O)N1CCN(c2ccc(OC[C@@H]3CO[C@@](Cn4ccnc4)(c4ccc(Cl)cc4Cl)O3)cc2)CC1,LEVOKETOCONAZOLE,4,531.44,approved
CHEMBL298470,COc1cc(C)c2c(Oc3cccc(C(F)(F)F)c3)c(OC)cc(NC(C)CCCN)c2n1,TAFENOQUINE,4,463.5,approved
CHEMBL877,NC[C@H]1CC[C@H](C(=O)O)CC1,"TRANEXAMIC ACID",4,157.21,approved
CHEMBL878,Cc1ccccc1N1C(=O)c2cc(S(N)(=O)=O)c(Cl)cc2NC1C,METOLAZONE,4,365.84,approved
CHEMBL880,CC(=O)OCC(CCn1cnc2cnc(N)nc21)COC(C)=O,FAMCICLOVIR,4,321.34,approved
CHEMBL49080,CC(C)(C)NCC(O)c1cc(Cl)c(N)c(Cl)c1,CLENBUTEROL,4,277.19,approved
CHEMBL885,Nc1nc(=O)n([C@@H]2CS[C@H](CO)O2)cc1F,EMTRICITABINE,4,247.25,approved
CHEMBL887,C#CCN[C@@H]1CCc2ccccc21,RASAGILINE,4,171.24,approved
CHEMBL888,Nc1ccn([C@@H]2O[C@H](CO)[C@@H](O)C2(F)F)c(=O)n1,GEMCITABINE,4,263.2,approved
CHEMBL296306,OC[C@H]1O[C@@H](O[C@@H]2[C@@H](CO)O[C@](O)(CO)[C@H]2O)[C@H](O)[C@@H](O)[C@H]1O,LACTULOSE,4,342.3,approved
CHEMBL48582,CS(=O)(=O)O.C[C@H](NCc1ccc(OCc2cccc(F)c2)cc1)C(N)=O,"SAFINAMIDE MESYLATE",4,398.46,approved
CHEMBL891,Cc1onc(-c2ccccc2Cl)c1C(=O)N[C@@H]1C(=O)N2[C@@H]1SC(C)(C)[C@@H]2C(=O)O,CLOXACILLIN,4,435.89,approved
CHEMBL299400,O=C(O)C(O)C(O)C(=O)O.Oc1ccc2c(c1)[C@@]13CCCC[C@@]1(O)[C@@H](C2)N(CC1CCC1)CC3,"BUTORPHANOL TARTRATE",4,477.55,approved
CHEMBL893,Cc1onc(-c2c(Cl)cccc2Cl)c1C(=O)N[C@@H]1C(=O)N2[C@@H]1SC(C)(C)[C@@H]2C(=O)O,DICLOXACILLIN,4,470.33,approved
CHEMBL894,CC(NC(C)(C)C)C(=O)c1cccc(Cl)c1,BUPROPION,4,239.75,approved
CHEMBL895,Oc1ccc2c3c1O[C@H]1[C@@H](O)CC[C@@]4(O)[C@@H](C2)N(CC2CCC2)CC[C@]314,NALBUPHINE,4,357.45,approved
CHEMBL52440,COc1ccc2c(c1)[C@]13CCCC[C@@H]1[C@H](C2)N(C)CC3,DEXTROMETHORPHAN,4,271.4,approved
CHEMBL896,OCCOCCN1CCN(C(c2ccccc2)c2ccc(Cl)cc2)CC1,HYDROXYZINE,4,374.91,approved
CHEMBL897,CCCN(CCC)S(=O)(=O)c1ccc(C(=O)O)cc1,PROBENECID,4,285.37,approved
CHEMBL898,O=C(O)c1cc(-c2ccc(F)cc2F)ccc1O,DIFLUNISAL,4,250.2,approved
CHEMBL900,Cc1ccccc1C(OCCN(C)C)c1ccccc1,ORPHENADRINE,4,269.39,approved
CHEMBL902,NC(N)=Nc1nc(CSCC/C(N)=N/S(N)(=O)=O)cs1,FAMOTIDINE,4,337.46,approved
CHEMBL53292,Cc1cc(NC(=O)C2=C(O)c3ccccc3S(=O)(=O)N2C)no1,ISOXICAM,4,335.34,approved
CHEMBL53463,COc1cccc2c1C(=O)c1c(O)c3c(c(O)c1C2=O)C[C@@](O)(C(=O)CO)C[C@@H]3O[C@H]1C[C@H](N)[C@H](O)[C@H](C)O1,DOXORUBICIN,4,543.53,approved
CHEMBL904,COC(=O)[C@H](c1ccccc1)[C@H]1CCCCN1.Cl,"DEXMETHYLPHENIDATE HYDROCHLORIDE",4,269.77,approved
CHEMBL905,CN(C)CCc1c[nH]c2ccc(Cn3cncn3)cc12,RIZATRIPTAN,4,269.35,approved
CHEMBL54126,CN(C)C(=O)Oc1cccc([N+](C)(C)C)c1.[Br-],"NEOSTIGMINE BROMIDE",4,303.2,approved
CHEMBL908,CN(C)CC/C=C1/c2ccccc2Sc2ccc(Cl)cc21,CHLORPROTHIXENE,4,315.87,approved
CHEMBL911,Cc1ccc(-c2nc3ccc(C)cn3c2CC(=O)N(C)C)cc1,ZOLPIDEM,4,307.4,approved
CHEMBL914,CC(C)(C(=O)O)c1ccc(C(O)CCCN2CCC(C(O)(c3ccccc3)c3ccccc3)CC2)cc1,FEXOFENADINE,4,501.67,approved
CHEMBL915,CCCc1c2oc(C(=O)[O-])cc(=O)c2cc2c(=O)cc(C(=O)[O-])n(CC)c12.[Na+].[Na+],"NEDOCROMIL SODIUM",4,415.31,approved
CHEMBL916,CCCCS(=O)(=O)N[C@@H](Cc1ccc(OCCCCC2CCNCC2)cc1)C(=O)O,TIROFIBAN,4,440.61,approved
CHEMBL53418,O=C1c2cccc(O)c2C(=O)c2c(O)cccc21,DANTHRON,4,240.21,approved
CHEMBL917,O=c1[nH]c(=O)n([C@H]2C[C@H](O)[C@@H](CO)O2)cc1F,FLOXURIDINE,4,246.19,approved
CHEMBL918,NC(=O)NC(=O)Cc1ccccc1,PHENACEMIDE,4,178.19,approved
CHEMBL919,O=C1NC(c2ccccc2)(c2ccccc2)C(=O)N1COP(=O)([O-])[O-].[Na+].[Na+],"FOSPHENYTOIN SODIUM",4,406.24,approved
CHEMBL54349,CCCN(CCC)C(=O)Cc1c(-c2ccc(Cl)cc2)nc2ccc(Cl)cn12,ALPIDEM,4,404.34,approved
CHEMBL922,CC(C)(C)C(=O)OCOP(=O)(COCCn1cnc2c(N)ncnc21)OCOC(=O)C(C)(C)C,"ADEFOVIR DIPIVOXIL",4,501.48,approved
CHEMBL161,CO/N=C(\C(=O)N[C@@H]1C(=O)N2C(C(=O)O)=C(CSc3nc(=O)c(O)nn3C)CS[C@H]12)c1csc(N)n1,CEFTRIAXONE,4,554.59,approved
CHEMBL923,O=P(O)(O)C(O)(Cc1cccnc1)P(=O)(O)O,"RISEDRONIC ACID",4,283.11,approved
CHEMBL924,O=P(O)(O)C(O)(Cn1ccnc1)P(=O)(O)O,"ZOLEDRONIC ACID ANHYDROUS",4,272.09,approved
CHEMBL925,N[C@@H](Cc1ccc(O)cc1)C(=O)O,TYROSINE,4,181.19,approved
CHEMBL926,CC(CCc1ccc(O)cc1)NCCc1ccc(O)c(O)c1,DOBUTAMINE,4,301.39,approved
CHEMBL927,C=CC1=C(C(=O)O)N2C(=O)[C@@H](NC(=O)/C(=N\O)c3csc(N)n3)[C@H]2SC1,CEFDINIR,4,395.42,approved
CHEMBL54976,N[C@@H](Cc1c[nH]c2ccccc12)C(=O)O,TRYPTOPHAN,4,204.23,approved
CHEMBL928,O=C1CN(/N=C/c2ccc(-c3ccc([N+](=O)[O-])cc3)o2)C(=O)[N-]1.[Na+],"DANTROLENE SODIUM",4,336.24,approved
CHEMBL298734,NC(=O)N1CCC(CC(=O)N2CCC([C@H]3c4ncc(Br)cc4CCc4cc(Cl)cc(Br)c43)CC2)CC1,LONAFARNIB,4,638.83,approved
CHEMBL929,CC(C)Nc1cccnc1N1CCN(C(=O)c2cc3cc(NS(C)(=O)=O)ccc3[nH]2)CC1.CS(=O)(=O)O,"DELAVIRDINE MESYLATE",4,552.68,approved
CHEMBL930,NC(=O)CC[C@H](N)C(=O)O,GLUTAMINE,4,146.15,approved
CHEMBL56367,CS(=O)(=O)Nc1ccc([N+](=O)[O-])cc1Oc1ccccc1,NIMESULIDE,4,308.31,approved
CHEMBL931,FC(F)(F)C(Cl)Br,HALOTHANE,4,197.38,approved
CHEMBL932,OCCN(CCO)c1nc(N2CCCCC2)c2nc(N(CCO)CCO)nc(N3CCCCC3)c2n1,DIPYRIDAMOLE,4,504.64,approved
CHEMBL934,CC(C)(C(=O)c1cccnc1)c1cccnc1,METYRAPONE,4,226.28,approved
CHEMBL936,OC(CCCN1CCCCC1)(c1ccccc1)c1ccccc1,DIPHENIDOL,4,309.45,approved
CHEMBL937,CCN(CC)C(=O)N1CCN(C)CC1.O=C(O)CC(O)(CC(=O)O)C(=O)O,"DIETHYLCARBAMAZINE CITRATE",4,391.42,approved
CHEMBL939,COc1cc2ncnc(Nc3ccc(F)c(Cl)c3)c2cc1OCCCN1CCOCC1,GEFITINIB,4,446.91,approved
CHEMBL55400,Nc1ccc2cc3ccc(N)cc3nc2c1,PROFLAVINE,4,209.25,approved
CHEMBL940,NCC1(CC(=O)O)CCCCC1,GABAPENTIN,4,171.24,approved
CHEMBL301267,CCO[C@H]1O[C@@H]2O[C@@]3(C)CC[C@H]4[C@H](C)CC[C@@H]([C@H]1C)[C@@]24OO3,ARTEMOTIL,4,312.41,approved
CHEMBL291338,O=C(Nc1ccc(Cl)c(Cl)c1)c1cc(Cl)cc(Cl)c1O,"3,3',4',5-TETRACHLOROSALICYLANILIDE",4,351.02,approved
CHEMBL58323,COC[C@@H](NC(C)=O)C(=O)NCc1ccccc1,LACOSAMIDE,4,250.3,approved
CHEMBL941,Cc1ccc(NC(=O)c2ccc(CN3CCN(C)CC3)cc2)cc1Nc1nccc(-c2cccnc2)n1,IMATINIB,4,493.62,approved
CHEMBL56564,CN1[C@@H]2CC[C@H]1C[C@@H](OC(=O)c1c[nH]c3ccccc13)C2,TROPISETRON,4,284.36,approved
CHEMBL301265,CCCN[C@H]1CCc2nc(N)sc2C1,PRAMIPEXOLE,4,211.33,approved
CHEMBL942,CC(=O)Oc1ccc(C(c2ccc(OC(C)=O)cc2)c2ccccn2)cc1,BISACODYL,4,361.4,approved
CHEMBL56337,CC(/C=C1\SC(=S)N(CC(=O)O)C1=O)=C\c1ccccc1,EPALRESTAT,4,319.41,approved
CHEMBL944,CCN(CC)CCOC(=O)c1ccc(N)cc1Cl.Cl,"CHLOROPROCAINE HYDROCHLORIDE",4,307.22,approved
CHEMBL945,N=C(N)NC(=O)c1nc(Cl)c(N)nc1N,AMILORIDE,4,229.63,approved
CHEMBL946,CN1CCC(=C2c3ccccc3CCc3cccnc32)CC1,AZATADINE,4,290.41,approved
CHEMBL58510,CCN(CC)CCCC(C)Nc1ccnc2cc(Cl)ccc12.O=P(O)(O)O.O=P(O)(O)O,"CHLOROQUINE PHOSPHATE",4,515.87,approved
CHEMBL951,CCOC(=O)CCCCCCCCC(C)c1ccc(I)cc1,IOPHENDYLATE,4,416.34,approved
CHEMBL294199,COc1cc(CNC(=O)CCCC/C=C/C(C)C)ccc1O,CAPSAICIN,4,305.42,approved
CHEMBL953,CCN(CC)C(=O)/C(C#N)=C/c1cc(O)c(O)c([N+](=O)[O-])c1,ENTACAPONE,4,305.29,approved
CHEMBL61593,NS(=O)(=O)c1cc2c(cc1Cl)NC(C1CC3C=CC1C3)NS2(=O)=O,CYCLOTHIAZIDE,4,389.89,approved
CHEMBL956,CC(C(=O)O)c1ccc(C(=O)c2cccs2)cc1,SUPROFEN,4,260.31,approved
CHEMBL957,COc1ccccc1Oc1c(NS(=O)(=O)c2ccc(C(C)(C)C)cc2)nc(-c2ncccn2)nc1OCCO,BOSENTAN,4,551.63,approved
CHEMBL959,CC(N)C12CC3CC(CC(C3)C1)C2,RIMANTADINE,4,179.31,approved
CHEMBL960,Cc1oncc1C(=O)Nc1ccc(C(F)(F)F)cc1,LEFLUNOMIDE,4,270.21,approved
CHEMBL62193,COc1cc(NS(=O)(=O)c2ccc(N)cc2)nc(OC)n1,SULFADIMETHOXINE,4,310.34,approved
CHEMBL61006,CC(N)C(O)c1ccccc1,PHENYLPROPANOLAMINE,4,151.21,approved
CHEMBL962,CCCCC[C@H](O)/C=C/[C@@H]1[C@H]2C/C(=C/CCCC(=O)[O-])O[C@H]2C[C@H]1O.[Na+],"EPOPROSTENOL SODIUM",4,374.45,approved
CHEMBL963,CN1CC[C@]23c4c5ccc(O)c4O[C@H]2C(=O)CC[C@@]3(O)[C@H]1C5,OXYMORPHONE,4,301.34,approved
CHEMBL964,CCN(CC)C(=S)SSC(=S)N(CC)CC,DISULFIRAM,4,296.55,approved
CHEMBL965,C[N+](C)(C)CCOC(N)=O,CARBAMOYLCHOLINE,4,147.2,approved
CHEMBL967,CN1C(=O)C(O)N=C(c2ccccc2)c2cc(Cl)ccc21,TEMAZEPAM,4,300.75,approved
CHEMBL968,CCN(CC)CCN1C(=O)CN=C(c2ccccc2F)c2cc(Cl)ccc21,FLURAZEPAM,4,387.89,approved
CHEMBL969,O=C1CN=C(c2ccccc2)c2cc(Cl)ccc2N1CC1CC1,PRAZEPAM,4,324.81,approved
CHEMBL970,O=C1CN=C(c2ccccc2)c2cc(Cl)ccc2N1CC(F)(F)F,HALAZEPAM,4,352.74,approved
CHEMBL971,CCCC(C)C1(CC)C(=O)N=C([O-])NC1=O.[Na+],"PENTOBARBITAL SODIUM",4,248.26,approved
CHEMBL972,C#CCN(C)[C@H](C)Cc1ccccc1,SELEGILINE,4,187.29,approved
CHEMBL973,C/C(O)=C(\C#N)C(=O)Nc1ccc(C(F)(F)F)cc1,TERIFLUNOMIDE,4,270.21,approved
CHEMBL975,O=S(=O)([O-])CCS.[Na+],MESNA,4,164.18,approved
CHEMBL64894,CN(C)c1ccc(C(=C2C=CC(=[N+](C)C)C=C2)c2ccc(N(C)C)cc2)cc1.[Cl-],"GENTIAN VIOLET",4,407.99,approved
CHEMBL976,O=C(C1CCCCC1)N1CC(=O)N2CCc3ccccc3C2C1,PRAZIQUANTEL,4,312.41,approved
CHEMBL977,C[C@]12CCC(=O)C=C1CC[C@@H]1[C@@H]2[C@@H](O)C[C@@]2(C)[C@H]1CC[C@]2(O)C(=O)COC(=O)CCC(=O)O,"HYDROCORTISONE HEMISUCCINATE ANHYDROUS",4,462.54,approved
CHEMBL978,CC(=O)OC(C)C[N+](C)(C)C,METHACHOLINE,4,160.24,approved
CHEMBL435966,O=[N+]([O-])c1cncn1CCN1CCOCC1,NIMORAZOLE,4,226.24,approved
CHEMBL979,CCCC(C)(COC(N)=O)COC(N)=O,MEPROBAMATE,4,218.25,approved
CHEMBL64195,O=C(CCCl)NCc1ccccc1,BECLAMIDE,4,197.66,approved
CHEMBL980,COc1ccccc1OCC(O)CO,GUAIFENESIN,4,198.22,approved
CHEMBL981,CC(C)(Oc1ccc(C(=O)c2ccc(Cl)cc2)cc1)C(=O)O,"FENOFIBRIC ACID",4,318.76,approved
CHEMBL982,C=C1CC[C@@]2(O)[C@H]3Cc4ccc(O)c5c4[C@@]2(CCN3CC2CC2)[C@H]1O5,NALMEFENE,4,339.44,approved
CHEMBL983,C[N+](C)(C)CCOC(=O)CCC(=O)OCC[N+](C)(C)C.[Cl-].[Cl-],"SUCCINYLCHOLINE CHLORIDE",4,361.31,approved
CHEMBL65375,Cl.N=C1CCCN1Cc1[nH]c(=O)[nH]c(=O)c1Cl,"TIPIRACIL HYDROCHLORIDE",4,279.13,approved
CHEMBL304902,CN1CCN(C2=Nc3ccccc3Sc3ccc(Cl)cc32)CC1,CLOTHIAPINE,4,343.88,approved
CHEMBL63857,O=C1OC(c2ccc(O)cc2)(c2ccc(O)cc2)c2ccccc21,PHENOLPHTHALEIN,4,318.33,approved
CHEMBL305187,CC(C(O)c1ccc(O)cc1)N1CCC(Cc2ccccc2)CC1,IFENPRODIL,4,325.45,approved
CHEMBL986,CC1=C(/C=C/C(C)=C/C=C/C(C)=C/CO)C(C)(C)CCC1,RETINOL,4,286.46,approved
CHEMBL65794,CO/N=C(\C(=O)N[C@@H]1C(=O)N2C(C(=O)[O-])=C(C[n+]3cccc4c3CCC4)CS[C@H]12)c1csc(N)n1,CEFPIROME,4,514.59,approved
CHEMBL989,CC1(C)O[C@@H]2C[C@H]3[C@@H]4C[C@H](F)C5=CC(=O)C=C[C@]5(C)[C@@]4(F)[C@@H](O)C[C@]3(C)[C@]2(C(=O)CO)O1,"FLUOCINOLONE ACETONIDE",4,452.49,approved
CHEMBL990,CN(Cc1ccc(C(C)(C)C)cc1)Cc1cccc2ccccc12,BUTENAFINE,4,317.48,approved
CHEMBL70246,Cn1c(=O)c2c(ncn2CC(=O)O)n(C)c1=O,ACEFYLLINE,4,238.2,approved
CHEMBL991,Cc1cn([C@H]2C=C[C@@H](CO)O2)c(=O)[nH]c1=O,STAVUDINE,4,224.22,approved
CHEMBL995,CCCCc1nc(Cl)c(CO)n1Cc1ccc(-c2ccccc2-c2nnn[n-]2)cc1.[K+],"LOSARTAN POTASSIUM",4,461.01,approved
CHEMBL996,CO[C@@]1(NC(=O)Cc2cccs2)C(=O)N2C(C(=O)O)=C(COC(N)=O)CS[C@@H]21,CEFOXITIN,4,427.46,approved
CHEMBL70046,O=c1[nH]c(=O)n([C@@H]2O[C@H](CO)[C@@H](O)[C@@H]2O)cc1/C=C/Br,SORIVUDINE,4,349.14,approved
CHEMBL997,CCCCCN(C)CCC(O)(P(=O)(O)O)P(=O)(O)O,"IBANDRONIC ACID",4,319.23,approved
CHEMBL998,CCOC(=O)N1CCC(=C2c3ccc(Cl)cc3CCc3cccnc32)CC1,LORATADINE,4,382.89,approved
CHEMBL71752,CCOC(=O)C1=C[C@]2(CC)CCCN3CCc4c(n1c1ccccc41)[C@@H]32,VINPOCETINE,4,350.46,approved
CHEMBL305660,CC(C)(C)c1ccc(C(=O)CCCN2CCC(OC(c3ccccc3)c3ccccc3)CC2)cc1,EBASTINE,4,469.67,approved
CHEMBL1000,O=C(O)COCCN1CCN(C(c2ccccc2)c2ccc(Cl)cc2)CC1,CETIRIZINE,4,388.9,approved
CHEMBL70418,CN1C(=O)CC(=O)N(c2ccccc2)c2cc(Cl)ccc21,CLOBAZAM,4,300.75,approved
CHEMBL1002,CC(C)(C)NC[C@H](O)c1ccc(O)c(CO)c1,LEVOSALBUTAMOL,4,239.31,approved
CHEMBL1003,O=C([O-])[C@H]1/C(=C/CO)O[C@@H]2CC(=O)N21.[K+],"CLAVULANATE POTASSIUM",4,237.25,approved
CHEMBL1004,CN(C)CCOC(C)(c1ccccc1)c1ccccn1,DOXYLAMINE,4,270.38,approved
CHEMBL70972,CC1=C(C)C(=O)C(C(CCCCCC(=O)O)c2ccccc2)=C(C)C1=O,SERATRODAST,4,354.45,approved
CHEMBL1005,CCC(=O)N(c1ccccc1)C1(C(=O)OC)CCN(CCC(=O)OC)CC1,REMIFENTANIL,4,376.45,approved
CHEMBL70927,Cc1c(O)c(=O)ccn1C,DEFERIPRONE,4,139.15,approved
CHEMBL302795,CN1C(C(=O)Nc2ccccn2)=C(O)c2sccc2S1(=O)=O,TENOXICAM,4,337.38,approved
CHEMBL73451,c1ccc2c(c1)Sc1ccccc1N2CC1CN2CCC1CC2,MEQUITAZINE,4,322.48,approved
CHEMBL1006,NCCCNCCSP(=O)(O)O,AMIFOSTINE,4,214.23,approved
CHEMBL1008,CC(C)COCC(CN(Cc1ccccc1)c1ccccc1)N1CCCC1,BEPRIDIL,4,366.55,approved
CHEMBL1009,N[C@@H](Cc1ccc(O)c(O)c1)C(=O)O,LEVODOPA,4,197.19,approved
CHEMBL1010,CO/N=C(\C(=O)N[C@@H]1C(=O)N2C(C(=O)[O-])=C(COC(C)=O)CS[C@H]12)c1csc(N)n1.[Na+],"CEFOTAXIME SODIUM",4,477.46,approved
CHEMBL308954,Cc1cc(C#N)cc(C)c1Oc1nc(Nc2ccc(C#N)cc2)nc(N)c1Br,ETRAVIRINE,4,435.29,approved
CHEMBL305906,CCCCCCCCCCCCCCCC[n+]1ccccc1,CETYLPYRIDINIUM,4,304.54,approved
CHEMBL306700,CCOc1ccccc1OCC1CNCCO1,VILOXAZINE,4,237.3,approved
CHEMBL1013,N[C@@H](C(=O)N[C@@H]1C(=O)N2C(C(=O)O)=C(Cl)CC[C@H]12)c1ccccc1,"LORACARBEF ANHYDROUS",4,349.77,approved
CHEMBL74632,CO[C@@]1(NC(=O)C(C(=O)O)c2ccc(O)cc2)C(=O)N2C(C(=O)O)=C(CSc3nnnn3C)CO[C@@H]21,MOXALACTAM,4,520.48,approved
CHEMBL312448,Cc1cc(C(C)(C)C)cc(C)c1CC1=NCCN1,XYLOMETAZOLINE,4,244.38,approved
CHEMBL306823,O=C([O-])C(Cl)Cl.[Na+],"SODIUM DICHLOROACETATE",4,150.92,approved
CHEMBL1014,CCOc1nc2cccc(C(=O)OC(C)OC(=O)OC3CCCCC3)c2n1Cc1ccc(-c2ccccc2-c2nn[nH]n2)cc1,"CANDESARTAN CILEXETIL",4,610.67,approved
CHEMBL1017,CCCc1nc2c(C)cc(-c3nc4ccccc4n3C)cc2n1Cc1ccc(-c2ccccc2C(=O)O)cc1,TELMISARTAN,4,514.63,approved
CHEMBL1018,C/C=C(C(=C/C)/c1ccc(O)cc1)\c1ccc(O)cc1,DIENESTROL,4,266.34,approved
CHEMBL75435,C[C@H](C(=O)O)c1cccc(C(=O)c2ccccc2)c1,DEXKETOPROFEN,4,254.29,approved
CHEMBL73234,CCN(CC)CCOCCOC(=O)C1(c2ccccc2)CCCC1,CARBETAPENTANE,4,333.47,approved
CHEMBL1020,Cc1ccc(C(=O)c2ccc(CC(=O)O)n2C)cc1,TOLMETIN,4,257.29,approved
CHEMBL1021,NC(=O)Cc1cccc(C(=O)c2ccccc2)c1N,NEPAFENAC,4,254.29,approved
CHEMBL75880,C1CCC(C(CC2CCCCN2)C2CCCCC2)CC1,PERHEXILINE,4,277.5,approved
CHEMBL1023,C=C(c1ccc(C(=O)O)cc1)c1cc2c(cc1C)C(C)(C)CCC2(C)C,BEXAROTENE,4,348.49,approved
CHEMBL1024,O=P1(NCCCl)OCCCN1CCCl,IFOSFAMIDE,4,261.09,approved
CHEMBL1025,CC(C)OP(=O)(F)OC(C)C,ISOFLUROPHATE,4,184.15,approved
CHEMBL307145,Oc1cccc(O)c1O,PYROGALLOL,4,126.11,approved
CHEMBL1026,CS(=O)(=O)O.Oc1ccc(C2CNCCc3c2cc(O)c(O)c3Cl)cc1,"FENOLDOPAM MESYLATE",4,401.87,approved
CHEMBL1027,Cc1ccsc1C(=CCCN1CCC[C@@H](C(=O)O)C1)c1sccc1C,TIAGABINE,4,375.56,approved
CHEMBL76370,CCCCCNC(=N)N/N=C/c1c[nH]c2ccc(OC)cc12,TEGASEROD,4,301.39,approved
CHEMBL431770,CCn1c(=O)c2c(nc(/C=C/c3ccc(OC)c(OC)c3)n2C)n(CC)c1=O,ISTRADEFYLLINE,4,384.44,approved
CHEMBL75753,O=C(NCCNCC(O)COc1ccc(O)cc1)N1CCOCC1,XAMOTEROL,4,339.39,approved
CHEMBL1029,CCCCN1C[C@H](O)[C@@H](O)[C@H](O)[C@H]1CO,MIGLUSTAT,4,219.28,approved
CHEMBL77622,Oc1ccc(CCNCCCCCCNCCc2ccccc2)cc1O,DOPEXAMINE,4,356.51,approved
CHEMBL1034,O=C([O-])Cc1ccccc1Nc1c(Cl)cccc1Cl.[Na+],"DICLOFENAC SODIUM",4,318.14,approved
CHEMBL1037,N=C(N)NCC1COC2(CCCCC2)O1,GUANADREL,4,213.28,approved
CHEMBL1040,C=C1CC[C@H](O)C/C1=C/C=C1\CCC[C@]2(C)[C@@H]([C@H](C)CCCC(C)(C)O)CC[C@@H]12,"CALCIFEDIOL ANHYDROUS",4,400.65,approved
CHEMBL1042,C=C1CC[C@H](O)C/C1=C/C=C1\CCC[C@]2(C)[C@@H]([C@H](C)CCCC(C)C)CC[C@@H]12,CHOLECALCIFEROL,4,384.65,approved
CHEMBL1043,Nc1ccc(S(=O)(=O)c2ccc(N)cc2)cc1,DAPSONE,4,248.31,approved
CHEMBL1046,NCCCCCC(=O)O,"AMINOCAPROIC ACID",4,131.18,approved
CHEMBL421701,CCN1/C(=C/C=C/C=C/c2sc3ccccc3[n+]2CC)Sc2ccccc21.[I-],"DITHIAZANINE IODIDE",4,518.49,approved
CHEMBL311498,Oc1cc(O)c2c(c1)O[C@H](c1ccc(O)c(O)c1)[C@@H](O)C2,CIANIDANOL,4,290.27,approved
CHEMBL420762,Cc1ccccc1C(=O)Nc1ccc(C(=O)N2CCCC(N(C)C)c3ccccc32)cc1,MOZAVAPTAN,4,427.55,approved
CHEMBL1051,CC(C)OC(=O)CCC/C=C\C[C@@H]1[C@@H](CC[C@@H](O)CCc2ccccc2)[C@H](O)C[C@@H]1O,LATANOPROST,4,432.6,approved
CHEMBL83668,Cc1cccc(N(C)C(=S)Oc2ccc3ccccc3c2)c1,TOLNAFTATE,4,307.42,approved
CHEMBL1054,NS(=O)(=O)c1cc2c(cc1Cl)NC(C(Cl)Cl)NS2(=O)=O,TRICHLORMETHIAZIDE,4,380.66,approved
CHEMBL1055,NS(=O)(=O)c1cc(C2(O)NC(=O)c3ccccc32)ccc1Cl,CHLORTHALIDONE,4,338.77,approved
CHEMBL1059,CC(C)C[C@H](CN)CC(=O)O,PREGABALIN,4,159.23,approved
CHEMBL1060,O=P([O-])([O-])O.[Na+].[Na+],"SODIUM PHOSPHATE",4,141.96,approved
CHEMBL1064,CCC(C)(C)C(=O)O[C@H]1C[C@@H](C)C=C2C=C[C@H](C)[C@H](CC[C@@H]3C[C@@H](O)CC(=O)O3)[C@H]21,SIMVASTATIN,4,418.57,approved
CHEMBL83063,CC(NCCc1ccc(O)cc1)C(O)c1ccc(O)cc1,RITODRINE,4,287.36,approved
CHEMBL1068,NC(=O)N1c2ccccc2CC(=O)c2ccccc21,OXCARBAZEPINE,4,252.27,approved
CHEMBL1069,CCCCC(=O)N(Cc1ccc(-c2ccccc2-c2nnn[nH]2)cc1)[C@H](C(=O)O)C(C)C,VALSARTAN,4,435.53,approved
CHEMBL315838,COc1ccc(C(=O)Nc2ccccc2CCC2CCCCN2C)cc1,ENCAINIDE,4,352.48,approved
CHEMBL86882,CCNCC(O)c1cccc(O)c1,ETILEFRINE,4,181.24,approved
CHEMBL86304,O=C(NCCN1CCOCC1)c1ccc(Cl)cc1,MOCLOBEMIDE,4,268.74,approved
CHEMBL85231,CN(C)CC(Oc1ccccc1)Oc1ccccc1,MEDIFOXAMINE,4,257.33,approved
CHEMBL1070,COc1ccc2cc(CCC(C)=O)ccc2c1,NABUMETONE,4,228.29,approved
CHEMBL1071,O=C(O)CCc1nc(-c2ccccc2)c(-c2ccccc2)o1,OXAPROZIN,4,293.32,approved
CHEMBL314437,CCC1(c2cccc(O)c2)CCCCN(C)C1,MEPTAZINOL,4,233.35,approved
CHEMBL86715,OC(CCN1CCCC1)(c1ccccc1)C1CCCCC1,PROCYCLIDINE,4,287.45,approved
CHEMBL1072,CCCCNc1cc(C(=O)O)cc(S(N)(=O)=O)c1Oc1ccccc1,BUMETANIDE,4,364.42,approved
CHEMBL1073,Cc1cnc(C(=O)NCCc2ccc(S(=O)(=O)NC(=O)NC3CCCCC3)cc2)cn1,GLIPIZIDE,4,445.55,approved
CHEMBL87708,CN(CCCN1c2ccccc2CCc2ccccc21)CC(=O)c1ccc(Cl)cc1,LOFEPRAMINE,4,418.97,approved
CHEMBL87493,CCNC(C)Cc1cccc(C(F)(F)F)c1,FENFLURAMINE,4,231.26,approved
CHEMBL315795,Cc1ncsc1CCCl,CLOMETHIAZOLE,4,161.66,approved
CHEMBL315985,NC(=O)N1c2ccccc2C[C@H](O)c2ccccc21,ESLICARBAZEPINE,4,254.29,approved
CHEMBL1075,CCOC(=O)Nc1ccc2c(c1)N(C(=O)CCN1CCOCC1)c1ccccc1S2,MORICIZINE,4,427.53,approved
CHEMBL87992,CC(=O)O[C@H]1Cc2ccccc2N(C(N)=O)c2ccccc21,"ESLICARBAZEPINE ACETATE",4,296.33,approved
CHEMBL88055,Oc1ccc(C(O)C2CCCCN2)cc1O,RIMITEROL,4,223.27,approved
CHEMBL1077,Nc1c(CC(=O)O)cccc1C(=O)c1ccc(Br)cc1,BROMFENAC,4,334.17,approved
CHEMBL1079,Clc1ccc2nsnc2c1NC1=NCCN1,TIZANIDINE,4,253.72,approved
CHEMBL89598,C=CC(N)CCC(=O)O,VIGABATRIN,4,129.16,approved
CHEMBL1082,CC1(C)S[C@@H]2[C@H](NC(=O)[C@H](N)c3ccc(O)cc3)C(=O)N2[C@H]1C(=O)O,AMOXICILLIN,4,365.41,approved
CHEMBL313972,C[C@H](Cc1ccc(O)c(O)c1)[C@@H](C)Cc1ccc(O)c(O)c1,MASOPROCOL,4,302.37,approved
CHEMBL314854,CCCCCCCCc1ccc(CCC(N)(CO)CO)cc1,FINGOLIMOD,4,307.48,approved
CHEMBL91397,Cc1cncc(CN2CCC(=C3c4ccc(Cl)cc4CCc4cccnc43)CC2)c1,RUPATADINE,4,415.97,approved
CHEMBL1085,CC(=O)c1ccc2c(c1)N(CCCN1CCN(CCO)CC1)c1ccccc1S2,ACETOPHENAZINE,4,411.57,approved
CHEMBL1086,CCCCOc1cc(C(=O)NCCN(CC)CC)c2ccccc2n1,DIBUCAINE,4,343.47,approved
CHEMBL1087,Cc1cccc(C)c1NC(=O)C1CCCCN1C,MEPIVACAINE,4,246.35,approved
CHEMBL1088,CN1CCCCC1CCN1c2ccccc2Sc2ccc([S+](C)[O-])cc21,MESORIDAZINE,4,386.59,approved
CHEMBL1089,NNCCc1ccccc1,PHENELZINE,4,136.2,approved
CHEMBL1090,Nc1ncnc2c1ncn2[C@@H]1O[C@H](CO)[C@@H](O)[C@@H]1O,VIDARABINE,4,267.25,approved
CHEMBL90593,C[C@]12CC[C@H](O)CC1=CC[C@@H]1[C@@H]2CC[C@]2(C)C(=O)CC[C@@H]12,PRASTERONE,4,288.43,approved
CHEMBL1091,CC(=O)OCC(=O)[C@@]1(O)CC[C@H]2[C@@H]3CCC4=CC(=O)CC[C@]4(C)[C@H]3[C@@H](O)C[C@@]21C,"HYDROCORTISONE ACETATE",4,404.5,approved
CHEMBL1092,Cl.OC(CCN1CCCCC1)(c1ccccc1)C1CCCCC1,"TRIHEXYPHENIDYL HYDROCHLORIDE",4,337.94,approved
CHEMBL1093,CCCNC(C)C(=O)Nc1c(C)csc1C(=O)OC,ARTICAINE,4,284.38,approved
CHEMBL1094,NC(=O)OCC(COC(N)=O)c1ccccc1,FELBAMATE,4,238.24,approved
CHEMBL1095,CCN1C(=O)NC(c2ccccc2)C1=O,ETHOTOIN,4,204.23,approved
CHEMBL1096,CC(C)c1ccc2oc3nc(N)c(C(=O)O)cc3c(=O)c2c1,AMLEXANOX,4,298.3,approved
CHEMBL93645,O=C(O)COC(=O)Cc1ccccc1Nc1c(Cl)cccc1Cl,ACECLOFENAC,4,354.19,approved
CHEMBL94081,C=CCOc1ccc(CC(=O)O)cc1Cl,ALCLOFENAC,4,226.66,approved
CHEMBL92401,CC(C)NNC(=O)c1ccncc1,IPRONIAZID,4,179.22,approved
CHEMBL92870,Cc1cccc(C)c1NC(=O)CN1CCN(CCCC(c2ccc(F)cc2)c2ccc(F)cc2)CC1,LIDOFLAZINE,4,491.63,approved
CHEMBL1098,CCCCN1CCCCC1C(=O)Nc1c(C)cccc1C,BUPIVACAINE,4,288.44,approved
CHEMBL1100,CCC1(C)OC(=O)N(C)C1=O,PARAMETHADIONE,4,157.17,approved
CHEMBL1101,OC(CCN1CCCCC1)(c1ccccc1)C1CC2C=CC1C2,BIPERIDEN,4,311.47,approved
CHEMBL328560,NS(=O)(=O)c1ccc(N2CCCCS2(=O)=O)cc1,SULTHIAME,4,290.37,approved
CHEMBL1102,CCC1(c2ccccc2)CCC(=O)NC1=O,GLUTETHIMIDE,4,217.27,approved
CHEMBL1103,O=C1OCCN1/N=C/c1ccc([N+](=O)[O-])o1,FURAZOLIDONE,4,225.16,approved
CHEMBL1104,CC[N+](C)(C)c1cccc(O)c1,EDROPHONIUM,4,166.24,approved
CHEMBL413965,O=C(O)Cc1ccc(-c2ccccc2)cc1,FELBINAC,4,212.25,approved
CHEMBL1106,NC1=NCC2c3ccccc3Cc3ccccc3N12,EPINASTINE,4,249.32,approved
CHEMBL1107,CCCCN(CCCC)CCC(O)c1cc2c(Cl)cc(Cl)cc2c2cc(C(F)(F)F)ccc12,HALOFANTRINE,4,500.43,approved
CHEMBL1108,O=C(CCCN1CC=C(n2c(=O)[nH]c3ccccc32)CC1)c1ccc(F)cc1,DROPERIDOL,4,379.44,approved
CHEMBL94454,CN(c1nccc(=O)[nH]1)C1CCN(c2nc3ccccc3n2Cc2ccc(F)cc2)CC1,MIZOLASTINE,4,432.5,approved
CHEMBL1109,Nc1ccc(S(=O)(=O)Nc2ccnn2-c2ccccc2)cc1,SULFAPHENAZOLE,4,314.37,approved
CHEMBL1110,Cc1[nH]cnc1CN1CCc2c(c3ccccc3n2C)C1=O,ALOSETRON,4,294.36,approved
CHEMBL94394,CCCCOc1ccc(CC(=O)NO)cc1,BUFEXAMAC,4,223.27,approved
CHEMBL316561,CCCN(CCC)C(=O)C(CCC(=O)O)NC(=O)c1ccccc1,PROGLUMIDE,4,334.42,approved
CHEMBL1111,COC(c1ccccc1)(c1ccccc1)[C@H](Oc1nc(C)cc(C)n1)C(=O)O,AMBRISENTAN,4,378.43,approved
CHEMBL98123,COc1ccc(Cc2nccc3cc(OC)c(OC)cc23)cc1OC.Cl,"PAPAVERINE HYDROCHLORIDE",4,375.85,approved
CHEMBL1112,O=C1CCc2ccc(OCCCCN3CCN(c4cccc(Cl)c4Cl)CC3)cc2N1,ARIPIPRAZOLE,4,448.39,approved
CHEMBL1113,Clc1ccc2c(c1)C(N1CCNCC1)=Nc1ccccc1O2,AMOXAPINE,4,313.79,approved
CHEMBL1115,CN(C)C(=O)Oc1ccc[n+](C)c1,PYRIDOSTIGMINE,4,181.22,approved
CHEMBL1116,Cl.O=C(c1ccc(OCCN2CCCCC2)cc1)c1c(-c2ccc(O)cc2)sc2cc(O)ccc12,"RALOXIFENE HYDROCHLORIDE",4,510.06,approved
CHEMBL1117,CC(=O)[C@]1(O)Cc2c(O)c3c(c(O)c2[C@@H](O[C@H]2C[C@H](N)[C@H](O)[C@H](C)O2)C1)C(=O)c1ccccc1C3=O,IDARUBICIN,4,497.5,approved
CHEMBL1118,CN(C)CC(c1ccc(O)cc1)C1(O)CCCCC1,DESVENLAFAXINE,4,263.38,approved
CHEMBL319144,O=P(O)(O)C(O)(Cc1cnc2ccccn12)P(=O)(O)O,"MINODRONIC ACID",4,322.15,approved
CHEMBL328190,Oc1ccc2c(c1)CC[C@H](c1ccccc1)[C@@H]2c1ccc(OCCN2CCCC2)cc1,LASOFOXIFENE,4,413.56,approved
CHEMBL317052,CNC(=O)c1cnn(-c2nc(N)c3ncn([C@@H]4O[C@H](CO)[C@@H](O)[C@H]4O)c3n2)c1,"REGADENOSON ANHYDROUS",4,390.36,approved
CHEMBL329522,O=C(c1cc(O)c(O)c(O)c1)c1ccc(O)c(O)c1O,EXIFONE,4,278.22,approved
CHEMBL99946,CCN(CC)C(=O)[C@@]1(c2ccccc2)C[C@H]1CN,LEVOMILNACIPRAN,4,246.35,approved
CHEMBL317094,CCOC(=O)[C@H](CCc1ccccc1)N[C@@H](C)C(=O)N1C(=O)N(C)C[C@H]1C(=O)O,IMIDAPRIL,4,405.45,approved
CHEMBL100116,CC(C)=CCN1CCC2(C)c3cc(O)ccc3CC1C2C,PENTAZOCINE,4,285.43,approved
CHEMBL1123,CCN(CC)CCOC(=O)C1(C2CCCCC2)CCCCC1,DICYCLOMINE,4,309.49,approved
CHEMBL1126,CC1(C)S[C@@H]2[C@H](NC(=O)Cc3ccccc3)C(=O)N2[C@H]1C(=O)[O-].[Na+],"PENICILLIN G SODIUM",4,356.38,approved
CHEMBL1128,CC[N+](C)(C)c1cccc(O)c1.[Cl-],"EDROPHONIUM CHLORIDE",4,201.7,approved
CHEMBL1129,O=c1[nH]c(=O)n([C@H]2C[C@H](O)[C@@H](CO)O2)cc1C(F)(F)F,TRIFLURIDINE,4,296.2,approved
CHEMBL1131,COc1cc(C)c(/C=C/C(C)=C/C=C/C(C)=C/C(=O)O)c(C)c1C,ACITRETIN,4,326.44,approved
CHEMBL1133,CCN(CC)CC#CCOC(=O)C(O)(c1ccccc1)C1CCCCC1.Cl,"OXYBUTYNIN CHLORIDE",4,393.96,approved
CHEMBL1134,C[N+](C)(C)CCCCCCCCCC[N+](C)(C)C.[Br-].[Br-],"DECAMETHONIUM BROMIDE",4,418.3,approved
CHEMBL1138,O=C1[C@H](CC[C@H](O)c2ccc(F)cc2)[C@@H](c2ccc(O)cc2)N1c1ccc(F)cc1,EZETIMIBE,4,409.43,approved
CHEMBL1139,CCCCC[C@H](O)/C=C/[C@@H]1[C@H]2C/C(=C/CCCC(=O)O)O[C@H]2C[C@H]1O,EPOPROSTENOL,4,352.47,approved
CHEMBL1140,NC(=O)c1cccnc1,NIACINAMIDE,4,122.13,approved
CHEMBL418995,O=C(O)CCCCCCNC1c2ccccc2CCc2ccccc21,AMINEPTINE,4,337.46,approved
CHEMBL110458,OC[C@H]1NC[C@H](O)[C@@H](O)[C@H]1O,MIGALASTAT,4,163.17,approved
CHEMBL108545,COC(=O)c1ccccc1O,"METHYL SALICYLATE",4,152.15,approved
CHEMBL1141,[I-].[K+],"POTASSIUM IODIDE",4,166,approved
CHEMBL1144,CC[C@H](C)C(=O)O[C@H]1C[C@H](O)C=C2C=C[C@H](C)[C@H](CC[C@@H](O)C[C@@H](O)CC(=O)O)[C@H]21,PRAVASTATIN,4,424.53,approved
CHEMBL1146,Cn1nnnc1SCC1=C(C(=O)O)N2C(=O)[C@@H](NC(=O)[C@H](O)c3ccccc3)[C@H]2SC1,CEFAMANDOLE,4,462.51,approved
CHEMBL1148,Cc1cccc(Nc2ccncc2S(=O)(=O)NC(=O)NC(C)C)c1,TORSEMIDE,4,348.43,approved
CHEMBL1149,C[N+](C)(C)C[C@H](O)CC(=O)[O-],LEVOCARNITINE,4,161.2,approved
CHEMBL1152,CC(=O)OCC(=O)[C@@]1(O)CC[C@H]2[C@@H]3CCC4=CC(=O)C=C[C@]4(C)[C@H]3[C@@H](O)C[C@@]21C,"PREDNISOLONE ACETATE",4,402.49,approved
CHEMBL325109,COc1cc(N)c(Cl)cc1C(=O)NC1CCN(Cc2ccccc2)CC1,CLEBOPRIDE,4,373.88,approved
CHEMBL112570,CC(C)CCC[C@@H](C)[C@H]1CC[C@H]2[C@@H]3CC=C4C[C@@H](O)CC[C@]4(C)[C@H]3CC[C@]12C,CHOLESTEROL,4,386.66,approved
CHEMBL110691,CC(=O)O[C@]1(C(C)=O)CC[C@H]2[C@@H]3C=C(Cl)C4=CC(=O)CC[C@]4(C)[C@H]3CC[C@@]21C,"CHLORMADINONE ACETATE",4,404.93,approved
CHEMBL113178,C[Se]CC[C@H](N)C(=O)O,SELENOMETHIONINE,4,196.11,approved
CHEMBL325041,CC(C)C[C@H](NC(=O)[C@H](Cc1ccccc1)NC(=O)c1cnccn1)B(O)O,BORTEZOMIB,4,384.25,approved
CHEMBL1159,CC(N/C(=N\C#N)Nc1ccncc1)C(C)(C)C,"PINACIDIL ANHYDROUS",4,245.33,approved
CHEMBL1161,C[C@@H]1C[C@H]2[C@@H]3CCC4=CC(=O)C=C[C@]4(C)[C@@]3(Cl)[C@@H](O)C[C@]2(C)[C@@]1(OC(=O)c1ccco1)C(=O)CCl,"MOMETASONE FUROATE",4,521.44,approved
CHEMBL1162,C#C[C@]1(O)CC[C@H]2[C@@H]3CCC4=CC(=O)CC[C@@H]4[C@H]3CC[C@@]21C,NORETHINDRONE,4,298.43,approved
CHEMBL1165,CCOC(=O)[C@H](CCc1ccccc1)N[C@@H](C)C(=O)N1Cc2cc(OC)c(OC)cc2C[C@H]1C(=O)O,MOEXIPRIL,4,498.58,approved
CHEMBL1166,CC1CNc2c(cccc2S(=O)(=O)N[C@@H](CCCNC(=N)N)C(=O)N2CC[C@@H](C)C[C@@H]2C(=O)O)C1,ARGATROBAN,4,508.65,approved
CHEMBL1167,CN[C@@H]1[C@H](O)[C@H](NC)[C@H]2O[C@@]3(O)C(=O)C[C@@H](C)O[C@H]3O[C@@H]2[C@H]1O,SPECTINOMYCIN,4,332.35,approved
CHEMBL1168,CCOC(=O)[C@H](CCc1ccccc1)N[C@@H](C)C(=O)N1[C@H](C(=O)O)C[C@@H]2CCC[C@@H]21,RAMIPRIL,4,416.52,approved
CHEMBL419213,NCCCC[C@H](N[C@@H](CCc1ccccc1)C(=O)O)C(=O)N1CCC[C@H]1C(=O)O.O.O,LISINOPRIL,4,441.53,approved
CHEMBL1169,Nc1ccc(C(=O)O)c(O)c1,"AMINOSALICYLIC ACID",4,153.14,approved
CHEMBL1170,CCC(=O)O[C@H]1CC[C@H]2[C@@H]3CCC4=CC(=O)CC[C@]4(C)[C@H]3CC[C@]12C,"TESTOSTERONE PROPIONATE",4,344.5,approved
CHEMBL117287,COCCCN1CCC(NC(=O)c2cc(Cl)c(N)c3c2OCC3)CC1,PRUCALOPRIDE,4,367.88,approved
CHEMBL1172,Clc1ccc2c(c1)CCc1cccnc1C2=C1CCNCC1,DESLORATADINE,4,310.83,approved
CHEMBL333826,Cc1cc(N)c2ccccc2[n+]1CCCCCCCCCC[n+]1c(C)cc(N)c2ccccc21,DEQUALINIUM,4,456.68,approved
CHEMBL1175,CNCC[C@H](Oc1cccc2ccccc12)c1cccs1,DULOXETINE,4,297.42,approved
CHEMBL1177,NC1=NC(=O)C(c2ccccc2)O1,PEMOLINE,4,176.18,approved
CHEMBL119423,Sc1ncnc2[nH]ncc12,TISOPURINE,4,152.18,approved
CHEMBL117785,COc1cc2c(cc1OC)C1CC(=O)C(CC(C)C)CN1CC2,TETRABENAZINE,4,317.43,approved
CHEMBL1184,CC(=O)OCC[N+](C)(C)C.[Cl-],"ACETYLCHOLINE CHLORIDE",4,181.66,approved
CHEMBL1185,CN(C)CCc1c[nH]c2ccc(C[C@H]3COC(=O)N3)cc12,ZOLMITRIPTAN,4,287.36,approved
CHEMBL119443,C[C@@H](CO)NC(=O)[C@@H]1C=C2c3cccc4[nH]cc(c34)C[C@H]2N(C)C1,ERGONOVINE,4,325.41,approved
CHEMBL121626,Cc1c(Cl)cccc1Nc1ccccc1C(=O)O,"TOLFENAMIC ACID",4,261.71,approved
CHEMBL338975,CNC(=O)Oc1ccc2c(c1)[C@]1(C)CCN(C)[C@@H]1N2C.O=C(O)c1ccccc1O,"PHYSOSTIGMINE SALICYLATE",4,413.47,approved
CHEMBL121663,Cc1cc(N)c2ccccc2[n+]1CCCCCCCCCC[n+]1c(C)cc(N)c2ccccc21.[Cl-].[Cl-],"DEQUALINIUM CHLORIDE",4,527.58,approved
CHEMBL1190,C[N+](C)(C)CCCCCCCCCC[N+](C)(C)C,DECAMETHONIUM,4,258.49,approved
CHEMBL339427,COc1cc2c3cc1Oc1cc(ccc1O)C[C@@H]1c4c(cc(OC)c(O)c4Oc4ccc(cc4)C[C@@H]3N(C)CC2)CC[N+]1(C)C,TUBOCURARINE,4,609.74,approved
CHEMBL338802,N=C(N)NS(=O)(=O)c1ccc(N)cc1,SULFAGUANIDINE,4,214.25,approved
CHEMBL1191,Cc1nnc(NS(=O)(=O)c2ccc(N)cc2)s1,SULFAMETHIZOLE,4,270.34,approved
CHEMBL1193,CN(C)CCC(c1ccccc1)c1ccccn1,PHENIRAMINE,4,240.35,approved
CHEMBL1194,CCCNC(C)C(=O)Nc1ccccc1C,PRILOCAINE,4,220.32,approved
CHEMBL1195,CCCOc1cc(N)ccc1C(=O)OCCN(CC)CC,PROPOXYCAINE,4,294.4,approved
CHEMBL1196,CCCOc1ccc(C(=O)OCCN(CC)CC)cc1N,PROPARACAINE,4,294.39,approved
CHEMBL1197,CC(CNC1CCCCC1)OC(=O)c1ccccc1,HEXYLCAINE,4,261.36,approved
CHEMBL1198,CCCCOc1ccc(OCCCN2CCOCC2)cc1,PRAMOXINE,4,293.41,approved
CHEMBL1200,CCCCOc1cc(C(=O)OCCN(CC)CC)ccc1N,BENOXINATE,4,308.42,approved
CHEMBL1201,CN1CCN(CC/C=C2/c3ccccc3Sc3ccc(S(=O)(=O)N(C)C)cc32)CC1,THIOTHIXENE,4,443.64,approved
CHEMBL126224,CN(C)CCCn1c2c(c3ccccc31)CCCCCC2,IPRINDOLE,4,284.45,approved
CHEMBL127516,CCCCOC(=O)c1ccc(N)cc1,BUTAMBEN,4,193.25,approved
CHEMBL1202,Cl.O=C(O)c1cn(C2CC2)c2cc(N3CCNCC3)c(F)cc2c1=O,"CIPROFLOXACIN HYDROCHLORIDE",4,367.81,approved
CHEMBL1205,CS(=O)(=O)O.Cc1c(O)cccc1C(=O)N[C@@H](CSc1ccccc1)[C@H](O)CN1C[C@H]2CCCC[C@H]2C[C@H]1C(=O)NC(C)(C)C,"NELFINAVIR MESYLATE",4,663.9,approved
CHEMBL1206,CCN(CC)C(C)CN1c2ccccc2Sc2ccccc21,ETHOPROPAZINE,4,312.48,approved
CHEMBL1208,CCn1nc(C(=O)O)c(=O)c2cc3c(cc21)OCO3,CINOXACIN,4,262.22,approved
CHEMBL132530,C[C@]12CCC(=O)C(O)=C1CC[C@@H]1[C@@H]2CC[C@]2(C)C(=O)CC[C@@H]12,FORMESTANE,4,302.41,approved
CHEMBL1214,CC1(C)S[C@@H]2[C@H](NC(=O)C(C(=O)O)c3ccccc3)C(=O)N2[C@H]1C(=O)O,CARBENICILLIN,4,378.41,approved
CHEMBL340978,CC(C(=O)O)c1ccc2oc(-c3ccc(Cl)cc3)nc2c1,BENOXAPROFEN,4,301.73,approved
CHEMBL1215,CNC[C@H](O)c1cccc(O)c1,PHENYLEPHRINE,4,167.21,approved
CHEMBL1218,CCC(=O)NCC[C@@H]1CCc2ccc3c(c21)CCO3,RAMELTEON,4,259.35,approved
CHEMBL1219,COCCCOc1ccnc(C[S+]([O-])c2nc3ccccc3[nH]2)c1C,RABEPRAZOLE,4,359.45,approved
CHEMBL1220,CCS(=O)(=O)CCn1c([N+](=O)[O-])cnc1C,TINIDAZOLE,4,247.28,approved
CHEMBL1221,Clc1ccc(CSC(Cn2ccnc2)c2ccc(Cl)cc2Cl)cc1,SULCONAZOLE,4,397.76,approved
CHEMBL135400,CN1CCN(C(=O)OC2c3nccnc3C(=O)N2c2ccc(Cl)cn2)CC1,ZOPICLONE,4,388.82,approved
CHEMBL1223,CC1(C)S[C@@H]2[C@H](NC(=O)Cc3ccccc3)C(=O)N2[C@H]1C(=O)[O-].[K+],"PENICILLIN G POTASSIUM",4,372.49,approved
CHEMBL1224,Cc1ccc(/C(=C\CN2CCCC2)c2cccc(/C=C/C(=O)O)n2)cc1,ACRIVASTINE,4,348.45,approved
CHEMBL344159,Cc1ccccc1C(=O)Nc1ccc(C(=O)N2CCCC(O)c3cc(Cl)ccc32)c(C)c1,TOLVAPTAN,4,448.95,approved
CHEMBL1228,CCCCC1C(=O)N(c2ccccc2)N(c2ccc(O)cc2)C1=O,"OXYPHENBUTAZONE ANHYDROUS",4,324.38,approved
CHEMBL1229,CCOC(=O)C1=C[C@@H](OC(CC)CC)[C@H](NC(C)=O)[C@@H](N)C1,OSELTAMIVIR,4,312.41,approved
CHEMBL139367,CCC(CC)[C@H](NC(C)=O)[C@@H]1[C@H](O)[C@@H](C(=O)O)C[C@H]1NC(=N)N,"PERAMIVIR ANHYDROUS",4,328.41,approved
CHEMBL341812,CC(C)Cc1ccc(CC(=O)O)cc1,IBUFENAC,4,192.26,approved
CHEMBL1231,CCN(CC)CC#CCOC(=O)C(O)(c1ccccc1)C1CCCCC1,OXYBUTYNIN,4,357.49,approved
CHEMBL1233,CCCC(C)(COC(N)=O)COC(=O)NC(C)C,CARISOPRODOL,4,260.33,approved
CHEMBL1234,CC(=O)N(O)CCCCCNC(=O)CCC(=O)N(O)CCCCCNC(=O)CCC(=O)N(O)CCCCCN.CS(=O)(=O)O,"DEFEROXAMINE MESYLATE",4,656.8,approved
CHEMBL1237,NCCCC[C@H](N[C@@H](CCc1ccccc1)C(=O)O)C(=O)N1CCC[C@H]1C(=O)O,"LISINOPRIL ANHYDROUS",4,405.5,approved
CHEMBL1238,O=C(O)CCCCCCCC(=O)O,"AZELAIC ACID",4,188.22,approved
CHEMBL1239,O=C(OCc1ccccc1)c1ccccc1,"BENZYL BENZOATE",4,212.25,approved
CHEMBL1240,CC(C)[N+](C)(CCOC(=O)C1c2ccccc2Oc2ccccc21)C(C)C.[Br-],"PROPANTHELINE BROMIDE",4,448.4,approved
CHEMBL1241,CN(C)CCN(Cc1ccccc1)c1ccccn1,TRIPELENNAMINE,4,255.37,approved
CHEMBL1242,Nc1ccc(/N=N/c2ccccc2)c(N)n1,PHENAZOPYRIDINE,4,213.24,approved
CHEMBL141305,CC(=O)Oc1ccc(C(=C2CCCCC2)c2ccc(OC(C)=O)cc2)cc1,CYCLOFENIL,4,364.44,approved
CHEMBL139877,NC(=O)NS(=O)(=O)c1ccc(N)cc1,SULFACARBAMIDE,4,215.23,approved
CHEMBL1243,Nc1ccc(S(=O)(=O)NC(=O)c2ccccc2)cc1,SULFABENZAMIDE,4,276.32,approved
CHEMBL142703,N#C[C@@H]1CCCN1C(=O)CNC12CC3CC(CC(O)(C3)C1)C2,VILDAGLIPTIN,4,303.41,approved
CHEMBL1245,CC1(C)C2CCC1(CS(=O)(=O)[O-])C(=O)C2.O=C1N(Cc2ccccc2)C2C[S+]3CCCC3C2N1Cc1ccccc1,"TRIMETHAPHAN CAMSYLATE",4,596.82,approved
CHEMBL139835,CC(=O)O[C@]1(C(C)=O)CC[C@H]2[C@@H]3C=C(Cl)C4=CC(=O)[C@@H]5C[C@@H]5[C@]4(C)[C@H]3CC[C@@]21C,"CYPROTERONE ACETATE",4,416.95,approved
CHEMBL142635,COc1ccccc1N1CCN(CC(O)COc2cccc3ccccc23)CC1,NAFTOPIDIL,4,392.5,approved
CHEMBL1256,FC(F)OC(Cl)C(F)(F)F,ISOFLURANE,4,184.49,approved
CHEMBL1257,FC(F)OC(F)(F)C(F)Cl,ENFLURANE,4,184.49,approved
CHEMBL1259,COc1ccc2cc1Oc1cc3c(cc1OC)CC[N+](C)(C)[C@H]3Cc1ccc(cc1)Oc1c(OC)c(OC)cc3c1[C@@H](C2)[N+](C)(C)CC3,METOCURINE,4,652.83,approved
CHEMBL1261,O=C(O)CC(O)(CC(=O)O)C(=O)O,"CITRIC ACID",4,192.12,approved
CHEMBL144673,CCCCC(CC)CN1CN(CC(CC)CCCC)CC(C)(N)C1,HEXETIDINE,4,339.61,approved
CHEMBL1262,Clc1ccc(CO/N=C(\Cn2ccnc2)c2ccc(Cl)cc2Cl)c(Cl)c1,OXICONAZOLE,4,429.13,approved
CHEMBL1263,OCc1cc(C(O)CNCCCCCCOCCCCc2ccccc2)ccc1O,SALMETEROL,4,415.57,approved
CHEMBL1265,COc1ccc(-c2ccc3cc(C(=O)O)ccc3c2)cc1C12CC3CC(CC(C3)C1)C2,ADAPALENE,4,412.53,approved
CHEMBL146095,O=C(OCC(O)CO)c1ccccc1Nc1ccnc2cc(Cl)ccc12,GLAFENINE,4,372.81,approved
CHEMBL1266,c1ccc2c(c1)CCCC2C1=NCCN1,TETRAHYDROZOLINE,4,200.28,approved
CHEMBL1271,C[N+]1(CCCCC[N+]2(C)CCCC2)CCCC1,PENTOLINIUM,4,240.44,approved
CHEMBL1272,CCOc1cc(CC(=O)N[C@@H](CC(C)C)c2ccccc2N2CCCCC2)ccc1C(=O)O,REPAGLINIDE,4,452.6,approved
CHEMBL1274,CC1(C)NC(=O)N(c2ccc([N+](=O)[O-])c(C(F)(F)F)c2)C1=O,NILUTAMIDE,4,317.22,approved
CHEMBL1275,CCCN1C[C@H](CSC)C[C@@H]2c3cccc4[nH]cc(c34)C[C@H]21.CS(=O)(=O)O,"PERGOLIDE MESYLATE",4,410.61,approved
CHEMBL1278,CNS(=O)(=O)CCc1ccc2[nH]cc(C3CCN(C)CC3)c2c1,NARATRIPTAN,4,335.47,approved
CHEMBL1279,CN[C@@H]1CCc2[nH]c3ccc(C(N)=O)cc3c2C1,FROVATRIPTAN,4,243.31,approved
CHEMBL1280,COc1ccc(CCN(C)CCCC(C#N)(c2ccc(OC)c(OC)c2)C(C)C)cc1OC.Cl,"VERAPAMIL HYDROCHLORIDE",4,491.07,approved
CHEMBL149972,CCC1(c2ccccc2)C(=O)N=C([O-])NC1=O.[Na+],"PHENOBARBITAL SODIUM",4,254.22,approved
CHEMBL1282,CC(C)Cn1cnc2c(N)nc3ccccc3c21,IMIQUIMOD,4,240.31,approved
CHEMBL1286,CC[C@@H](C(N)=O)N1CCCC1=O,LEVETIRACETAM,4,170.21,approved
CHEMBL1289,Clc1cc(Cl)c(OCC#CI)cc1Cl,HALOPROGIN,4,361.39,approved
CHEMBL1290,CC(C)(C)NC[C@H](O)COc1ccccc1C1CCCC1,PENBUTOLOL,4,291.44,approved
CHEMBL345524,O=C(OCCN1CCN(c2cccc(C(F)(F)F)c2)CC1)c1ccccc1Nc1ccnc2cc(C(F)(F)F)ccc12,ANTRAFENINE,4,588.55,approved
CHEMBL1291,CC(=O)Oc1c(C)cc(OCC(O)CNC(C)C)c(C)c1C,METIPRANOLOL,4,309.41,approved
CHEMBL1292,CC(C)/N=c1\cc2n(-c3ccc(Cl)cc3)c3ccccc3nc-2cc1Nc1ccc(Cl)cc1,CLOFAZIMINE,4,473.41,approved
CHEMBL1293,CC1=C(/C=C/C(C)=C/C=C/C(C)=C/C=C/C=C(C)/C=C/C=C(C)/C=C/C2=C(C)CCCC2(C)C)C(C)(C)CCC1,"BETA CAROTENE",4,536.89,approved
CHEMBL1294,C=C[C@H]1CN2CC[C@H]1C[C@@H]2[C@@H](O)c1ccnc2ccc(OC)cc12,QUINIDINE,4,324.42,approved
CHEMBL1295,Clc1ccc(CCC(Cn2ccnc2)Sc2c(Cl)cccc2Cl)cc1,BUTOCONAZOLE,4,411.79,approved
CHEMBL1296,CN(C)CCn1nnnc1SCC1=C(C(=O)O)N2C(=O)[C@@H](NC(=O)Cc3csc(N)n3)[C@H]2SC1,CEFOTIAM,4,525.64,approved
CHEMBL154111,O=C(Oc1ccccc1C(=O)O)c1ccccc1O,SALSALATE,4,258.23,approved
CHEMBL1297,CC(C(=O)O)c1cccc(Oc2ccccc2)c1,FENOPROFEN,4,242.27,approved
CHEMBL345714,Cc1cnc(C(=O)O)c[n+]1[O-],ACIPIMOX,4,154.12,approved
CHEMBL157101,CC(=O)N1CCN(c2ccc(OCC3COC(Cn4ccnc4)(c4ccc(Cl)cc4Cl)O3)cc2)CC1,KETOCONAZOLE,4,531.44,approved
CHEMBL170,C=C[C@H]1CN2CC[C@H]1C[C@H]2[C@H](O)c1ccnc2ccc(OC)cc12,QUININE,4,324.42,approved
CHEMBL346235,CCN(CC)CCOc1ccc2nc(N(C)C)sc2c1.Cl.Cl,"DIAMTHAZOLE DIHYDROCHLORIDE",4,366.36,approved
CHEMBL1301,N=C(N)c1ccc(/C=C/c2ccc(C(=N)N)cc2O)cc1,HYDROXYSTILBAMIDINE,4,280.33,approved
CHEMBL1303,CCCN(CCc1cccs1)[C@H]1CCc2c(O)cccc2C1,ROTIGOTINE,4,315.48,approved
CHEMBL349803,NS(=O)(=O)c1cc(C(=O)O)cc(N2CCCC2)c1Oc1ccccc1,PIRETANIDE,4,362.41,approved
CHEMBL1305,c1ccc(CN(CC2=NCCN2)c2ccccc2)cc1,ANTAZOLINE,4,265.36,approved
CHEMBL1306,CC(C)N1CCN(c2ccc(OC[C@H]3CO[C@](Cn4cncn4)(c4ccc(Cl)cc4Cl)O3)cc2)CC1,TERCONAZOLE,4,532.47,approved
CHEMBL350221,N[C@@H](Cc1c[nH]c2ccc(O)cc12)C(=O)O,OXITRIPTAN,4,220.23,approved
CHEMBL1311,O=[N+]([O-])O[C@@H]1CO[C@H]2[C@@H]1OC[C@@H]2O,"ISOSORBIDE MONONITRATE",4,191.14,approved
CHEMBL157138,CCN(CC)C(=O)N[C@H]1C=C2c3cccc4[nH]cc(c34)C[C@H]2N(C)C1,LISURIDE,4,338.46,approved
CHEMBL1314,CC(S)C(=O)NCC(=O)O,TIOPRONIN,4,163.2,approved
CHEMBL1316,CC(C(=O)O)c1ccc2c(c1)[nH]c1ccc(Cl)cc12,CARPROFEN,4,273.72,approved
CHEMBL346977,CC(CN1c2ccccc2Sc2ccc(S(=O)(=O)N(C)C)cc21)N(C)C,FONAZINE,4,391.56,approved
CHEMBL159226,CC(=O)Oc1cc(C(C)C)c(OCCN(C)C)cc1C,MOXISYLYTE,4,279.38,approved
CHEMBL1321,CNNCc1ccc(C(=O)NC(C)C)cc1,PROCARBAZINE,4,221.3,approved
CHEMBL1323,CC(C)CN(C[C@@H](O)[C@H](Cc1ccccc1)NC(=O)O[C@H]1CO[C@H]2OCC[C@H]21)S(=O)(=O)c1ccc(N)cc1,DARUNAVIR,4,547.67,approved
CHEMBL1324,Cc1ccc(C(=O)c2cc(O)c(O)c([N+](=O)[O-])c2)cc1,TOLCAPONE,4,273.24,approved
CHEMBL162036,CC(=O)Nc1ccc(OC(=O)c2ccccc2OC(C)=O)cc1,BENORILATE,4,313.31,approved
CHEMBL1336,CNC(=O)c1cc(Oc2ccc(NC(=O)Nc3ccc(Cl)c(C(F)(F)F)c3)cc2)ccn1,SORAFENIB,4,464.83,approved
CHEMBL167150,COP(=O)(OC)C(O)C(Cl)(Cl)Cl,TRICHLORFON,4,257.44,approved
CHEMBL168815,CC1OC2(CS1)CN1CCC2CC1,CEVIMELINE,4,199.32,approved
CHEMBL167731,NCCNc1ccc(NCCN)c2c1C(=O)c1ccncc1C2=O,PIXANTRONE,4,325.37,approved
CHEMBL1337,O=C1CCCC(=O)C1C(=O)c1ccc(C(F)(F)F)cc1[N+](=O)[O-],NITISINONE,4,329.23,approved
CHEMBL170988,N=C(N)NC(=N)NCCc1ccccc1,PHENFORMIN,4,205.26,approved
CHEMBL169901,N=C(N)N1CCc2ccccc2C1,DEBRISOQUIN,4,175.24,approved
CHEMBL354541,O=C(NC1CCN(CCCCC2(C(=O)NCC(F)(F)F)c3ccccc3-c3ccccc32)CC1)c1ccccc1-c1ccc(C(F)(F)F)cc1,LOMITAPIDE,4,693.73,approved
CHEMBL1339,CCCc1nc(C)c2c(O)nc(-c3cc(S(=O)(=O)N4CCN(CC)CC4)ccc3OCC)nn12.Cl,"VARDENAFIL HYDROCHLORIDE",4,525.08,approved
CHEMBL1341,COC(F)(F)C(Cl)Cl,METHOXYFLURANE,4,164.97,approved
CHEMBL1345,N=C(N)NCCN1CCCCCCC1.O=S(=O)(O)O,"GUANETHIDINE MONOSULFATE",4,296.39,approved
CHEMBL1346,NC(=O)C(c1ccccc1)(c1ccccc1)[C@@H]1CCN(CCc2ccc3c(c2)CCO3)C1,DARIFENACIN,4,426.56,approved
CHEMBL175247,CCCCCCCCCCC[C@@H](C[C@@H]1OC(=O)[C@H]1CCCCCC)OC(=O)[C@H](CC(C)C)NC=O,ORLISTAT,4,495.75,approved
CHEMBL177367,O=[N+]([O-])[O-].[Ag+],"SILVER NITRATE",4,169.87,approved
CHEMBL175691,Cc1cc(/C=C/C#N)cc(C)c1Nc1ccnc(Nc2ccc(C#N)cc2)n1,RILPIVIRINE,4,366.43,approved
CHEMBL1349,CC(C)[C@H](N)C(=O)OCCOCn1cnc2c(=O)nc(N)[nH]c21,VALACYCLOVIR,4,324.34,approved
CHEMBL539423,CCCCC1=NC2(CCCC2)C(=O)N1Cc1ccc(-c2ccccc2S(=O)(=O)Nc2noc(C)c2C)c(COCC)c1,SPARSENTAN,4,592.76,approved
CHEMBL180022,CCOc1cc2ncc(C#N)c(Nc3ccc(OCc4ccccn4)c(Cl)c3)c2cc1NC(=O)/C=C/CN(C)C,NERATINIB,4,557.05,approved
CHEMBL1350,O=P(O)(O)C(Sc1ccc(Cl)cc1)P(=O)(O)O,"TILUDRONIC ACID",4,318.61,approved
CHEMBL178803,CCN1CCN(c2cc(-c3ccc(F)cc3)c3c(n2)CCCCCC3)CC1,BLONANSERIN,4,367.51,approved
CHEMBL360328,C[C@H]1CNCCc2ccc(Cl)cc21,LORCASERIN,4,195.69,approved
CHEMBL361812,O=C(O)CCn1c2c(c3ccccc31)C[C@H](NS(=O)(=O)c1ccc(F)cc1)CC2,RAMATROBAN,4,416.47,approved
CHEMBL1355,O=C([O-])CC(O)(CC(=O)[O-])C(=O)[O-].[Na+].[Na+].[Na+],"SODIUM CITRATE",4,258.07,approved
CHEMBL1356,O=C([O-])c1ccccc1.[Na+],"SODIUM BENZOATE",4,144.1,approved
CHEMBL1358,C[C@]12CC[C@@H]3c4ccc(O)cc4C[C@@H](CCCCCCCCC[S+]([O-])CCCC(F)(F)C(F)(F)F)[C@H]3[C@@H]1CC[C@@H]2O,FULVESTRANT,4,606.78,approved
CHEMBL1359,C[C@@H](O)[C@H]1C(=O)N2C(C(=O)O)=C(S[C@@H]3CN[C@H](C(=O)Nc4cccc(C(=O)O)c4)C3)[C@H](C)[C@H]12,ERTAPENEM,4,475.52,approved
CHEMBL174,CC1(C)S[C@@H]2[C@H](NC(=O)[C@H](N)c3ccccc3)C(=O)N2[C@H]1C(=O)O,AMPICILLIN,4,349.41,approved
CHEMBL360055,CC[N+](CC)(CC)CCOc1cccc(OCC[N+](CC)(CC)CC)c1OCC[N+](CC)(CC)CC,GALLAMINE,4,510.83,approved
CHEMBL1363,COc1ccc(C[C@@H](C)NC[C@H](O)c2ccc(O)c(NC=O)c2)cc1,ARFORMOTEROL,4,344.41,approved
CHEMBL1364,Cc1ncc(CO)c(CO)c1O,PYRIDOXINE,4,169.18,approved
CHEMBL184412,CCCCc1oc2ccc(NS(C)(=O)=O)cc2c1C(=O)c1ccc(OCCCN(CCCC)CCCC)cc1,DRONEDARONE,4,556.77,approved
CHEMBL363295,CC(CC(c1ccccc1)c1ccccc1)NC(C)(C)C,TERODILINE,4,281.44,approved
CHEMBL439849,N#Cc1ccc2[nH]cc(CCCCN3CCN(c4ccc5oc(C(N)=O)cc5c4)CC3)c2c1,VILAZODONE,4,441.54,approved
CHEMBL1370,CCCC1O[C@@H]2C[C@H]3[C@@H]4CCC5=CC(=O)C=C[C@]5(C)[C@H]4[C@@H](O)C[C@]3(C)[C@]2(C(=O)CO)O1,BUDESONIDE,4,430.54,approved
CHEMBL361506,N=C(N)c1ccc(OCCCCCOc2ccc(C(=N)N)cc2)cc1.O=S(=O)(O)CCO.O=S(=O)(O)CCO,"PENTAMIDINE ISETHIONATE",4,592.69,approved
CHEMBL189171,COc1ccc2c(c1)c(CC(=O)OCC(=O)O)c(C)n2C(=O)c1ccc(Cl)cc1,ACEMETACIN,4,415.83,approved
CHEMBL188952,CC(C(=O)O)c1ccc(N2CC=CC2)c(Cl)c1,PIRPROFEN,4,251.71,approved
CHEMBL1371,O=c1[nH]c2cc(Cl)ccc2o1,CHLORZOXAZONE,4,169.57,approved
CHEMBL361497,C[C@H]1[C@H](OC(=O)CCC(=O)O)O[C@@H]2O[C@@]3(C)CC[C@H]4[C@H](C)CC[C@@H]1[C@@]24OO3,ARTESUNATE,4,384.43,approved
CHEMBL188921,COc1cc(OC)c(C(=O)CCCN2CCCC2)c(OC)c1,BUFLOMEDIL,4,307.39,approved
CHEMBL187709,CCN(CC)CCOc1ccc(C(O)(Cc2ccc(Cl)cc2)c2ccc(C)cc2)cc1,TRIPARANOL,4,438.01,approved
CHEMBL191083,CN(C)c1ccc2nc3ccc(=[N+](C)C)cc-3sc2c1,"METHYLENE BLUE CATION",4,284.41,approved
CHEMBL1372,N[C@@H](CCC(=O)N[C@@H](CSSC[C@H](NC(=O)CC[C@H](N)C(=O)O)C(=O)NCC(=O)O)C(=O)NCC(=O)O)C(=O)O,OXIGLUTATIONE,4,612.64,approved
CHEMBL1373,NC(=O)C[S+]([O-])C(c1ccccc1)c1ccccc1,MODAFINIL,4,273.36,approved
CHEMBL365795,CC(C(=O)O)c1ccc(C(=O)c2ccccc2)s1,"TIAPROFENIC ACID",4,260.31,approved
CHEMBL435298,C[C@H](C(=O)O)c1ccc(-c2ccccc2)c(F)c1,ESFLURBIPROFEN,4,244.26,approved
CHEMBL175,CC(C)Cc1ccc([C@H](C)C(=O)O)cc1,DEXIBUPROFEN,4,206.28,approved
CHEMBL190461,C=C(C)[C@@H]1CCC(C)=C[C@H]1c1c(O)cc(CCCCC)cc1O,CANNABIDIOL,4,314.47,approved
CHEMBL190677,O=C(c1ccccc1)C(O)c1ccccc1,BENZOIN,4,212.25,approved
CHEMBL189963,CC(=O)c1c(C)c2cnc(Nc3ccc(N4CCNCC4)cn3)nc2n(C2CCCC2)c1=O,PALBOCICLIB,4,447.54,approved
CHEMBL364713,COc1ccc2c(c1OC)C(=O)O[C@@H]2[C@H]1c2c(cc3c(c2OC)OCO3)CCN1C,NOSCAPINE,4,413.43,approved
CHEMBL1377,CC(C)NC(=N)NC(=N)Nc1ccc(Cl)cc1,PROGUANIL,4,253.74,approved
CHEMBL1378,CCSc1ccc2c(c1)N(CCCN1CCN(C)CC1)c1ccccc1S2,THIETHYLPERAZINE,4,399.63,approved
CHEMBL193240,O=C(Nc1c(Cl)cncc1Cl)c1ccc(OC(F)F)c(OCC2CC2)c1,ROFLUMILAST,4,403.21,approved
CHEMBL1380,Nc1nc(NC2CC2)c2ncn([C@H]3C=C[C@@H](CO)C3)c2n1,ABACAVIR,4,286.34,approved
CHEMBL1382,Cc1ccc(O)c([C@H](CCN(C(C)C)C(C)C)c2ccccc2)c1,TOLTERODINE,4,325.5,approved
CHEMBL426084,NC(=O)c1ccc2c(c1O)[C@]13CCN(CC4CC4)[C@H](C2)[C@]1(O)CCC(=O)C3,SAMIDORPHAN,4,370.45,approved
CHEMBL197084,C[C@@]1(C(=O)N[C@@H](CCC(=O)O)C(=O)O)CCCN1C(=O)CN,TROFINETIDE,4,315.33,approved
CHEMBL193482,C[C@]12CC[C@@H]3c4ccc(O)cc4CC[C@H]3[C@@H]1C[C@@H](O)[C@@H]2O,ESTRIOL,4,288.39,approved
CHEMBL1387,C#C[C@]1(O)CC[C@H]2[C@@H]3CCC4=C(CCC(=O)C4)[C@H]3CC[C@@]21C,NORETHYNODREL,4,298.43,approved
CHEMBL1388,Oc1ccc(OCc2ccccc2)cc1,MONOBENZONE,4,200.24,approved
CHEMBL1389,C#C[C@]1(O)CC[C@H]2[C@@H]3CCC4=CC(=O)CC[C@@H]4[C@H]3CC[C@@]21CC,LEVONORGESTREL,4,312.45,approved
CHEMBL1393,CC(=O)S[C@@H]1CC2=CC(=O)CC[C@]2(C)[C@H]2CC[C@@]3(C)[C@@H](CC[C@@]34CCC(=O)O4)[C@H]12,SPIRONOLACTONE,4,416.58,approved
CHEMBL363392,CCCCC1(CCCC)CS(=O)(=O)c2ccc(N(C)C)cc2[C@@H](c2ccc(OCc3ccc(C[N+]45CCN(CC4)CC5)cc3)cc2)[C@H]1O,MARALIXIBAT,4,674.97,approved
CHEMBL1395,C[C@]12CCC(=O)C=C1CC[C@@H]1[C@@H]2CC[C@@]2(C)[C@H]1CC[C@]2(C)O,METHYLTESTOSTERONE,4,302.46,approved
CHEMBL198362,O=C(NC[C@H]1CN(c2ccc(N3CCOCC3=O)cc2)C(=O)O1)c1ccc(Cl)s1,RIVAROXABAN,4,435.89,approved
CHEMBL370805,COC(=O)[C@H]1[C@@H](OC(=O)c2ccccc2)C[C@@H]2CC[C@H]1N2C,COCAINE,4,303.36,approved
CHEMBL178,COc1cccc2c1C(=O)c1c(O)c3c(c(O)c1C2=O)C[C@@](O)(C(C)=O)C[C@@H]3O[C@H]1C[C@H](N)[C@H](O)[C@H](C)O1,DAUNORUBICIN,4,527.53,approved
CHEMBL1399,CC(C)(C#N)c1cc(Cn2cncn2)cc(C(C)(C)C#N)c1,ANASTROZOLE,4,293.37,approved
CHEMBL1401,CC(=O)Oc1ccccc1C(=O)Nc1ncc([N+](=O)[O-])s1,NITAZOXANIDE,4,307.29,approved
CHEMBL201960,CCCC(C(=O)c1ccc(C)cc1)N1CCCC1,PYROVALERONE,4,245.37,approved
CHEMBL204656,COc1cc2c(cc1Cc1cccc(Cl)c1F)c(=O)c(C(=O)O)cn2[C@H](CO)C(C)C,ELVITEGRAVIR,4,447.89,approved
CHEMBL203321,CCCCCCCCCCCCCCCCOCCCOP(=O)(O)CO[C@H](CO)Cn1ccc(N)nc1=O,BRINCIDOFOVIR,4,561.7,approved
CHEMBL383634,COc1ccc2c(c1)C(=O)N(CCc1ccc(S(=O)(=O)NC(=O)NC3CCCCC3)cc1)C(=O)C2(C)C,GLIQUIDONE,4,527.64,approved
CHEMBL1404,COc1ccccc1OCC(O)CN1CCN(CC(=O)Nc2c(C)cccc2C)CC1,RANOLAZINE,4,427.55,approved
CHEMBL203266,COc1ccc(CN2CCNCC2)c(OC)c1OC,TRIMETAZIDINE,4,266.34,approved
CHEMBL206253,Cc1ccccc1-c1cc(N2CCN(C)CC2)ncc1N(C)C(=O)C(C)(C)c1cc(C(F)(F)F)cc(C(F)(F)F)c1,NETUPITANT,4,578.6,approved
CHEMBL1405,C[C@]12CC[C@@H]3c4ccc(O)cc4CC[C@H]3[C@@H]1CCC2=O,ESTRONE,4,270.37,approved
CHEMBL205596,C[C@H](CCC(=O)O)[C@H]1CC[C@H]2[C@@H]3[C@H](O)C[C@@H]4C[C@H](O)CC[C@]4(C)[C@H]3C[C@H](O)[C@]12C,"CHOLIC ACID",4,408.58,approved
CHEMBL1409,COCCCC/C(=N\OCCN)c1ccc(C(F)(F)F)cc1.O=C(O)/C=C\C(=O)O,"FLUVOXAMINE MALEATE",4,434.41,approved
CHEMBL1410,CCCCCCCCCc1ccc(OCCOCCOCCOCCOCCOCCOCCOCCOCCO)cc1,"NONOXYNOL 9",4,616.83,approved
CHEMBL427216,Cc1ccc(S(=O)(=O)NC(=O)NN2CC3CCCC3C2)cc1,GLICLAZIDE,4,323.42,approved
CHEMBL383675,Oc1cccc(-c2c3nc(c(-c4cccc(O)c4)c4ccc([nH]4)c(-c4cccc(O)c4)c4ccc([nH]4)c(-c4cccc(O)c4)c4nc2CC4)C=C3)c1,TEMOPORFIN,4,680.76,approved
CHEMBL207538,CC(=O)[C@H]1CC[C@H]2[C@@H]3CC[C@H]4C[C@H](O)CC[C@]4(C)[C@H]3CC[C@]12C,BREXANOLONE,4,318.5,approved
CHEMBL379845,COC(=O)c1cccnc1,"METHYL NICOTINATE",4,137.14,approved
CHEMBL211456,CN[C@@H](C)[C@H](O)c1ccccc1,EPHEDRINE,4,165.24,approved
CHEMBL1413,Cc1cc(C2CCCCC2)n(O)c(=O)c1,CICLOPIROX,4,207.27,approved
CHEMBL443052,OB1OCc2cc(F)ccc21,TAVABOROLE,4,151.93,approved
CHEMBL211471,CN(C)C(=O)Oc1cccc([N+](C)(C)C)c1.COS(=O)(=O)[O-],"NEOSTIGMINE METHYLSULFATE",4,334.39,approved
CHEMBL215645,CCN(C)C(=O)Oc1cccc([C@H](C)N(C)C)c1.O=C(O)C(O)C(O)C(=O)O,"RIVASTIGMINE TARTRATE",4,400.43,approved
CHEMBL1419,CC(C)CC(N(C)C)C1(c2ccc(Cl)cc2)CCC1,SIBUTRAMINE,4,279.86,approved
CHEMBL1420,C[n+]1ccccc1C=NO,PRALIDOXIME,4,137.16,approved
CHEMBL218394,CC(C)(C)NC(=O)N[C@H](C(=O)N1C[C@H]2[C@@H]([C@H]1C(=O)NC(CC1CCC1)C(=O)C(N)=O)C2(C)C)C(C)(C)C,BOCEPREVIR,4,519.69,approved
CHEMBL385517,N#C[C@@H]1C[C@@H]2C[C@@H]2N1C(=O)[C@@H](N)C12CC3CC(CC(O)(C3)C1)C2,"SAXAGLIPTIN ANHYDROUS",4,315.42,approved
CHEMBL1421,Cc1nc(Nc2ncc(C(=O)Nc3c(C)cccc3Cl)s2)cc(N2CCN(CCO)CC2)n1,DASATINIB,4,488.02,approved
CHEMBL1422,N[C@@H](CC(=O)N1CCn2c(nnc2C(F)(F)F)C1)Cc1cc(F)c(F)cc1F,SITAGLIPTIN,4,407.32,approved
CHEMBL1423,O=c1[nH]c2ccccc2n1C1CCN(CCCC(c2ccc(F)cc2)c2ccc(F)cc2)CC1,PIMOZIDE,4,461.56,approved
CHEMBL386630,C[C@]12CC[C@H]3[C@@H](CCC4=CC(=O)CC[C@@]43C)[C@@H]1CC[C@@H]2O,TESTOSTERONE,4,288.43,approved
CHEMBL1425,Sc1ncnc2nc[nH]c12,"MERCAPTOPURINE ANHYDROUS",4,152.18,approved
CHEMBL219916,O=c1[nH]c2ccccc2n1CCCN1CCC(n2c(=O)[nH]c3cc(Cl)ccc32)CC1,DOMPERIDONE,4,425.92,approved
CHEMBL181,CC1=Nc2ccc(Cl)cc2S(=O)(=O)N1,DIAZOXIDE,4,230.68,approved
CHEMBL218650,C[C@]1(COc2ccc(N3CCC(Oc4ccc(OC(F)(F)F)cc4)CC3)cc2)Cn2cc([N+](=O)[O-])nc2O1,DELAMANID,4,534.49,approved
CHEMBL1428,COCCOC(=O)C1=C(C)NC(C)=C(C(=O)OC(C)C)C1c1cccc([N+](=O)[O-])c1,NIMODIPINE,4,418.45,approved
CHEMBL384467,C[C@@H]1C[C@H]2[C@@H]3CCC4=CC(=O)C=C[C@]4(C)[C@@]3(F)[C@@H](O)C[C@]2(C)[C@@]1(O)C(=O)CO,DEXAMETHASONE,4,392.47,approved
CHEMBL182,Nc1nc2c(ncn2COC(CO)CO)c(=O)[nH]1,GANCICLOVIR,4,255.23,approved
CHEMBL184,Nc1nc2c(ncn2COCCO)c(=O)[nH]1,ACYCLOVIR,4,225.21,approved
CHEMBL374731,Cc1cn([C@@H]2C[C@@H](O)[C@H](CO)O2)c(=O)[nH]c1=O,TELBIVUDINE,4,242.23,approved
CHEMBL218490,CCN[C@H]1C[C@H](C)S(=O)(=O)c2sc(S(N)(=O)=O)cc21,DORZOLAMIDE,4,324.45,approved
CHEMBL220491,CCN[C@H]1CN(CCCOC)S(=O)(=O)c2sc(S(N)(=O)=O)cc21,BRINZOLAMIDE,4,383.52,approved
CHEMBL220492,CC1(C)O[C@@H]2[C@@H](CO[C@@]3(COS(N)(=O)=O)OC(C)(C)O[C@@H]23)O1,TOPIRAMATE,4,339.37,approved
CHEMBL426559,CS(=O)(=O)c1cc(F)cc2c3c(n(Cc4ccc(Cl)cc4)c12)[C@@H](CC(=O)O)CC3,LAROPIPRANT,4,435.9,approved
CHEMBL221959,C[C@@H]1CCN(C(=O)CC#N)C[C@@H]1N(C)c1ncnc2[nH]ccc12,TOFACITINIB,4,312.38,approved
CHEMBL185,O=c1[nH]cc(F)c(=O)[nH]1,FLUOROURACIL,4,130.08,approved
CHEMBL1430,CC(C)(S)[C@@H](N)C(=O)O,PENICILLAMINE,4,149.21,approved
CHEMBL1431,CN(C)C(=N)NC(=N)N,METFORMIN,4,129.17,approved
CHEMBL376897,C[N+]1(C)[C@@H]2C[C@@H](OC(=O)[C@H](CO)c3ccccc3)C[C@H]1[C@@H]1O[C@@H]12,METHSCOPOLAMINE,4,318.39,approved
CHEMBL1433,C[C@H]1c2cccc(O)c2C(=O)C2=C(O)[C@]3(O)C(=O)C(C(N)=O)=C(O)[C@@H](N(C)C)[C@@H]3[C@@H](O)[C@@H]21,"DOXYCYCLINE ANHYDROUS",4,444.44,approved
CHEMBL1434,CN(C)c1ccc(O)c2c1C[C@H]1C[C@H]3[C@H](N(C)C)C(O)=C(C(N)=O)C(=O)[C@@]3(O)C(O)=C1C2=O,MINOCYCLINE,4,457.48,approved
CHEMBL1435,Cc1nnc(SCC2=C(C(=O)O)N3C(=O)[C@@H](NC(=O)Cn4cnnn4)[C@H]3SC2)s1,CEFAZOLIN,4,454.52,approved
CHEMBL1436,CO/N=C(\C(=O)N[C@@H]1C(=O)N2C(C(=O)O)=C(COC(N)=O)CS[C@H]12)c1ccco1,CEFUROXIME,4,424.39,approved
CHEMBL222645,Cc1onc(-c2c(F)cccc2Cl)c1C(=O)N[C@@H]1C(=O)N2[C@@H]1SC(C)(C)[C@@H]2C(=O)O,FLOXACILLIN,4,453.88,approved
CHEMBL186,CO/N=C(\C(=O)N[C@@H]1C(=O)N2C(C(=O)[O-])=C(C[N+]3(C)CCCC3)CS[C@H]12)c1csc(N)n1,CEFEPIME,4,480.57,approved
CHEMBL222559,CCC[C@@]1(CCc2ccccc2)CC(O)=C([C@H](CC)c2cccc(NS(=O)(=O)c3ccc(C(F)(F)F)cn3)c2)C(=O)O1,TIPRANAVIR,4,602.68,approved
CHEMBL1437,NC[C@H](O)c1ccc(O)c(O)c1,NOREPINEPHRINE,4,169.18,approved
CHEMBL222813,CC(=O)N[C@H]1[C@H]([C@H](O)[C@H](O)CO)OC(C(=O)O)=C[C@@H]1NC(=N)N,ZANAMIVIR,4,332.31,approved
CHEMBL1439,C[C@]1(Cn2ccnn2)[C@H](C(=O)[O-])N2C(=O)C[C@H]2S1(=O)=O.[Na+],"TAZOBACTAM SODIUM",4,322.28,approved
CHEMBL224325,Cc1ccc2c(Cl)cc(Cl)c(O)c2n1,CHLORQUINALDOL,4,228.08,approved
CHEMBL376140,CN(C)c1cc(NC(=O)CNC(C)(C)C)c(O)c2c1C[C@H]1C[C@H]3[C@H](N(C)C)C(O)=C(C(N)=O)C(=O)[C@@]3(O)C(O)=C1C2=O,TIGECYCLINE,4,585.66,approved
CHEMBL376488,COc1nc2ccc(Br)cc2cc1[C@@H](c1ccccc1)[C@@](O)(CCN(C)C)c1cccc2ccccc12,BEDAQUILINE,4,555.52,approved
CHEMBL1440,CN(C)[C@@H]1C(O)=C(C(N)=O)C(=O)[C@@]2(O)C(O)=C3C(=O)c4c(O)cccc4[C@@](C)(O)[C@H]3C[C@@H]12,TETRACYCLINE,4,444.44,approved
CHEMBL1441,CCc1cc(C(N)=S)ccn1,ETHIONAMIDE,4,166.25,approved
CHEMBL225071,Cc1nc(=O)c2cc(CN(C)c3ccc(C(=O)N[C@@H](CCC(=O)O)C(=O)O)s3)ccc2[nH]1,RALTITREXED,4,458.5,approved
CHEMBL225072,Nc1nc2[nH]cc(CCc3ccc(C(=O)N[C@@H](CCC(=O)O)C(=O)O)cc3)c2c(=O)[nH]1,PEMETREXED,4,427.42,approved
CHEMBL389621,C[C@]12CCC(=O)C=C1CC[C@@H]1[C@@H]2[C@@H](O)C[C@@]2(C)[C@H]1CC[C@]2(O)C(=O)CO,HYDROCORTISONE,4,362.47,approved
CHEMBL1443,CCOc1ccc2ccccc2c1C(=O)N[C@@H]1C(=O)N2[C@@H]1SC(C)(C)[C@@H]2C(=O)O,NAFCILLIN,4,414.48,approved
CHEMBL388590,CCc1oc2ccccc2c1C(=O)c1cc(Br)c(O)c(Br)c1,BENZBROMARONE,4,424.09,approved
CHEMBL1444,N#Cc1ccc(C(c2ccc(C#N)cc2)n2cncn2)cc1,LETROZOLE,4,285.31,approved
CHEMBL223228,O=C1Nc2ccc(Cl)cc2[C@@](C#CC2CC2)(C(F)(F)F)O1,EFAVIRENZ,4,315.68,approved
CHEMBL227529,Cn1c(=O)cc(N2CCC[C@@H](N)C2)n(Cc2ccccc2C#N)c1=O.O=C(O)c1ccccc1,"ALOGLIPTIN BENZOATE",4,461.52,approved
CHEMBL1445,C[C@]1(O)CC[C@H]2[C@@H]3CCC4=CC(=O)CC[C@]4(C)[C@@]3(F)[C@@H](O)C[C@@]21C,FLUOXYMESTERONE,4,336.45,approved
CHEMBL376359,Cn1c(=O)cc(N2CCC[C@@H](N)C2)n(Cc2ccccc2C#N)c1=O,ALOGLIPTIN,4,339.4,approved
CHEMBL1447,CCC[C@@H]1C[C@@H](C(=O)N[C@@H]([C@H]2O[C@H](SC)[C@H](O)[C@@H](O)[C@H]2O)[C@@H](C)O)N(C)C1,LINCOMYCIN,4,406.55,approved
CHEMBL227875,O=[N+]([O-])c1cn2c(n1)OC[C@@H](OCc1ccc(OC(F)(F)F)cc1)C2,PRETOMANID,4,359.26,approved
CHEMBL1448,O=C(Nc1ccc([N+](=O)[O-])cc1Cl)c1cc(Cl)ccc1O,NICLOSAMIDE,4,327.12,approved
CHEMBL1449,CC1(C)S[C@@H]2[C@H](NC(=O)[C@H](C(=O)O)c3ccsc3)C(=O)N2[C@H]1C(=O)O,TICARCILLIN,4,384.44,approved
CHEMBL1450,O=C1C(O)=C([C@H]2CC[C@H](c3ccc(Cl)cc3)CC2)C(=O)c2ccccc21,ATOVAQUONE,4,366.84,approved
CHEMBL229128,Cc1ccccc1OCC(O)CO,MEPHENESIN,4,182.22,approved
CHEMBL189,Cc1[nH]c(=O)c(C#N)cc1-c1ccncc1,MILRINONE,4,211.22,approved
CHEMBL1451,C[C@]12C=CC(=O)C=C1CC[C@H]1[C@@H]3C[C@@H](O)[C@](O)(C(=O)CO)[C@@]3(C)C[C@H](O)[C@@]12F,TRIAMCINOLONE,4,394.44,approved
CHEMBL190,Cn1c(=O)c2[nH]cnc2n(C)c1=O,THEOPHYLLINE,4,180.17,approved
CHEMBL1454,c1ccc([C@H]2CN3CCSC3=N2)cc1,LEVAMISOLE,4,204.3,approved
CHEMBL1455,CN(C)c1nc(N(C)C)nc(N(C)C)n1,ALTRETAMINE,4,210.28,approved
CHEMBL1456,COc1c(C)c2c(c(O)c1C/C=C(\C)CCC(=O)OCCN1CCOCC1)C(=O)OC2,"MYCOPHENOLATE MOFETIL",4,433.5,approved
CHEMBL1457,COc1ccc2c3c1O[C@H]1C(=O)CC[C@H]4[C@@H](C2)N(C)CC[C@]314,HYDROCODONE,4,299.37,approved
CHEMBL396778,C[C@H](NCc1ccc(OCc2cccc(F)c2)cc1)C(N)=O,SAFINAMIDE,4,302.35,approved
CHEMBL231068,O=c1[nH]c2ccccc2n1CCN1CCN(c2cccc(C(F)(F)F)c2)CC1,FLIBANSERIN,4,390.41,approved
CHEMBL243712,CCN1CCCC1CNC(=O)c1cc(S(=O)(=O)CC)c(N)cc1OC,AMISULPRIDE,4,369.49,approved
CHEMBL244888,O=C(N/N=C/c1ccc([N+](=O)[O-])o1)c1ccc(O)cc1,NIFUROXAZIDE,4,275.22,approved
CHEMBL242580,Cc1cc(C2CCCCC2)n(O)c(=O)c1.NCCO,"CICLOPIROX OLAMINE",4,268.36,approved
CHEMBL395091,CN[C@]1(c2ccccc2Cl)CCCCC1=O,ESKETAMINE,4,237.73,approved
CHEMBL1460,O=c1[nH]cnc2c1ncn2[C@H]1CC[C@@H](CO)O1,DIDANOSINE,4,236.23,approved
CHEMBL1463,Nc1nc(=O)[nH]cc1F,FLUCYTOSINE,4,129.09,approved
CHEMBL1464,CC(=O)CC(c1ccccc1)c1c(O)c2ccccc2oc1=O,WARFARIN,4,308.33,approved
CHEMBL397420,CC(=O)CC(c1ccc([N+](=O)[O-])cc1)c1c(O)c2ccccc2oc1=O,ACENOCOUMAROL,4,353.33,approved
CHEMBL1465,CCC(c1ccccc1)c1c(O)c2ccccc2oc1=O,PHENPROCOUMON,4,280.32,approved
CHEMBL1466,O=c1oc2ccccc2c(O)c1Cc1c(O)c2ccccc2oc1=O,DICUMAROL,4,336.3,approved
CHEMBL233406,O=S(=O)([O-])[O-].[Na+].[Na+],"SODIUM SULFATE ANHYDROUS",4,142.04,approved
CHEMBL1467,Oc1ncnc2[nH]ncc12,ALLOPURINOL,4,136.11,approved
CHEMBL232201,CCc1oc2ccccc2c1C(=O)c1cc(I)c(O)c(I)c1,BENZIODARONE,4,518.09,approved
CHEMBL395110,CN1CCCC(CN2c3ccccc3Sc3ccccc32)C1,MEPAZINE,4,310.47,approved
CHEMBL231779,COc1ccc(-n2nc(C(N)=O)c3c2C(=O)N(c2ccc(N4CCCCC4=O)cc2)CC3)cc1,APIXABAN,4,459.51,approved
CHEMBL396416,N[C@@H](CSCC(=O)O)C(=O)O,CARBOCYSTEINE,4,179.2,approved
CHEMBL1469,O=C(O)CCCc1ccccc1,"PHENYLBUTANOIC ACID",4,164.2,approved
CHEMBL235668,N=C1CCCN1Cc1[nH]c(=O)[nH]c(=O)c1Cl,TIPIRACIL,4,242.67,approved
CHEMBL1471,C[C@@H](O[C@H]1OCCN(Cc2n[nH]c(=O)[nH]2)[C@H]1c1ccc(F)cc1)c1cc(C(F)(F)F)cc(C(F)(F)F)c1,APREPITANT,4,534.43,approved
CHEMBL237500,CC#CCn1c(N2CCC[C@@H](N)C2)nc2c1c(=O)n(Cc1nc(C)c3ccccc3n1)c(=O)n2C,LINAGLIPTIN,4,472.55,approved
CHEMBL1473,CCC(=O)O[C@]1(C(=O)SCF)[C@H](C)C[C@H]2[C@@H]3C[C@H](F)C4=CC(=O)C=C[C@]4(C)[C@@]3(F)[C@@H](O)C[C@@]21C,"FLUTICASONE PROPIONATE",4,500.58,approved
CHEMBL1475,Cc1cc2cc3c(C)cc(=O)oc3c(C)c2o1,TRIOXSALEN,4,228.25,approved
CHEMBL1477,COCc1c(C(C)C)nc(C(C)C)c(/C=C/[C@@H](O)C[C@@H](O)CC(=O)O)c1-c1ccc(F)cc1,CERIVASTATIN,4,459.56,approved
CHEMBL240597,C[C@H](CCC(=O)O)[C@H]1CC[C@H]2[C@@H]3[C@H](O)C[C@@H]4C[C@H](O)CC[C@]4(C)[C@H]3CC[C@]12C,CHENODIOL,4,392.58,approved
CHEMBL1479,C#C[C@]1(O)CC[C@H]2[C@@H]3CCC4=Cc5oncc5C[C@]4(C)[C@H]3CC[C@@]21C,DANAZOL,4,337.46,approved
CHEMBL1480,CCOC(=O)C1=C(C)NC(C)=C(C(=O)OC)C1c1cccc(Cl)c1Cl,FELODIPINE,4,384.26,approved
CHEMBL1481,CCC1=C(C)CN(C(=O)NCCc2ccc(S(=O)(=O)NC(=O)N[C@H]3CC[C@H](C)CC3)cc2)C1=O,GLIMEPIRIDE,4,490.63,approved
CHEMBL238804,CC(C)N(CCCCOCC(=O)NS(C)(=O)=O)c1cnc(-c2ccccc2)c(-c2ccccc2)n1,SELEXIPAG,4,496.63,approved
CHEMBL1482,CC(C[N+](C)(C)C)OC(N)=O,BETHANECHOL,4,161.22,approved
CHEMBL1483,CCCSc1ccc2[nH]c(NC(=O)OC)nc2c1,ALBENDAZOLE,4,265.34,approved
CHEMBL239243,NCCS(=O)(=O)O,TAURINE,4,125.15,approved
CHEMBL1484,COC(=O)C1=C(C)NC(C)=C(C(=O)OCCN(C)Cc2ccccc2)C1c1cccc([N+](=O)[O-])c1,NICARDIPINE,4,479.53,approved
CHEMBL245807,O=C1Nc2ccccc2C1(c1ccc(O)cc1)c1ccc(O)cc1,OXYPHENISATINE,4,317.34,approved
CHEMBL191,CCCCc1nc(Cl)c(CO)n1Cc1ccc(-c2ccccc2-c2nnn[nH]2)cc1,LOSARTAN,4,422.92,approved
CHEMBL192,CCCc1nn(C)c2c(=O)[nH]c(-c3cc(S(=O)(=O)N4CCN(C)CC4)ccc3OCC)nc12,SILDENAFIL,4,474.59,approved
CHEMBL247951,CC[C@@H](Oc1cccc(CN(CCCOc2ccc(OC)cc2)c2nc3ccccc3o2)c1)C(=O)O,PEMAFIBRATE,4,490.56,approved
CHEMBL398435,CCCSc1nc(N[C@@H]2C[C@H]2c2ccc(F)c(F)c2)c2nnn([C@@H]3C[C@H](OCCO)[C@@H](O)[C@H]3O)c2n1,TICAGRELOR,4,522.58,approved
CHEMBL1486,CC(C)OC(=O)OCOP(=O)(CO[C@H](C)Cn1cnc2c(N)ncnc21)OCOC(=O)OC(C)C.O=C(O)/C=C/C(=O)O,"TENOFOVIR DISOPROXIL FUMARATE",4,635.52,approved
CHEMBL1487,CC(C)c1c(C(=O)Nc2ccccc2)c(-c2ccccc2)c(-c2ccc(F)cc2)n1CC[C@@H](O)C[C@@H](O)CC(=O)O,ATORVASTATIN,4,558.65,approved
CHEMBL1488,Oc1ncc(N(CCCl)CCCl)c(O)n1,"URACIL MUSTARD",4,252.1,approved
CHEMBL1489,Nc1ncn([C@@H]2O[C@H](CO)[C@@H](O)[C@H]2O)c(=O)n1,AZACITIDINE,4,244.21,approved
CHEMBL251940,N#Cc1ccc2c(c1)N(CCCN1CCC(O)CC1)c1ccccc1S2,PERICIAZINE,4,365.5,approved
CHEMBL1490,OC(CCN1CCCCC1)(c1ccccc1)C1CCCCC1,TRIHEXYPHENIDYL,4,301.47,approved
CHEMBL253371,CCN(CCCc1ccccc1)CCCc1ccccc1,ALVERINE,4,281.44,approved
CHEMBL1491,CCOC(=O)C1=C(COCCN)NC(C)=C(C(=O)OC)C1c1ccccc1Cl,AMLODIPINE,4,408.88,approved
CHEMBL400599,CC(Cc1cccc(C(F)(F)F)c1)NCCOC(=O)c1ccccc1,BENFLUOREX,4,351.37,approved
CHEMBL253376,CN(Cc1cc(Br)cc(Br)c1N)C1CCCCC1,BROMHEXINE,4,376.14,approved
CHEMBL254857,O=C(COc1ccc(Cl)cc1)N1CCN(Cc2ccc3c(c2)OCO3)CC1,FIPEXIDE,4,388.85,approved
CHEMBL1492,CN1CCC(OC(c2ccccc2)c2ccccc2)CC1,DIPHENYLPYRALINE,4,281.4,approved
CHEMBL1493,Cc1c(-c2ccccc2)oc2c(C(=O)OCCN3CCCCC3)cccc2c1=O,FLAVOXATE,4,391.47,approved
CHEMBL255044,CCOC(=O)Nc1ccc(NCc2ccc(F)cc2)nc1N,FLUPIRTINE,4,304.32,approved
CHEMBL250270,COC(=O)C1=C(C)NC(C)=C(C(=O)OC(C)(C)CN(C)CCC(c2ccccc2)c2ccccc2)C1c1cccc([N+](=O)[O-])c1,LERCANIDIPINE,4,611.74,approved
CHEMBL1495,CN1CCCN=C1COC(=O)C(O)(c1ccccc1)C1CCCCC1,OXYPHENCYCLIMINE,4,344.46,approved
CHEMBL404849,CCCCCCCCNC(C)C(O)c1ccc(SC(C)C)cc1,SULOCTIDIL,4,337.57,approved
CHEMBL252556,COC1=C(OC)C(=O)C(CCCCCCCCCCO)=C(C)C1=O,IDEBENONE,4,338.44,approved
CHEMBL1496,CC(C)c1nc(N(C)S(C)(=O)=O)nc(-c2ccc(F)cc2)c1/C=C/[C@@H](O)C[C@@H](O)CC(=O)O,ROSUVASTATIN,4,481.55,approved
CHEMBL1497,CCCCC(=O)O[C@]1(C(=O)CO)[C@@H](C)C[C@H]2[C@@H]3CCC4=CC(=O)C=C[C@]4(C)[C@@]3(F)[C@@H](O)C[C@@]21C,"BETAMETHASONE VALERATE",4,476.59,approved
CHEMBL404422,CCCCC1(CC)C(=O)NC(=O)NC1=O,BUTETHAL,4,212.25,approved
CHEMBL398440,Cc1cc(O)cc(C)c1Cl,CHLOROXYLENOL,4,156.61,approved
CHEMBL1501,CC(=O)OCC(=O)[C@@]12OC(C)(C)O[C@@H]1C[C@H]1[C@@H]3C[C@H](F)C4=CC(=O)C=C[C@]4(C)[C@@]3(F)[C@@H](O)C[C@@]12C,FLUOCINONIDE,4,494.53,approved
CHEMBL398707,CN1CC[C@]23c4c5ccc(O)c4O[C@H]2C(=O)CC[C@H]3[C@H]1C5,HYDROMORPHONE,4,285.34,approved
CHEMBL193,COC(=O)C1=C(C)NC(C)=C(C(=O)OC)C1c1ccccc1[N+](=O)[O-],NIFEDIPINE,4,346.34,approved
CHEMBL1502,COc1ccnc(C[S+]([O-])c2nc3cc(OC(F)F)ccc3[nH]2)c1OC,PANTOPRAZOLE,4,383.38,approved
CHEMBL1503,COc1ccc2[nH]c([S+]([O-])Cc3ncc(C)c(OC)c3C)nc2c1,OMEPRAZOLE,4,345.42,approved
CHEMBL253582,OC[C@H]1O[C@@](CO)(O[C@H]2O[C@H](CO)[C@@H](O)[C@H](O)[C@H]2O)[C@@H](O)[C@@H]1O,SUCROSE,4,342.3,approved
CHEMBL1504,CC1(C)O[C@@H]2C[C@H]3[C@@H]4CCC5=CC(=O)C=C[C@]5(C)[C@@]4(F)[C@@H](O)C[C@]3(C)[C@]2(C(=O)CO)O1,"TRIAMCINOLONE ACETONIDE",4,434.5,approved
CHEMBL252518,C[C@H]1[C@@H](O)O[C@@H]2O[C@]3(C)CC[C@H]4[C@H](C)CC[C@@H]1[C@@]24OO3,ARTENIMOL,4,284.35,approved
CHEMBL1505,CN(C)CCc1c[nH]c2ccc(CS(=O)(=O)N3CCCC3)cc12,ALMOTRIPTAN,4,335.47,approved
CHEMBL1506,CCCCCCCCCCCCCCCC(=O)OC[C@@H](NC(=O)C(Cl)Cl)[C@H](O)c1ccc([N+](=O)[O-])cc1,"CHLORAMPHENICOL PALMITATE",4,561.55,approved
CHEMBL1508,CN(C)CCC[C@@]1(c2ccc(F)cc2)OCc2cc(C#N)ccc21,ESCITALOPRAM,4,324.4,approved
CHEMBL1509,C[C@]12CCC(=O)C=C1[C@@H]1C[C@@H]1[C@H]1[C@@H]3[C@@H]4C[C@@H]4[C@@]4(CCC(=O)O4)[C@@]3(C)CC[C@@H]12,DROSPIRENONE,4,366.5,approved
CHEMBL1510,CN1CCC[C@@H]1Cc1c[nH]c2ccc(CCS(=O)(=O)c3ccccc3)cc12,ELETRIPTAN,4,382.53,approved
CHEMBL1511,CCCCC(=O)O[C@H]1CC[C@H]2[C@@H]3CCc4cc(O)ccc4[C@H]3CC[C@]12C,"ESTRADIOL VALERATE",4,356.51,approved
CHEMBL1512,CC1(C)O[C@@H]2C[C@H]3[C@@H]4C[C@H](F)C5=CC(=O)C=C[C@]5(C)[C@H]4[C@@H](O)C[C@]3(C)[C@]2(C(=O)CO)O1,FLUNISOLIDE,4,434.5,approved
CHEMBL251634,C[C@@H]1C[C@H]2[C@@H]3C[C@H](F)C4=CC(=O)C=C[C@]4(C)[C@H]3[C@@H](O)C[C@]2(C)[C@H]1C(=O)CO,FLUOCORTOLONE,4,376.47,approved
CHEMBL1513,CCCCC1=NC2(CCCC2)C(=O)N1Cc1ccc(-c2ccccc2-c2nnn[nH]2)cc1,IRBESARTAN,4,428.54,approved
CHEMBL1514,CC[C@H](OC(C)=O)C(C[C@H](C)N(C)C)(c1ccccc1)c1ccccc1,"LEVOMETHADYL ACETATE",4,353.51,approved
CHEMBL249837,C=C1c2cccc(O)c2C(=O)C2=C(O)[C@]3(O)C(=O)C(C(N)=O)=C(O)[C@@H](N(C)C)[C@@H]3[C@@H](O)[C@H]12,METHACYCLINE,4,442.42,approved
CHEMBL1517,CN(C)[C@@H]1C(O)=C(C(N)=O)C(=O)[C@@]2(O)C(O)=C3C(=O)c4c(O)cccc4[C@@](C)(O)[C@H]3[C@H](O)[C@@H]12,OXYTETRACYCLINE,4,460.44,approved
CHEMBL1518,CCCc1cc(=O)[nH]c(=S)[nH]1,PROPYLTHIOURACIL,4,170.24,approved
CHEMBL1519,CCOC(=O)[C@H](CCc1ccccc1)N[C@@H](C)C(=O)N1[C@H](C(=O)O)C[C@H]2CCCC[C@@H]21,TRANDOLAPRIL,4,430.55,approved
CHEMBL1520,CCCc1nc(C)c2c(=O)nc(-c3cc(S(=O)(=O)N4CCN(CC)CC4)ccc3OCC)[nH]n12,VARDENAFIL,4,488.61,approved
CHEMBL1521,CCN(C(C)=O)c1cccc(-c2ccnc3c(C#N)cnn23)c1,ZALEPLON,4,305.34,approved
CHEMBL1522,CN1CCN(C(=O)O[C@H]2c3nccnc3C(=O)N2c2ccc(Cl)cn2)CC1,ESZOPICLONE,4,388.82,approved
CHEMBL248702,CCN[C@@H](C)Cc1cccc(C(F)(F)F)c1,DEXFENFLURAMINE,4,231.26,approved
CHEMBL249856,CSc1ccc(C(=O)c2[nH]c(=O)[nH]c2C)cc1,ENOXIMONE,4,248.31,approved
CHEMBL1525,CC1(C)C(C=C(Cl)Cl)C1C(=O)OCc1cccc(Oc2ccccc2)c1,PERMETHRIN,4,391.29,approved
CHEMBL254328,C[C@]12CC[C@H](O)CC1=CC[C@@H]1[C@@H]2CC[C@]2(C)C(c3cccnc3)=CC[C@@H]12,ABIRATERONE,4,349.52,approved
CHEMBL254316,Cc1nnc(C(=O)NC(C)(C)c2nc(C(=O)NCc3ccc(F)cc3)c(O)c(=O)n2C)o1,RALTEGRAVIR,4,444.42,approved
CHEMBL254468,N[C@]1(C(=O)O)C[C@@H]([18F])C1,"FLUCICLOVINE F18",4,132.12,approved
CHEMBL404108,Cc1ccc(Nc2c(F)cccc2Cl)c(CC(=O)O)c1,LUMIRACOXIB,4,293.73,approved
CHEMBL256087,CC1CCC(C(C)C)C(O)C1,MENTHOL,4,156.27,approved
CHEMBL1529,Cl.OC(CCCN1CCCCC1)(c1ccccc1)c1ccccc1,"DIPHENIDOL HYDROCHLORIDE",4,345.91,approved
CHEMBL256997,O=C(O)c1cccc(-c2noc(-c3ccccc3F)n2)c1,ATALUREN,4,284.25,approved
CHEMBL255863,Cc1cn(-c2cc(NC(=O)c3ccc(C)c(Nc4nccc(-c5cccnc5)n4)c3)cc(C(F)(F)F)c2)cn1,NILOTINIB,4,529.53,approved
CHEMBL259209,CCN(CC)C(=O)C1(c2ccccc2)CC1CN,MILNACIPRAN,4,246.35,approved
CHEMBL259571,CC(C)c1c(O)cc(/C=C/c2ccccc2)cc1O,TAPINAROF,4,254.33,approved
CHEMBL1531,C#C[C@]1(O)CC[C@H]2[C@@H]3CCC4=CC(=O)CC[C@@H]4[C@H]3C(=C)C[C@@]21CC,ETONOGESTREL,4,324.46,approved
CHEMBL1532,CCC1NC(=O)c2cc(S(N)(=O)=O)c(Cl)cc2N1,QUINETHAZONE,4,289.74,approved
CHEMBL1533,C#C[C@]1(O)CC[C@H]2[C@@H]3CCC4=CCCC[C@@H]4[C@H]3C(=C)C[C@@]21CC,DESOGESTREL,4,310.48,approved
CHEMBL1534,Cc1cc2nc3c(=O)[nH]c(=O)nc-3n(C[C@H](O)[C@H](O)[C@H](O)CO)c2cc1C,RIBOFLAVIN,4,376.37,approved
CHEMBL258918,C[C@H]1CC(=O)C[C@@H]2CC[C@H]3[C@@H]4CC[C@H](O)[C@@]4(C)CC[C@@H]3[C@]21C,MESTEROLONE,4,304.47,approved
CHEMBL259972,COc1ccc(-c2noc(CC(=O)O)c2-c2ccc(OC)cc2)cc1,MOFEZOLAC,4,339.35,approved
CHEMBL1535,CCN(CCO)CCCC(C)Nc1ccnc2cc(Cl)ccc12,HYDROXYCHLOROQUINE,4,335.88,approved
CHEMBL1536,C=C1CC[C@H](O)C/C1=C/C=C1\CCC[C@]2(C)[C@@H]([C@H](C)/C=C/[C@H](C)C(C)C)CC[C@@H]12,ERGOCALCIFEROL,4,396.66,approved
CHEMBL1537,CC1(C)S[C@@H]2[C@H](NC(=O)[C@H](NC(=O)N3CCNC3=O)c3ccccc3)C(=O)N2[C@H]1C(=O)O,AZLOCILLIN,4,461.5,approved
CHEMBL1538,CC(C)OC(=O)OCOP(=O)(CO[C@H](C)Cn1cnc2c(N)ncnc21)OCOC(=O)OC(C)C,"TENOFOVIR DISOPROXIL",4,519.45,approved
CHEMBL1539,COc1ncnc(NS(=O)(=O)c2ccc(N)cc2)c1OC,SULFADOXINE,4,310.34,approved
CHEMBL1540,Nc1nc(O)c2ncn(CCC(CO)CO)c2n1,PENCICLOVIR,4,253.26,approved
CHEMBL1541,C=CC1=C(C(=O)O)N2C(=O)[C@@H](NC(=O)/C(=N\OCC(=O)O)c3csc(N)n3)[C@H]2SC1,CEFIXIME,4,453.46,approved
CHEMBL1542,Cn1cnc([N+](=O)[O-])c1Sc1ncnc2[nH]cnc12,AZATHIOPRINE,4,277.27,approved
CHEMBL260538,CC(=O)O[C@]1(C(C)=O)CC[C@H]2[C@@H]3CCC4=CC(=O)CCC4=C3[C@@H](c3ccc(N(C)C)cc3)C[C@@]21C,"ULIPRISTAL ACETATE",4,475.63,approved
CHEMBL1544,N[C@@H](Cc1cc(I)c(Oc2ccc(O)c(I)c2)c(I)c1)C(=O)O,LIOTHYRONINE,4,650.98,approved
CHEMBL408513,O=C(/C=C/c1cccc(S(=O)(=O)Nc2ccccc2)c1)NO,BELINOSTAT,4,318.35,approved
CHEMBL270190,C[C@H]1CN(C[C@H](Cc2ccccc2)C(=O)NCC(=O)O)CC[C@@]1(C)c1cccc(O)c1,ALVIMOPAN,4,424.54,approved
CHEMBL1546,CC(N)Cc1ccc(O)cc1,HYDROXYAMPHETAMINE,4,151.21,approved
CHEMBL1547,Cc1ncc(C[n+]2csc(CCO)c2C)c(N)n1,"THIAMINE ION",4,265.36,approved
CHEMBL271227,CC(=O)O[C@H]1CC[C@@]2(C)C(=CC[C@@H]3[C@@H]2CC[C@]2(C)C(c4cccnc4)=CC[C@@H]32)C1,"ABIRATERONE ACETATE",4,391.56,approved
CHEMBL404520,CN(C)[C@@H]1C(O)=C(C(N)=O)C(=O)[C@@]2(O)C(O)=C3C(=O)c4c(O)ccc(Cl)c4[C@@](C)(O)[C@H]3C[C@@H]12,CHLORTETRACYCLINE,4,478.89,approved
CHEMBL267495,CN(C(=O)/C=C/c1ccoc1)[C@@H]1CC[C@@]2(O)[C@H]3Cc4ccc(O)c5c4[C@@]2(CCN3CC2CC2)[C@H]1O5,NALFURAFINE,4,476.57,approved
CHEMBL1549,C[C@]12CCC(=O)C=C1CC[C@@H]1[C@@H]2[C@@H](O)C[C@@]2(C)[C@H]1CC[C@]2(O)C(=O)COC(=O)CCC1CCCC1,"HYDROCORTISONE CYPIONATE",4,486.65,approved
CHEMBL1550,CC1=C(C/C=C(\C)CCC[C@H](C)CCC[C@H](C)CCCC(C)C)C(=O)c2ccccc2C1=O,PHYTONADIONE,4,450.71,approved
CHEMBL429910,CCOc1ccc(Cc2cc([C@@H]3O[C@H](CO)[C@@H](O)[C@H](O)[C@H]3O)ccc2Cl)cc1,DAPAGLIFLOZIN,4,408.88,approved
CHEMBL1551,C[C@H](CCC(=O)O)[C@H]1CC[C@H]2[C@@H]3[C@@H](O)C[C@@H]4C[C@H](O)CC[C@]4(C)[C@H]3CC[C@]12C,URSODIOL,4,392.58,approved
CHEMBL406393,C[C@H](CCC(=O)O)[C@H]1CC[C@H]2[C@@H]3CC[C@@H]4C[C@H](O)CC[C@]4(C)[C@H]3C[C@H](O)[C@]12C,"DEOXYCHOLIC ACID",4,392.58,approved
CHEMBL272427,C[C@H](CCC(=O)NCCS(=O)(=O)O)[C@H]1CC[C@H]2[C@@H]3[C@@H](O)C[C@@H]4C[C@H](O)CC[C@]4(C)[C@H]3CC[C@]12C,TAURURSODIOL,4,499.71,approved
CHEMBL1555,Br.COc1ccc2c3c1O[C@H]1C[C@@H](O)C=C[C@@]31CCN(C)C2,"GALANTAMINE HYDROBROMIDE",4,368.27,approved
CHEMBL196,O=C1O[C@H]([C@@H](O)CO)C(O)=C1O,"ASCORBIC ACID",4,176.12,approved
CHEMBL1556,O=c1[nH]cnc2c1ncn2[C@@H]1O[C@H](CO)[C@@H](O)[C@H]1O,INOSINE,4,268.23,approved
CHEMBL1557,Cl.NCCc1ccc(O)c(O)c1,"DOPAMINE HYDROCHLORIDE",4,189.64,approved
CHEMBL1558,COc1cc2nc(N3CCN(C(=O)c4ccco4)CC3)nc(N)c2cc1OC.Cl,"PRAZOSIN HYDROCHLORIDE",4,419.87,approved
CHEMBL1559,Clc1ccc(COC(Cn2ccnc2)c2ccc(Cl)cc2Cl)c(Cl)c1.O=[N+]([O-])O,"MICONAZOLE NITRATE",4,479.15,approved
CHEMBL1560,C[C@H](CS)C(=O)N1CCC[C@H]1C(=O)O,CAPTOPRIL,4,217.29,approved
CHEMBL504760,CC1(C)[C@@H]2CC[C@@]1(C)C(=O)C2,CAMPHOR,4,152.24,approved
CHEMBL517712,CN1[C@@H]2CC[C@H]1C[C@@H](OC(=O)C(CO)c1ccccc1)C2,ATROPINE,4,289.38,approved
CHEMBL1561,OCCN1C[C@H](O)[C@@H](O)[C@H](O)[C@H]1CO,MIGLITOL,4,207.23,approved
CHEMBL502109,CCCCCCCCCCCCC[N+](C)(C)Cc1ccccc1.[Cl-],"BENZALKONIUM CHLORIDE",4,354.02,approved
CHEMBL1563,COc1cccc2c1C(=O)c1c(O)c3c(c(O)c1C2=O)C[C@@](O)(C(C)=O)C[C@@H]3O[C@H]1C[C@H](N)[C@H](O)[C@H](C)O1.Cl,"DAUNORUBICIN HYDROCHLORIDE",4,563.99,approved
CHEMBL511142,CO[C@@]12CC[C@@]3(C[C@@H]1[C@](C)(O)C(C)(C)C)[C@H]1Cc4ccc(O)c5c4[C@@]3(CCN1CC1CC1)[C@H]2O5,BUPRENORPHINE,4,467.65,approved
CHEMBL1564,CN1CCC(OC(c2ccccc2)c2ccccc2)CC1.Cl,"DIPHENYLPYRALINE HYDROCHLORIDE",4,317.86,approved
CHEMBL529437,COC(=O)[C@H]1[C@@H](OC(=O)c2ccccc2)C[C@@H]2CC[C@H]1N2C.Cl,"COCAINE HYDROCHLORIDE",4,339.82,approved
CHEMBL471737,COc1cc2c(cc1OC)CC(=O)N(CCCN(C)C[C@H]1Cc3cc(OC)c(OC)cc31)CC2,IVABRADINE,4,468.59,approved
CHEMBL1567,CCN(CC)CCNC(=O)c1c(C)[nH]c(/C=C2\C(=O)Nc3ccc(F)cc32)c1C.O=C(O)C[C@H](O)C(=O)O,"SUNITINIB MALATE",4,532.57,approved
CHEMBL506110,CC1(C)S[C@@H]2[C@H](NC(=O)[C@H](N)c3ccccc3)C(=O)N2[C@H]1C(=O)OCOC(=O)[C@@H]1N2C(=O)C[C@H]2S(=O)(=O)C1(C)C,SULTAMICILLIN,4,594.67,approved
CHEMBL455186,CS(=O)(=O)OC[C@H](O)[C@@H](O)COS(C)(=O)=O,TREOSULFAN,4,278.3,approved
CHEMBL461332,CC1(C)O[C@@H]2C[C@H]3[C@@H]4C[C@H](F)C5=CC(=O)C=C[C@]5(C)[C@@]4(Cl)[C@@H](Cl)C[C@]3(C)[C@]2(C(=O)CO)O1,FLUCLORONIDE,4,487.4,approved
CHEMBL1569,Cl.NC12CC3CC(CC(C3)C1)C2,"AMANTADINE HYDROCHLORIDE",4,187.71,approved
CHEMBL517199,Cc1cccc(C)c1NC(=O)c1cc(S(N)(=O)=O)c(Cl)cc1O,XIPAMIDE,4,354.81,approved
CHEMBL529888,Cc1ccc(S(=O)(=O)NC(=O)N[C@H]2[C@H]3CC[C@@](C)([C@H]2O)C3(C)C)cc1,GLIBORNURIDE,4,366.48,approved
CHEMBL1570,O=S(O)CNc1ccc(S(=O)(=O)c2ccc(NCS(=O)O)cc2)cc1,SULFOXONE,4,404.49,approved
CHEMBL1571,C[C@]12C=CC(=O)C=C1CC[C@@H]1[C@@H]2CC[C@]2(C)OC(=O)CC[C@@H]12,TESTOLACTONE,4,300.4,approved
CHEMBL460287,C(COCCOCC1CO1)OCCOCC1CO1,ETOGLUCID,4,262.3,approved
CHEMBL461522,Cc1c(N(C)CS(=O)(=O)O)c(=O)n(-c2ccccc2)n1C,METAMIZOLE,4,311.36,approved
CHEMBL516476,C[N+]1(C)[C@@H]2CC[C@H]1C[C@@H](OC(=O)C(CO)c1ccccc1)C2.O=[N+]([O-])[O-],"METHYLATROPINE NITRATE",4,366.41,approved
CHEMBL1572,CCN[C@@H]1C[C@H](N)[C@@H](O[C@H]2OC(CN)=CC[C@H]2N)[C@H](O)[C@H]1O[C@H]1OC[C@](C)(O)[C@H](NC)[C@H]1O,NETILMICIN,4,475.59,approved
CHEMBL1574,CC(C)(N)Cc1ccccc1,PHENTERMINE,4,149.24,approved
CHEMBL1576,C#CC1(OC(N)=O)CCCCC1,ETHINAMATE,4,167.21,approved
CHEMBL460291,CCOC(=O)C1=C(C)NC(C)=C(C(=O)OCC)C1c1ccccc1/C=C/C(=O)OC(C)(C)C,LACIDIPINE,4,455.55,approved
CHEMBL1577,CN1C(CCl)Nc2cc(Cl)c(S(N)(=O)=O)cc2S1(=O)=O,METHYCLOTHIAZIDE,4,360.24,approved
CHEMBL447629,O[C@@H]([C@H](O)[C@H](O)CBr)[C@H](O)CBr,MITOBRONITOL,4,307.97,approved
CHEMBL475534,CCOC(=O)C1=C(C)NC(C)=C(C(=O)OC)C1c1cccc([N+](=O)[O-])c1,NITRENDIPINE,4,360.37,approved
CHEMBL1578,CCCC(CCC)C(=O)O[C@H]1C[C@H]2CC[C@@H](C1)[N+]2(C)C.[Br-],"ANISOTROPINE METHYLBROMIDE",4,362.35,approved
CHEMBL1580,OC[C@H]1O[C@@H](n2cnc3c2N=CNC[C@H]3O)C[C@@H]1O,PENTOSTATIN,4,268.27,approved
CHEMBL1581,CCC[C@H](N[C@@H](C)C(=O)N1[C@H](C(=O)O)C[C@@H]2CCCC[C@@H]21)C(=O)OCC,PERINDOPRIL,4,368.47,approved
CHEMBL515914,CC(=O)OC[C@H]1O[C@@H](n2ncc(=O)[nH]c2=O)[C@H](OC(C)=O)[C@@H]1OC(C)=O,AZARIBINE,4,371.3,approved
CHEMBL455917,OC(O)C(Cl)(Cl)Cl,"CHLORAL HYDRATE",4,165.4,approved
CHEMBL515606,CCOC(=O)[C@H](CCc1ccccc1)N[C@H]1CCCN2CCC[C@@H](C(=O)O)N2C1=O,CILAZAPRIL,4,417.51,approved
CHEMBL1583,CCOC(=O)OC(C)OC(=O)[C@@H]1N2C(=O)[C@@H](NC(=O)[C@H](N)c3ccccc3)[C@H]2SC1(C)C,BACAMPICILLIN,4,465.53,approved
CHEMBL1584,CC(=O)c1ccc2c(c1)N(CCCN1CCC(CCO)CC1)c1ccccc1S2,PIPERACETAZINE,4,410.58,approved
CHEMBL1585,O=C(CCBr)N1CCN(C(=O)CCBr)CC1,PIPOBROMAN,4,356.06,approved
CHEMBL1587,CN1C(CSCC(F)(F)F)Nc2cc(Cl)c(S(N)(=O)=O)cc2S1(=O)=O,POLYTHIAZIDE,4,439.89,approved
CHEMBL487253,Cn1c(CCCC(=O)O)nc2cc(N(CCCl)CCCl)ccc21,BENDAMUSTINE,4,358.27,approved
CHEMBL1588,Cc1ncc(C[n+]2csc(CCO)c2C)c(N)n1.[Cl-],THIAMINE,4,300.81,approved
CHEMBL1589,CC(=O)c1ccc(S(=O)(=O)NC(=O)NC2CCCCC2)cc1,ACETOHEXAMIDE,4,324.4,approved
CHEMBL1590,CN[C@@H](C)[C@@H](O)c1ccccc1,PSEUDOEPHEDRINE,4,165.24,approved
CHEMBL1591,CN(C)[C@@H]1C(O)=C(C(N)=O)C(=O)[C@@]2(O)C(O)=C3C(=O)c4c(O)ccc(Cl)c4[C@@H](O)[C@H]3C[C@@H]12,DEMECLOCYCLINE,4,464.86,approved
CHEMBL1592,CCOC(=O)[C@H](CCc1ccccc1)N[C@@H](C)C(=O)N1Cc2ccccc2C[C@H]1C(=O)O,QUINAPRIL,4,438.52,approved
CHEMBL444186,CC(CN1CC(=O)NC(=O)C1)N1CC(=O)NC(=O)C1,RAZOXANE,4,268.27,approved
CHEMBL1594,CC(C)(CO)[C@@H](O)C(=O)NCCC(=O)O,"PANTOTHENIC ACID",4,219.24,approved
CHEMBL509924,C[C@@H]1C[C@H]2[C@@H]3C[C@H](F)C4=CC(=O)C=C[C@]4(C)[C@@]3(F)[C@@H](O)C[C@]2(C)[C@H]1C(=O)CO,DIFLUCORTOLONE,4,394.46,approved
CHEMBL1595,COc1ccc2c3c1O[C@H]1[C@@H](O)CC[C@H]4[C@@H](C2)N(C)CC[C@@]341,DIHYDROCODEINE,4,301.39,approved
CHEMBL462605,Clc1ccc(CCCOCCCN2CCCCC2)cc1,PITOLISANT,4,295.85,approved
CHEMBL1596,CC1(C)S[C@@H]2[C@H](NC(=O)C(C(=O)Oc3ccc4c(c3)CCC4)c3ccccc3)C(=O)N2[C@H]1C(=O)O,"CARBENICILLIN INDANYL",4,494.57,approved
CHEMBL1597,OCC(S)CS,DIMERCAPROL,4,124.23,approved
CHEMBL1599,CC(=O)OCC1=C(C(=O)O)N2C(=O)[C@@H](NC(=O)CSc3ccncc3)[C@H]2SC1,CEPHAPIRIN,4,423.47,approved
CHEMBL1601,O=C(O)C1=C(CSc2nnnn2CS(=O)(=O)O)CS[C@@H]2[C@H](NC(=O)[C@H](O)c3ccccc3)C(=O)N12,CEFONICID,4,542.58,approved
CHEMBL1604,CC1=C(C(=O)O)N2C(=O)[C@@H](NC(=O)[C@H](N)C3=CCC=CC3)[C@H]2SC1,CEPHRADINE,4,349.41,approved
CHEMBL1605,Nc1nc(/C(=C/CC(=O)O)C(=O)N[C@@H]2C(=O)N3C(C(=O)O)=CCS[C@H]23)cs1,CEFTIBUTEN,4,410.43,approved
CHEMBL454950,CN(C)[C@@H]1C(O)=C(C(N)=O)C(=O)[C@@]2(O)C(O)=C3C(=O)c4c(O)cccc4[C@@](C)(O)[C@H]3C[C@@H]12.Cl,"TETRACYCLINE HYDROCHLORIDE",4,480.9,approved
CHEMBL1607,CC[C@@]1(O)C(=O)OCc2c1cc1n(c2=O)Cc2cc3c(CN(C)C)c(O)ccc3nc2-1.Cl,"TOPOTECAN HYDROCHLORIDE",4,457.91,approved
CHEMBL461101,CC1=NN(c2ccc(C)c(C)c2)C(=O)/C1=N\Nc1cccc(-c2cccc(C(=O)O)c2)c1O,ELTROMBOPAG,4,442.48,approved
CHEMBL465026,CN1CCOC(c2ccccc2)c2ccccc2C1,NEFOPAM,4,253.35,approved
CHEMBL474579,CO[C@@]1(NC(=O)C2SC(=C(C(N)=O)C(=O)O)S2)C(=O)N2C(C(=O)O)=C(CSc3nnnn3C)CS[C@@H]21,CEFOTETAN,4,575.63,approved
CHEMBL514800,CCOc1cc([C@@H](CS(C)(=O)=O)N2C(=O)c3cccc(NC(C)=O)c3C2=O)ccc1OC,APREMILAST,4,460.51,approved
CHEMBL1609,O=C(O)C(O)c1ccccc1,"MANDELIC ACID",4,152.15,approved
CHEMBL1611,O=C1N=C([O-])NC1(c1ccccc1)c1ccccc1.[Na+],"PHENYTOIN SODIUM",4,274.25,approved
CHEMBL473159,Oc1cc(O)cc(O)c1,PHLOROGLUCINOL,4,126.11,approved
CHEMBL512351,COc1ccc(NC(=O)c2ccc(C(=N)N(C)C)cc2)c(C(=O)Nc2ccc(Cl)cn2)c1,BETRIXABAN,4,451.91,approved
CHEMBL515387,O=C([C@@H]1C[C@H](N2CCN(c3ncccn3)CC2)CN1)N1CCC(F)(F)C1,GOSOGLIPTIN,4,366.42,approved
CHEMBL473417,CS(=O)(=O)c1ccc(C(=O)Nc2ccc(Cl)c(-c3ccccn3)c2)c(Cl)c1,VISMODEGIB,4,421.31,approved
CHEMBL446061,OCCN(CCO)CCO,TROLAMINE,4,149.19,approved
CHEMBL491571,C[C@@H](O)[C@H]1C(=O)N2C(C(=O)O)=C(S[C@@H]3CN[C@H](CNS(N)(=O)=O)C3)[C@H](C)[C@H]12,DORIPENEM,4,420.51,approved
CHEMBL521606,CC(C)(C)NCC(O)COc1cccc2c1CC(O)C(O)C2,NADOLOL,4,309.41,approved
CHEMBL359744,COc1cccc2c1C(=O)c1c(O)c3c(c(O)c1C2=O)C[C@@](O)(C(=O)CO)C[C@@H]3O[C@H]1C[C@H](N)[C@H](O)[C@H](C)O1.Cl,"DOXORUBICIN HYDROCHLORIDE",4,579.99,approved
CHEMBL447868,O=C([O-])c1ccccc1O.[Na+],"SODIUM SALICYLATE",4,160.1,approved
CHEMBL1618,Cn1nnnc1SCC1=C(C(=O)[O-])N2C(=O)[C@@H](NC(=O)[C@H](OC=O)c3ccccc3)[C@H]2SC1.[Na+],"CEFAMANDOLE NAFATE",4,512.51,approved
CHEMBL1619,Nc1nc(Cl)nc2c1ncn2[C@H]1C[C@H](O)[C@@H](CO)O1,CLADRIBINE,4,285.69,approved
CHEMBL1620,CN(C)CCOC(c1ccccc1)c1ccccc1.Cl,"DIPHENHYDRAMINE HYDROCHLORIDE",4,291.82,approved
CHEMBL1621,Cc1nc2n(c(=O)c1CCN1CCC(c3noc4cc(F)ccc34)CC1)CCCC2O,PALIPERIDONE,4,426.49,approved
CHEMBL1622,Nc1nc(=O)c2nc(CNc3ccc(C(=O)N[C@@H](CCC(=O)O)C(=O)O)cc3)cnc2[nH]1,"FOLIC ACID",4,441.4,approved
CHEMBL524004,C[N+]1(C)CCCC(OC(=O)C(O)(c2ccccc2)c2ccccc2)C1,MEPENZOLATE,4,340.44,approved
CHEMBL1623,Cc1cccc(CN2CCN(C(c3ccccc3)c3ccc(Cl)cc3)CC2)c1,MECLIZINE,4,390.96,approved
CHEMBL1625,COc1ccc(C(=O)c2ccccc2)c(O)c1,OXYBENZONE,4,228.25,approved
CHEMBL1626,CN1CCC[C@@H]1CCO[C@](C)(c1ccccc1)c1ccc(Cl)cc1,CLEMASTINE,4,343.9,approved
CHEMBL521686,O=C(c1cc(Cc2n[nH]c(=O)c3ccccc23)ccc1F)N1CCN(C(=O)C2CC2)CC1,OLAPARIB,4,434.47,approved
CHEMBL493287,N[C@H]1C(O)O[C@H](CO)[C@@H](O)[C@@H]1O,GLUCOSAMINE,4,179.17,approved
CHEMBL518520,Cc1nnc(C(=O)NC(C)(C)c2nc(C(=O)NCc3ccc(F)cc3)c([O-])c(=O)n2C)o1.[K+],"RALTEGRAVIR POTASSIUM",4,482.51,approved
CHEMBL443605,CCCCCCc1ccc(O)cc1O,HEXYLRESORCINOL,4,194.27,approved
CHEMBL459324,CC(=O)Oc1ccc2c3c1O[C@H]1[C@@H](OC(C)=O)C=C[C@H]4[C@@H](C2)N(C)CC[C@@]341,DIACETYLMORPHINE,4,369.42,approved
CHEMBL522038,CCOC(=O)CN[C@@H](C(=O)N1CC[C@H]1C(=O)NCc1ccc(/C(N)=N\O)cc1)C1CCCCC1,XIMELAGATRAN,4,473.57,approved
CHEMBL1632,CC(=O)OCC1=C(C(=O)[O-])N2C(=O)[C@@H](NC(=O)Cc3cccs3)[C@H]2SC1.[Na+],"CEPHALOTHIN SODIUM",4,418.43,approved
CHEMBL1633,CN1CCC(=C2c3ccccc3CC(=O)c3sccc32)CC1.O=C(O)/C=C/C(=O)O,"KETOTIFEN FUMARATE",4,425.51,approved
CHEMBL467058,CCCCCCCC(=O)OC[C@@H](O)[C@@H](OC)[C@@H]1OC(C(=O)O)=C[C@H](NC(=N)N)[C@H]1NC(C)=O,"LANINAMIVIR OCTANOATE",4,472.54,approved
CHEMBL466659,O=[N+]([O-])OCC(CO[N+](=O)[O-])(CO[N+](=O)[O-])CO[N+](=O)[O-],"PENTAERYTHRITOL TETRANITRATE",4,316.14,approved
CHEMBL1637,Cl.Nc1ccn([C@@H]2O[C@H](CO)[C@@H](O)C2(F)F)c(=O)n1,"GEMCITABINE HYDROCHLORIDE",4,299.66,approved
CHEMBL1639,COCCCOc1cc(C[C@@H](C[C@H](N)[C@@H](O)C[C@H](C(=O)NCC(C)(C)C(N)=O)C(C)C)C(C)C)ccc1OC,ALISKIREN,4,551.77,approved
CHEMBL1641,C[C@]12CCC(=O)C=C1CC[C@@H]1[C@@H]2[C@@H](O)C[C@@]2(C)[C@H]1CC[C@]2(O)C(=O)COP(=O)(O)O,"HYDROCORTISONE PHOSPHORIC ACID",4,442.45,approved
CHEMBL485253,CCC(CO)NC(=O)[C@@H]1C=C2c3cccc4c3c(cn4C)C[C@H]2N(C)C1,METHYSERGIDE,4,353.47,approved
CHEMBL1642,CS(=O)(=O)O.Cc1ccc(NC(=O)c2ccc(CN3CCN(C)CC3)cc2)cc1Nc1nccc(-c2cccnc2)n1,"IMATINIB MESYLATE",4,589.72,approved
CHEMBL1643,NC(=O)c1ncn([C@@H]2O[C@H](CO)[C@@H](O)[C@H]2O)n1,RIBAVIRIN,4,244.21,approved
CHEMBL1644,CC1=C(C(=O)O)N2C(=O)[C@@H](NC(=O)[C@H](N)c3ccc(O)cc3)[C@H]2SC1,CEFADROXIL,4,363.39,approved
CHEMBL494753,C[C@]12CC[C@@H]3c4ccc(OS(=O)(=O)O)cc4CC[C@H]3[C@@H]1CCC2=O,"ESTRONE SULFURIC ACID",4,350.44,approved
CHEMBL1648,COC(=O)C1=C(C)NC(C)=C(C(=O)OC(C)C)C1c1cccc2nonc12,ISRADIPINE,4,371.39,approved
CHEMBL493982,CCOC(=O)N[C@@H]1CC[C@@H]2[C@@H](C1)C[C@H]1C(=O)O[C@H](C)[C@H]1[C@H]2/C=C/c1ccc(-c2cccc(F)c2)cn1,VORAPAXAR,4,492.59,approved
CHEMBL1650,CC(=O)OCC(=O)[C@@]1(O)CC[C@H]2[C@@H]3CCC4=CC(=O)CC[C@]4(C)[C@H]3C(=O)C[C@@]21C,"CORTISONE ACETATE",4,402.49,approved
CHEMBL477772,Cc1ccc(Nc2nccc(N(C)c3ccc4c(C)n(C)nc4c3)n2)cc1S(N)(=O)=O,PAZOPANIB,4,437.53,approved
CHEMBL1652,CC[N+](CC)(CCNC(=O)C(=O)NCC[N+](CC)(CC)Cc1ccccc1Cl)Cc1ccccc1Cl,AMBENONIUM,4,537.58,approved
CHEMBL476960,OCC(CO)N[C@H]1C[C@](O)(CO)[C@@H](O)[C@H](O)[C@H]1O,VOGLIBOSE,4,267.28,approved
CHEMBL1653,CN(C)CCC(c1ccccc1)c1ccccn1.O=C(O)/C=C\C(=O)O,"PHENIRAMINE MALEATE",4,356.42,approved
CHEMBL1654,O=P([O-])(O)C(O)(Cc1cccnc1)P(=O)(O)O.[Na+],"RISEDRONATE SODIUM",4,305.1,approved
CHEMBL1655,CN(C)CCOc1ccc(/C(=C(/CCCl)c2ccccc2)c2ccccc2)cc1,TOREMIFENE,4,405.97,approved
CHEMBL1657,CCOC(=O)c1ccc(C#Cc2ccc3c(c2)C(C)(C)CCS3)nc1,TAZAROTENE,4,351.47,approved
CHEMBL1659,CN(C)CCC(c1ccc(Cl)cc1)c1ccccn1.O=C(O)/C=C\C(=O)O,"CHLORPHENIRAMINE MALEATE",4,390.87,approved
CHEMBL501122,CCO/N=C(\C(=O)N[C@@H]1C(=O)N2C(C(=O)[O-])=C(Sc3nc(-c4cc[n+](C)cc4)cs3)CS[C@H]12)c1nsc(NP(=O)(O)O)n1,"CEFTAROLINE FOSAMIL",4,684.7,approved
CHEMBL1661,OC[C@@H](O)[C@@H](O[C@@H]1O[C@H](CO)[C@H](O)[C@H](O)[C@H]1O)[C@H](O)[C@@H](O)CO,LACTITOL,4,344.31,approved
CHEMBL498847,Cc1ncc([N+](=O)[O-])n1CC(C)O,SECNIDAZOLE,4,185.18,approved
CHEMBL1663,FC(F)(F)C(F)(F)C(F)(F)F,PERFLUTREN,4,188.02,approved
CHEMBL523299,OC(c1ccccc1)(c1ccccc1)C12CC[N+](CCOCc3ccccc3)(CC1)CC2.[Br-],"UMECLIDINIUM BROMIDE",4,508.5,approved
CHEMBL483254,Cc1[nH]c2ccccc2c1CCNCc1ccc(/C=C/C(=O)NO)cc1,PANOBINOSTAT,4,349.43,approved
CHEMBL489411,CCC(C)(C)c1ccc(CC(C)CN2C[C@@H](C)O[C@@H](C)C2)cc1,AMOROLFINE,4,317.52,approved
CHEMBL1664,CC(C)CN(C[C@@H](OP(=O)(O)O)[C@H](Cc1ccccc1)NC(=O)O[C@H]1CCOC1)S(=O)(=O)c1ccc(N)cc1,FOSAMPRENAVIR,4,585.62,approved
CHEMBL486696,CCCCCCCCCCCC[N+](C)(C)CCOc1ccccc1.[Br-],"DOMIPHEN BROMIDE",4,414.47,approved
CHEMBL1668,COC(=O)[C@H]1[C@H]2C[C@@H]3c4[nH]c5cc(OC)ccc5c4CCN3C[C@H]2C[C@@H](OC(=O)/C=C/c2cc(OC)c(OC)c(OC)c2)[C@@H]1OC,RESCINNAMINE,4,634.73,approved
CHEMBL464982,CCCCC/C=C\C/C=C\C/C=C\CCCCC(=O)O,"GAMOLENIC ACID",4,278.44,approved
CHEMBL459265,CN(C)c1ccc(C(=C2C=CC(=[N+](C)C)C=C2)c2ccc(N(C)C)cc2)cc1,"HEXAMETHYL PARAROSANILINE",4,372.54,approved
CHEMBL1670,Clc1ccc(C(c2ccccc2Cl)C(Cl)Cl)cc1,MITOTANE,4,320.05,approved
CHEMBL1671,CC(C)NCC(O)COc1cccc2ccccc12.Cl,"PROPRANOLOL HYDROCHLORIDE",4,295.81,approved
CHEMBL1672,COCC1=C(C(=O)O)N2C(=O)[C@@H](NC(=O)/C(=N\OC)c3csc(N)n3)[C@H]2SC1,CEFPODOXIME,4,427.46,approved
CHEMBL454446,CO/N=C(\C(=O)N[C@@H]1C(=O)N2C(C(=O)OCOC(=O)C(C)(C)C)=C(/C=C\c3scnc3C)CS[C@H]12)c1csc(N)n1,"CEFDITOREN PIVOXIL",4,620.74,approved
CHEMBL1675,CCCCCCCCCCCCCCCC(=O)OC/C=C(C)/C=C/C=C(C)/C=C/C1=C(C)CCCC1(C)C,"VITAMIN A PALMITATE",4,524.87,approved
CHEMBL1676,C[C@@H]1C[C@H]2[C@@H]3C[C@H](F)C4=CC(=O)C=C[C@]4(C)[C@@]3(F)[C@@H](O)C[C@]2(C)[C@@]1(OC(=O)c1ccco1)C(=O)SCF,"FLUTICASONE FUROATE",4,538.58,approved
CHEMBL1677,Cl.Nc1c2c(nc3ccccc13)CCCC2,"TACRINE HYDROCHLORIDE",4,234.73,approved
CHEMBL1678,COc1cc2c(cc1OC)C(=O)C(CC1CCN(Cc3ccccc3)CC1)C2.Cl,"DONEPEZIL HYDROCHLORIDE",4,415.96,approved
CHEMBL507674,CCN1CCN(C(=O)N[C@@H](C(=O)N[C@@H]2C(=O)N3C(C(=O)O)=C(CSc4nnnn4C)CS[C@H]23)c2ccc(O)cc2)C(=O)C1=O,CEFOPERAZONE,4,645.68,approved
CHEMBL1679,Nc1nc(=O)c2c([nH]1)NCC(CNc1ccc(C(=O)N[C@@H](CCC(=O)O)C(=O)O)cc1)N2C=O,LEUCOVORIN,4,473.45,approved
CHEMBL502135,OC1OC[C@@H](O)[C@H](O)[C@H]1O,XYLOSE,4,150.13,approved
CHEMBL1681,O=C(O)CNC(=O)c1ccccc1I,IODOHIPPURATE,4,305.07,approved
CHEMBL1682,OC[C@@H](O)[C@@H](O)[C@H](O)[C@@H](O)CO,SORBITOL,4,182.17,approved
CHEMBL490665,CN(C(=O)/C=C/c1ccoc1)[C@@H]1CC[C@@]2(O)[C@H]3Cc4ccc(O)c5c4[C@@]2(CCN3CC2CC2)[C@H]1O5.Cl,"NALFURAFINE HYDROCHLORIDE",4,513.03,approved
CHEMBL1683,CCCC(=O)O[C@]1(C(=O)CO)CC[C@H]2[C@@H]3CCC4=CC(=O)CC[C@]4(C)[C@H]3[C@@H](O)C[C@@]21C,"HYDROCORTISONE BUTYRATE",4,432.56,approved
CHEMBL514446,C[C@H](CCC(=O)O)[C@H]1CC[C@H]2[C@@H]3C(=O)C[C@@H]4CC(=O)CC[C@]4(C)[C@H]3CC(=O)[C@]12C,"DEHYDROCHOLIC ACID",4,402.53,approved
CHEMBL502182,COc1cccc(-c2c(C)n(Cc3c(F)cccc3C(F)(F)F)c(=O)n(C[C@H](NCCCC(=O)[O-])c3ccccc3)c2=O)c1F.[Na+],"ELAGOLIX SODIUM",4,653.58,approved
CHEMBL1684,NS(=O)(=O)c1cc2c(cc1C(F)(F)F)NC(Cc1ccccc1)NS2(=O)=O,BENDROFLUMETHIAZIDE,4,421.42,approved
CHEMBL508102,CCOC(=O)n1ccn(C)c1=S,CARBIMAZOLE,4,186.24,approved
CHEMBL1685,C[C@@]12CCCCC[C@@H](Cc3ccc(O)cc31)[C@@H]2N,DEZOCINE,4,245.37,approved
CHEMBL515408,CC(C)Nc1nc2cc(Cl)c(Cl)cc2n1[C@H]1O[C@@H](CO)[C@H](O)[C@@H]1O,MARIBAVIR,4,376.24,approved
CHEMBL484785,N#Cc1ccc(Oc2ccc3c(c2)COB3O)cc1,CRISABOROLE,4,251.05,approved
CHEMBL502835,COC(=O)c1ccc2c(c1)NC(=O)/C2=C(\Nc1ccc(N(C)C(=O)CN2CCN(C)CC2)cc1)c1ccccc1,NINTEDANIB,4,539.64,approved
CHEMBL1689,Cl.c1ccc(CC2=NCCN2)cc1,"TOLAZOLINE HYDROCHLORIDE",4,196.68,approved
CHEMBL1690,CCN(CCO)CCCC(C)Nc1ccnc2cc(Cl)ccc12.O=S(=O)(O)O,"HYDROXYCHLOROQUINE SULFATE",4,433.96,approved
CHEMBL588046,C=C[C@H]1CN2CC[C@H]1C[C@H]2[C@H](O)c1ccnc2ccc(OC)cc12.Cl,"QUININE HYDROCHLORIDE",4,360.89,approved
CHEMBL535650,Cl.OC(c1cc(C(F)(F)F)nc2c(C(F)(F)F)cccc12)C1CCCCN1,"MEFLOQUINE HYDROCHLORIDE",4,414.78,approved
CHEMBL1691,CC(C)NCC(O)COc1ccc(CCOCC2CC2)cc1.Cl,"BETAXOLOL HYDROCHLORIDE",4,343.9,approved
CHEMBL542541,Cl.NNc1nncc2ccccc12,"HYDRALAZINE HYDROCHLORIDE",4,196.64,approved
CHEMBL544665,CCCCCCCCc1ccc(CCC(N)(CO)CO)cc1.Cl,"FINGOLIMOD HYDROCHLORIDE",4,343.94,approved
CHEMBL544428,CN1CCN2c3ccccc3Cc3ccccc3C2C1.Cl,"MIANSERIN HYDROCHLORIDE",4,300.83,approved
CHEMBL1692,CN(C)CCCN1c2ccccc2CCc2ccccc21.Cl,"IMIPRAMINE HYDROCHLORIDE",4,316.88,approved
CHEMBL1693,CCN(CC)C(C)C(=O)c1ccccc1.Cl,"DIETHYLPROPION HYDROCHLORIDE",4,241.76,approved
CHEMBL1694,CCOC(=O)[C@H](CCc1ccccc1)N[C@H]1CCc2ccccc2N(CC(=O)O)C1=O.Cl,"BENAZEPRIL HYDROCHLORIDE",4,460.96,approved
CHEMBL1695,Cc1ccsc1C(=CCCN1CCC[C@@H](C(=O)O)C1)c1sccc1C.Cl,"TIAGABINE HYDROCHLORIDE",4,412.02,approved
CHEMBL1696,CNCCCN1c2ccccc2CCc2ccccc21.Cl,"DESIPRAMINE HYDROCHLORIDE",4,302.85,approved
CHEMBL1697,COc1ccc([C@@H]2Sc3ccccc3N(CCN(C)C)C(=O)[C@@H]2OC(C)=O)cc1.Cl,"DILTIAZEM HYDROCHLORIDE",4,450.99,approved
CHEMBL1698,CC(NC(C)(C)C)C(=O)c1cccc(Cl)c1.Cl,"BUPROPION HYDROCHLORIDE",4,276.21,approved
CHEMBL1699,CC12CC3CC(C)(C1)CC(N)(C3)C2.Cl,"MEMANTINE HYDROCHLORIDE",4,215.77,approved
CHEMBL1700,CC(C)NCC(O)c1ccc(NS(C)(=O)=O)cc1.Cl,"SOTALOL HYDROCHLORIDE",4,308.83,approved
CHEMBL552659,Cl.Cl.Fc1ccc(C(c2ccc(F)cc2)N2CCN(C/C=C/c3ccccc3)CC2)cc1,"FLUNARIZINE HYDROCHLORIDE",4,477.43,approved
CHEMBL1701,CCOC(=O)C1(c2ccccc2)CCN(C)CC1.Cl,"MEPERIDINE HYDROCHLORIDE",4,283.8,approved
CHEMBL1702,CNCC[C@@H](Oc1ccccc1C)c1ccccc1.Cl,"ATOMOXETINE HYDROCHLORIDE",4,291.82,approved
CHEMBL1703,CN(C)C(=N)NC(=N)N.Cl,"METFORMIN HYDROCHLORIDE",4,165.63,approved
CHEMBL1705,Cl.Clc1cccc(Cl)c1NC1=NCCN1,"CLONIDINE HYDROCHLORIDE",4,266.56,approved
CHEMBL1706,Cl.c1ccc2c(CC3=NCCN3)cccc2c1,"NAPHAZOLINE HYDROCHLORIDE",4,246.74,approved
CHEMBL1707,CN(C)C(=O)C(CCN1CCC(O)(c2ccc(Cl)cc2)CC1)(c1ccccc1)c1ccccc1.Cl,"LOPERAMIDE HYDROCHLORIDE",4,513.51,approved
CHEMBL559180,CC(COc1ccccc1)NC(C)C(O)c1ccc(O)cc1.Cl,"ISOXSUPRINE HYDROCHLORIDE",4,337.85,approved
CHEMBL1708,Cl.Fc1ccc([C@@H]2CCNC[C@H]2COc2ccc3c(c2)OCO3)cc1,"PAROXETINE HYDROCHLORIDE",4,365.83,approved
CHEMBL1709,CN[C@H]1CC[C@@H](c2ccc(Cl)c(Cl)c2)c2ccccc21.Cl,"SERTRALINE HYDROCHLORIDE",4,342.7,approved
CHEMBL535396,CC(N)C12CC3CC(CC(C3)C1)C2.Cl,"RIMANTADINE HYDROCHLORIDE",4,215.77,approved
CHEMBL537669,COC(=O)[C@@H]1[C@H]2C[C@H]3c4[nH]c5ccccc5c4CCN3C[C@@H]2CC[C@@H]1O.Cl,"YOHIMBINE HYDROCHLORIDE",4,390.91,approved
CHEMBL1711,CC(C)NCC(O)c1ccc(O)c(O)c1.Cl,"ISOPROTERENOL HYDROCHLORIDE",4,247.72,approved
CHEMBL1713,CN(C)CCCN1c2ccccc2Sc2ccc(Cl)cc21.Cl,"CHLORPROMAZINE HYDROCHLORIDE",4,355.33,approved
CHEMBL556578,CN1CC[C@]23c4c5ccc(O)c4O[C@H]2[C@@H](O)C=C[C@H]3[C@H]1C5.Cl,"MORPHINE HYDROCHLORIDE",4,321.8,approved
CHEMBL1714,CNC1(c2ccccc2Cl)CCCCC1=O.Cl,"KETAMINE HYDROCHLORIDE",4,274.19,approved
CHEMBL1715,CCc1ccc(CCOc2ccc(CC3SC(=O)NC3=O)cc2)nc1.Cl,"PIOGLITAZONE HYDROCHLORIDE",4,392.91,approved
CHEMBL1716,CN1CCC(=C2c3ccccc3C=Cc3ccccc32)CC1.Cl,"CYPROHEPTADINE HYDROCHLORIDE",4,323.87,approved
CHEMBL1717,Cl.Clc1ccccc1CN1CCc2sccc2C1,"TICLOPIDINE HYDROCHLORIDE",4,300.25,approved
CHEMBL1718,C=CCN1CC[C@]23c4c5ccc(O)c4O[C@H]2C(=O)CC[C@@]3(O)[C@H]1C5.Cl,"NALOXONE HYDROCHLORIDE",4,363.84,approved
CHEMBL539770,CC(CC(c1ccccc1)c1ccccc1)NC(C)(C)C.Cl,"TERODILINE HYDROCHLORIDE",4,317.9,approved
CHEMBL1719,CN(C)CC/C=C1/c2ccccc2COc2ccc(CC(=O)O)cc21.Cl,"OLOPATADINE HYDROCHLORIDE",4,373.88,approved
CHEMBL1720,Cl.O=C1c2cccc3c2[C@H](CCC3)CN1[C@@H]1CN2CCC1CC2,"PALONOSETRON HYDROCHLORIDE",4,332.88,approved
CHEMBL1722,COC(=O)C(c1ccccc1)C1CCCCN1.Cl,"METHYLPHENIDATE HYDROCHLORIDE",4,269.77,approved
CHEMBL1723,COc1cc2nc(N(C)CCCNC(=O)C3CCCO3)nc(N)c2cc1OC.Cl,"ALFUZOSIN HYDROCHLORIDE",4,425.92,approved
CHEMBL1724,C[N+]1(C)CCCC(OC(=O)C(O)(c2ccccc2)c2ccccc2)C1.[Br-],"MEPENZOLATE BROMIDE",4,420.35,approved
CHEMBL1726,COC(=O)C1=C(C)NC(C)=C(C(=O)OCC(C)C)C1c1ccccc1[N+](=O)[O-],NISOLDIPINE,4,388.42,approved
CHEMBL1727,CC1=C(C(=O)O)N2C(=O)[C@@H](NC(=O)[C@H](N)c3ccccc3)[C@H]2SC1,"CEPHALEXIN ANHYDROUS",4,347.4,approved
CHEMBL1728,CCn1cc(C(=O)O)c(=O)c2cc(F)c(N3CCNC(C)C3)c(F)c21.Cl,"LOMEFLOXACIN HYDROCHLORIDE",4,387.81,approved
CHEMBL1729,COc1cc(N)c(Cl)cc1C(=O)NC1CCN(CCCOc2ccc(F)cc2)CC1OC,CISAPRIDE,4,465.95,approved
CHEMBL561157,CCCCC[C@H](O)CC[C@@H]1[C@H]2Cc3cccc(OCC(=O)[O-])c3C[C@H]2C[C@H]1O.[Na+],"TREPROSTINIL SODIUM",4,412.5,approved
CHEMBL1730,CO/N=C(\C(=O)N[C@@H]1C(=O)N2C(C(=O)O)=C(COC(C)=O)CS[C@H]12)c1csc(N)n1,CEFOTAXIME,4,455.47,approved
CHEMBL1731,CC1(C)S[C@@H]2[C@H](NC(=O)[C@H](NC(=O)N3CCN(S(C)(=O)=O)C3=O)c3ccccc3)C(=O)N2[C@H]1C(=O)O,MEZLOCILLIN,4,539.59,approved
CHEMBL1732,CN1C[C@H](C(=O)N[C@]2(C)O[C@@]3(O)[C@@H]4CCCN4C(=O)[C@H](Cc4ccccc4)N3C2=O)C[C@@H]2c3cccc4[nH]cc(c34)C[C@H]21,DIHYDROERGOTAMINE,4,583.69,approved
CHEMBL539697,CCCCCCOC(=O)NC(=N)c1ccc(NCc2nc3cc(C(=O)N(CCC(=O)OCC)c4ccccn4)ccc3n2C)cc1,"DABIGATRAN ETEXILATE",4,627.75,approved
CHEMBL1734,O=C(O[C@H]1CN2CCC1CC2)N1CCc2ccccc2[C@@H]1c1ccccc1,SOLIFENACIN,4,362.47,approved
CHEMBL551466,O=C(O[C@H]1C[N+]2(CCCOc3ccccc3)CCC1CC2)C(O)(c1cccs1)c1cccs1.[Br-],"ACLIDINIUM BROMIDE",4,564.57,approved
CHEMBL550495,CN(C)c1ccc2nc3ccc(=[N+](C)C)cc-3sc2c1.O.O.O.[Cl-],"METHYLENE BLUE",4,373.91,approved
CHEMBL1736,CC(=O)Nc1c(I)c(C(=O)O)c(I)c(N(C)C(C)=O)c1I,"METRIZOIC ACID",4,627.94,approved
CHEMBL557555,CC(C)(Oc1ccc(C2CC2(Cl)Cl)cc1)C(=O)O,CIPROFIBRATE,4,289.16,approved
CHEMBL1737,CCCc1nn(C)c2c(=O)[nH]c(-c3cc(S(=O)(=O)N4CCN(C)CC4)ccc3OCC)nc12.O=C(O)CC(O)(CC(=O)O)C(=O)O,"SILDENAFIL CITRATE",4,666.71,approved
CHEMBL550348,O=C(O)c1ccc(-n2nc(-c3ccccc3O)nc2-c2ccccc2O)cc1,DEFERASIROX,4,373.37,approved
CHEMBL1738,C[C@@H](CN1CC(=O)NC(=O)C1)N1CC(=O)NC(=O)C1,DEXRAZOXANE,4,268.27,approved
CHEMBL576982,CC(C)(C)c1cc(NC(=O)Nc2ccc(-c3cn4c(n3)sc3cc(OCCN5CCOCC5)ccc34)cc2)no1,QUIZARTINIB,4,560.68,approved
CHEMBL566534,CO[C@H]1O[C@@H]2O[C@@]3(C)CC[C@H]4[C@H](C)CC[C@@H]([C@H]1C)[C@@]24OO3,ARTEMETHER,4,298.38,approved
CHEMBL566315,CC[C@H]1[C@@H](O)[C@@H]2[C@H](CC[C@]3(C)[C@@H]([C@H](C)CCC(=O)O)CC[C@@H]23)[C@@]2(C)CC[C@@H](O)C[C@@H]12,"OBETICHOLIC ACID",4,420.63,approved
CHEMBL566752,CNc1ccc(/C=C/c2ccc(OCCOCCOCC[18F])cc2)cc1,"FLORBETABEN F18",4,358.44,approved
CHEMBL567597,C[C@@H]1CC[C@H]2[C@@H](C)C(=O)O[C@@H]3O[C@]4(C)CC[C@@H]1[C@]32OO4,ARTEMISININ,4,282.34,approved
CHEMBL1746,O=C([O-])CCCc1ccccc1.[Na+],"SODIUM PHENYLBUTYRATE",4,186.19,approved
CHEMBL579205,CNc1ccc(-c2nc3ccc(O)cc3s2)cc1F,FLUTEMETAMOL,4,274.32,approved
CHEMBL569713,CN1[C@@H]2C[C@@H](OC(=O)[C@H](CO)c3ccccc3)C[C@H]1[C@@H]1O[C@@H]12,SCOPOLAMINE,4,303.36,approved
CHEMBL571546,O=C(Cc1ccc(-c2ccc(OCCN3CCOCC3)cc2)cn1)NCc1ccccc1,TIRBANIBULIN,4,431.54,approved
CHEMBL1749,O=C([O-])CN(CCN(CC(=O)[O-])CC(=O)O)CC(=O)O.[Na+].[Na+],"EDETATE DISODIUM ANHYDROUS",4,336.21,approved
CHEMBL1750,Nc1nc(Cl)nc2c1ncn2[C@@H]1O[C@H](CO)[C@@H](O)[C@@H]1F,CLOFARABINE,4,303.68,approved
CHEMBL576127,O=C1NCC2(CCN(CCc3ccccc3)CC2)O1,FENSPIRIDE,4,260.34,approved
CHEMBL1752,Cn1c(=O)c2c(ncn2CC(O)CO)n(C)c1=O,DYPHYLLINE,4,254.25,approved
CHEMBL1753,CCC[C@@H]1C[C@@H](C(=O)N[C@@H]([C@H]2O[C@H](SC)[C@H](O)[C@@H](O)[C@H]2O)[C@H](C)Cl)N(C)C1,CLINDAMYCIN,4,424.99,approved
CHEMBL1754,CCN1CC(CCN2CCOCC2)C(c2ccccc2)(c2ccccc2)C1=O,DOXAPRAM,4,378.52,approved
CHEMBL1755,Cc1nc2c([nH]1)-c1ccccc1N(C(=O)c1ccc(NC(=O)c3ccccc3-c3ccccc3)cc1)CC2,CONIVAPTAN,4,498.59,approved
CHEMBL1756,C[C@]12CC[C@@H]3c4ccc(OC(=O)N(CCCl)CCCl)cc4CC[C@H]3[C@@H]1CC[C@@H]2OP(=O)(O)O,"ESTRAMUSTINE PHOSPHATE",4,520.39,approved
CHEMBL1757,C[C@@H]1O[C@@H]1P(=O)(O)O,FOSFOMYCIN,4,138.06,approved
CHEMBL1760,CC(C)(C)NCC(O)c1cc(O)cc(O)c1,TERBUTALINE,4,225.29,approved
CHEMBL1761,Cl.OC(CCN1CCCC1)(c1ccccc1)C1CCCCC1,"PROCYCLIDINE HYDROCHLORIDE",4,323.91,approved
CHEMBL1762,Cc1cccc(C)c1NC(=O)C(C)N,TOCAINIDE,4,192.26,approved
CHEMBL1763,NS(=O)(=O)c1cc2c(cc1C(F)(F)F)NCNS2(=O)=O,HYDROFLUMETHIAZIDE,4,331.3,approved
CHEMBL1764,COc1ccc2c(c1)N(C[C@H](C)CN(C)C)c1ccccc1S2,LEVOMEPROMAZINE,4,328.48,approved
CHEMBL1766,C[C@@H]1C[C@H]2[C@@H]3CCC4=CC(=O)C=C[C@]4(C)[C@@]3(F)[C@@H](O)C[C@]2(C)[C@H]1C(=O)CO,DESOXIMETASONE,4,376.47,approved
CHEMBL1768,CC(C[N+](C)(C)C)OC(N)=O.[Cl-],"BETHANECHOL CHLORIDE",4,196.68,approved
CHEMBL1769,CCCOc1cc(N)ccc1C(=O)OCCN(CC)CC.Cl,"PROPOXYCAINE HYDROCHLORIDE",4,330.86,approved
CHEMBL1770,Cl.c1ccc([C@H]2CN3CCSC3=N2)cc1,"LEVAMISOLE HYDROCHLORIDE",4,240.76,approved
CHEMBL591665,O=C1O[C@H]([C@@H](O)CO)C([O-])=C1O.[Na+],"SODIUM ASCORBATE",4,198.11,approved
CHEMBL590540,N[C@@H](CSSC[C@H](N)C(=O)O)C(=O)O,CYSTINE,4,240.31,approved
CHEMBL1771,COC(=O)[C@H](c1ccccc1Cl)N1CCc2sccc2C1,CLOPIDOGREL,4,321.83,approved
CHEMBL1773,CCCCCOC(=O)Nc1nc(=O)n([C@@H]2O[C@H](C)[C@@H](O)[C@H]2O)cc1F,CAPECITABINE,4,359.35,approved
CHEMBL589586,COC(=O)/C=C/C(=O)O,"MONOMETHYL FUMARATE",4,130.1,approved
CHEMBL601719,C[C@@H](Oc1cc(-c2cnn(C3CCNCC3)c2)cnc1N)c1c(Cl)ccc(F)c1Cl,CRIZOTINIB,4,450.35,approved
CHEMBL605846,COc1ccc(CC(C)(C)NC[C@H](O)c2cc(O)cc3c2OCC(=O)N3)cc1,OLODATEROL,4,386.45,approved
CHEMBL607710,NC(=O)OCC(O)COc1ccc(Cl)cc1,"CHLORPHENESIN CARBAMATE",4,245.66,approved
CHEMBL606260,CC1(C)S[C@@H]2[C@H](NC(=O)C(C(=O)[O-])c3ccccc3)C(=O)N2[C@H]1C(=O)[O-].[Na+].[Na+],"CARBENICILLIN DISODIUM",4,422.37,approved
CHEMBL604608,OC[C@H]1O[C@](O)(CO)[C@@H](O)[C@@H]1O,FRUCTOSE,4,180.16,approved
CHEMBL608533,CO[C@@H]1[C@H](N(C)C(=O)c2ccccc2)C[C@H]2O[C@]1(C)n1c3ccccc3c3c4c(c5c6ccccc6n2c5c31)C(=O)NC4,MIDOSTAURIN,4,570.65,approved
CHEMBL607400,CCC[C@@H]1CC(=O)N([C@@H](CC)C(N)=O)C1,BRIVARACETAM,4,212.29,approved
CHEMBL43708,C[C@@H](O)[C@H]1C(=O)N2C(C(=O)O)=C(SCCNC=N)C[C@H]12.O,IMIPENEM,4,317.37,approved
CHEMBL1079742,C#Cc1cccc(Nc2ncnc3cc(OCCOC)c(OCCOC)cc23)c1.Cl,"ERLOTINIB HYDROCHLORIDE",4,429.9,approved
CHEMBL1079604,Cc1cc(C)cc(OCC2CNC(=O)O2)c1,METAXALONE,4,221.26,approved
CHEMBL1076347,O=C(Nc1ccc(Cl)cc1)Nc1ccc(Cl)c(Cl)c1,TRICLOCARBAN,4,315.59,approved
CHEMBL1086863,OC[C@H]1O[C@H](O)[C@H](F)[C@@H](O)[C@@H]1O,FLUDEOXYGLUCOSE,4,182.15,approved
CHEMBL1076903,c1cnc2cc3c(cc2n1)[C@@H]1CNC[C@H]3C1,VARENICLINE,4,211.27,approved
CHEMBL1078178,N#CCNC(=O)c1ccc(-c2ccnc(Nc3ccc(N4CCOCC4)cc3)n2)cc1,MOMELOTINIB,4,414.47,approved
CHEMBL1078261,CCCOC(C(=O)OC1CCN(C)CC1)(c1ccccc1)c1ccccc1,PROPIVERINE,4,367.49,approved
CHEMBL1077896,CCCN1CCCC[C@H]1C(=O)Nc1c(C)cccc1C,ROPIVACAINE,4,274.41,approved
CHEMBL1089221,O=C(O)COc1nn(Cc2ccccc2)c2ccccc12,BENDAZAC,4,282.3,approved
CHEMBL1088977,C[S+](CC[C@H](N)C(=O)[O-])C[C@H]1O[C@@H](n2cnc3c(N)ncnc32)[C@H](O)[C@@H]1O,ADEMETIONINE,4,398.45,approved
CHEMBL1089318,Cc1c(Cl)c(C)[n+]([O-])c(Cl)c1-c1noc(-c2cc(O)c(O)c([N+](=O)[O-])c2)n1,OPICAPONE,4,413.17,approved
CHEMBL1092067,OC[C@H]1O[C@H](O)[C@H]([18F])[C@@H](O)[C@@H]1O,"FLUDEOXYGLUCOSE F 18",4,181.15,approved
CHEMBL1091250,O=C1/C(=C2\Nc3ccc(S(=O)(=O)O)cc3C2=O)Nc2ccc(S(=O)(=O)O)cc21,INDIGOTINDISULFONATE,4,422.4,approved
CHEMBL1096562,COC(=O)CCC(=O)CN,"METHYL AMINOLEVULINATE",4,145.16,approved
CHEMBL1096882,Nc1nc(F)nc2c1ncn2[C@@H]1O[C@H](COP(=O)(O)O)[C@@H](O)[C@@H]1O,"FLUDARABINE PHOSPHATE",4,365.21,approved
CHEMBL1097620,CNC(=O)c1c(I)c(NC(C)=O)c(I)c(C(=O)[O-])c1I.[Na+],"IOTHALAMATE SODIUM",4,635.9,approved
CHEMBL1094966,CC(C)(C)NCC(O)c1ccc(O)c(CO)n1,PIRBUTEROL,4,240.3,approved
CHEMBL1094636,NC(=O)c1cccc2cn(-c3ccc([C@@H]4CCCNC4)cc3)nc12,NIRAPARIB,4,320.4,approved
CHEMBL1095607,Cn1c(=O)c2c(ncn2CCCNCC(O)c2cc(O)cc(O)c2)n(C)c1=O,REPROTEROL,4,389.41,approved
CHEMBL1095292,CC[N+](C)(C)Cc1ccccc1Br.Cc1ccc(S(=O)(=O)[O-])cc1,"BRETYLIUM TOSYLATE",4,414.37,approved
CHEMBL1095283,CC1(C)S[C@@H]2[C@H](NC(=O)C(C(=O)Oc3ccccc3)c3ccccc3)C(=O)N2[C@H]1C(=O)O,"CARBENICILLIN PHENYL",4,454.5,approved
CHEMBL1095930,CO/N=C(\C(=O)N[C@@H]1C(=O)N2C(C(=O)OC(C)OC(C)=O)=C(COC(N)=O)CS[C@H]12)c1ccco1,"CEFUROXIME AXETIL",4,510.48,approved
CHEMBL1098319,O=S(=O)(O)CCS,"2-MERCAPTOETHANESULFONIC ACID",4,142.2,approved
CHEMBL1098285,CN(CCCCCCN(C)C(=O)Oc1ccc[n+](C)c1)C(=O)Oc1ccc[n+](C)c1.[Br-].[Br-],"DISTIGMINE BROMIDE",4,576.33,approved
CHEMBL1095777,CCc1cc2c(cc1CC)CC(NC[C@H](O)c1ccc(O)c3[nH]c(=O)ccc13)C2,INDACATEROL,4,392.5,approved
CHEMBL1095097,COC(=O)[C@@H]1CC2=CC(=O)CC[C@]2(C)[C@@]23O[C@@H]2C[C@@]2(C)[C@@H](CC[C@@]24CCC(=O)O4)[C@H]13,EPLERENONE,4,414.5,approved
CHEMBL1096979,NC(CO)C(=O)NNCc1ccc(O)c(O)c1O,BENSERAZIDE,4,257.25,approved
CHEMBL1096146,CCC/N=C1\S/C(=C\c2ccc(OC[C@H](O)CO)c(Cl)c2)C(=O)N1c1ccccc1C,PONESIMOD,4,460.98,approved
CHEMBL1083659,Cc1ccc(-n2nccn2)c(C(=O)N2CCN(c3nc4cc(Cl)ccc4o3)CC[C@H]2C)c1,SUVOREXANT,4,450.93,approved
CHEMBL1083385,COC(=O)[C@H](c1ccccc1Cl)N1CCc2sccc2C1.O=S(=O)(O)O,"CLOPIDOGREL BISULFATE",4,419.91,approved
CHEMBL1083993,CCCCc1oc2ccccc2c1C(=O)c1cc(I)c(OCCN(CC)CC)c(I)c1.Cl,"AMIODARONE HYDROCHLORIDE",4,681.78,approved
CHEMBL1086440,CSc1nc2cc(Cl)c(Oc3cccc(Cl)c3Cl)cc2[nH]1,TRICLABENDAZOLE,4,359.67,approved
CHEMBL1082407,CNC(=O)c1ccc(N2C(=S)N(c3ccc(C#N)c(C(F)(F)F)c3)C(=O)C2(C)C)cc1F,ENZALUTAMIDE,4,464.44,approved
CHEMBL1082607,O=C(O)c1ccc2ccccc2c1O.OCc1cc(C(O)CNCCCCCCOCCCCc2ccccc2)ccc1O,"SALMETEROL XINAFOATE",4,603.76,approved
CHEMBL1159650,CCC(=O)O[C@]1(C(=O)CCl)[C@@H](C)C[C@H]2[C@@H]3CCC4=CC(=O)C=C[C@]4(C)[C@@]3(F)[C@@H](O)C[C@@]21C,"CLOBETASOL PROPIONATE",4,466.98,approved
CHEMBL1159717,CC(C)(C)NCC(O)c1ccccc1Cl,TULOBUTEROL,4,227.74,approved
CHEMBL1165342,CC[C@]12CCCN3CCc4c(n(c5ccccc45)[C@@](O)(C(=O)OC)C1)[C@@H]32,VINCAMINE,4,354.45,approved
CHEMBL1164729,Cc1nc(-c2ccc(OCC(C)C)c(C#N)c2)sc1C(=O)O,FEBUXOSTAT,4,316.38,approved
CHEMBL1171837,Cc1ccc(C(=O)Nc2ccc(CN3CCN(C)CC3)c(C(F)(F)F)c2)cc1C#Cc1cnc2cccnn12,PONATINIB,4,532.57,approved
CHEMBL1173655,CN(C)C/C=C/C(=O)Nc1cc2c(Nc3ccc(F)c(Cl)c3)ncnc2cc1O[C@H]1CCOC1,AFATINIB,4,485.95,approved
CHEMBL1173055,CNCc1ccc(-c2[nH]c3cc(F)cc4c3c2CCNC4=O)cc1,RUCAPARIB,4,323.37,approved
CHEMBL1179047,CCN(CC)CCOC(=O)c1ccc(N)cc1Cl,CHLOROPROCAINE,4,270.76,approved
CHEMBL1180725,CC(C)[N+](C)(CCOC(=O)C1c2ccccc2Oc2ccccc21)C(C)C,PROPANTHELINE,4,368.5,approved
CHEMBL1183717,C=CCNc1nc(NCC=C)nc(N2CCN(C(c3ccc(F)cc3)c3ccc(F)cc3)CC2)n1,ALMITRINE,4,477.56,approved
CHEMBL1184360,CCN(CC)CCOc1ccc2nc(N(C)C)sc2c1,DIAMTHAZOLE,4,293.44,approved
CHEMBL1185568,CCN1C(=CC=CC=Cc2sc3ccccc3[n+]2CC)Sc2ccccc21,DITHIAZANINE,4,391.59,approved
CHEMBL1186579,C[N+]1(CC2CC2)CC[C@]23c4c5ccc(O)c4O[C@H]2C(=O)CC[C@@]3(O)[C@H]1C5,METHYLNALTREXONE,4,356.44,approved
CHEMBL1186610,CCCC(CCC)C(=O)O[C@H]1C[C@H]2CC[C@@H](C1)[N+]2(C)C,ANISOTROPINE,4,282.45,approved
CHEMBL1187011,CCCCCCCCCCCC[N+](C)(C)CCOc1ccccc1,DOMIPHEN,4,334.57,approved
CHEMBL1187417,CCCCCCCCCCCCC[N+](C)(C)Cc1ccccc1,BENZALKONIUM,4,318.57,approved
CHEMBL1187724,C[N+]1(C)[C@@H]2CC[C@H]1C[C@@H](OC(=O)C(CO)c1ccccc1)C2,METHYLATROPINE,4,304.41,approved
CHEMBL1187833,OC(c1ccccc1)(c1ccccc1)C12CC[N+](CCOCc3ccccc3)(CC1)CC2,UMECLIDINIUM,4,428.6,approved
CHEMBL1189432,CN(C)CC/C=C1/c2ccccc2COc2ccc(CC(=O)O)cc21,OLOPATADINE,4,337.42,approved
CHEMBL1189679,O=C1c2cccc3c2[C@H](CCC3)CN1[C@@H]1CN2CCC1CC2,PALONOSETRON,4,296.41,approved
CHEMBL1194325,O=C(O[C@H]1C[N+]2(CCCOc3ccccc3)CCC1CC2)C(O)(c1cccs1)c1cccs1,ACLIDINIUM,4,484.66,approved
CHEMBL1194666,CCN(CC)C(C)C(=O)c1ccccc1,DIETHYLPROPION,4,205.3,approved
CHEMBL1197051,CC(COc1ccccc1)NC(C)C(O)c1ccc(O)cc1,ISOXSUPRINE,4,301.39,approved
CHEMBL1198857,OCc1cc([C@@H](O)CNCCCCCCOCCOCc2c(Cl)cccc2Cl)ccc1O,VILANTEROL,4,486.44,approved
CHEMBL1199080,CC[N+](C)(C)Cc1ccccc1Br,BRETYLIUM,4,243.17,approved
CHEMBL1199307,CN(CCCCCCN(C)C(=O)Oc1ccc[n+](C)c1)C(=O)Oc1ccc[n+](C)c1,DISTIGMINE,4,416.52,approved
CHEMBL1199324,C[C@@H](O[C@H]1OCCN(Cc2nn(P(=O)(O)O)c(=O)[nH]2)[C@H]1c1ccc(F)cc1)c1cc(C(F)(F)F)cc(C(F)(F)F)c1,FOSAPREPITANT,4,614.41,approved
CHEMBL1200321,Cc1noc(NS(=O)(=O)c2ccc(N)cc2)c1C.OCCNCCO,"SULFISOXAZOLE DIOLAMINE",4,372.45,approved
CHEMBL1200322,CN(C)CCC[C@@]1(c2ccc(F)cc2)OCc2cc(C#N)ccc21.O=C(O)C(=O)O,"ESCITALOPRAM OXALATE",4,414.43,approved
CHEMBL1200323,CC(CCc1ccccc1)NCC(O)c1ccc(O)c(C(N)=O)c1.Cl,"LABETALOL HYDROCHLORIDE",4,364.87,approved
CHEMBL1200326,COC(=O)C1=C(C)NC(C)=C(C(=O)OCCN(C)Cc2ccccc2)C1c1cccc([N+](=O)[O-])c1.Cl,"NICARDIPINE HYDROCHLORIDE",4,515.99,approved
CHEMBL1200328,CNCC[C@H](Oc1cccc2ccccc12)c1cccs1.Cl,"DULOXETINE HYDROCHLORIDE",4,333.88,approved
CHEMBL1200329,Cl.Clc1ccc2nsnc2c1NC1=NCCN1,"TIZANIDINE HYDROCHLORIDE",4,290.18,approved
CHEMBL1200330,CC[C@@H]1C(=O)OC[C@@H]1Cc1cncn1C.Cl,"PILOCARPINE HYDROCHLORIDE",4,244.72,approved
CHEMBL1200331,C[C@@H]1O[C@@H]1P(=O)(O)O.NC(CO)(CO)CO,"FOSFOMYCIN TROMETHAMINE",4,259.19,approved
CHEMBL1200332,CNCCCC1c2ccccc2C=Cc2ccccc21.Cl,"PROTRIPTYLINE HYDROCHLORIDE",4,299.85,approved
CHEMBL1200334,CCOC(=O)Nc1ccc2c(c1)N(C(=O)CCN1CCOCC1)c1ccccc1S2.Cl,"MORICIZINE HYDROCHLORIDE",4,463.99,approved
CHEMBL1200335,CCCCCCC(=O)O[C@H]1CC[C@H]2[C@@H]3CCC4=CC(=O)CC[C@]4(C)[C@H]3CC[C@]12C,"TESTOSTERONE ENANTHATE",4,400.6,approved
CHEMBL1200338,CC(N/C(=N\C#N)Nc1ccncc1)C(C)(C)C.O,PINACIDIL,4,263.35,approved
CHEMBL1200339,CNC[C@H](O)c1cccc(O)c1.Cl,"PHENYLEPHRINE HYDROCHLORIDE",4,203.67,approved
CHEMBL1200340,CCOC(=O)C1=C[C@@H](OC(CC)CC)[C@H](NC(C)=O)[C@@H](N)C1.O=P(O)(O)O,"OSELTAMIVIR PHOSPHATE",4,410.4,approved
CHEMBL1200341,CC(C)NCCCC1(C(N)=O)c2ccccc2-c2ccccc21.Cl,"INDECAINIDE HYDROCHLORIDE",4,344.89,approved
CHEMBL1200342,CC(=O)OCC(=O)[C@@]1(O)[C@H](C)C[C@H]2[C@@H]3C[C@H](F)C4=CC(=O)C=C[C@]4(C)[C@H]3[C@@H](O)C[C@@]21C,"PARAMETHASONE ACETATE",4,434.5,approved
CHEMBL1200343,CC(C)(C)N.CCC[C@H](N[C@@H](C)C(=O)N1[C@H](C(=O)O)C[C@@H]2CCCC[C@@H]21)C(=O)OCC,"PERINDOPRIL ERBUMINE",4,441.61,approved
CHEMBL1200345,O=C([O-])CCC(=O)O.[Na+],"SODIUM SUCCINATE",4,140.07,approved
CHEMBL1200347,CC(C)[N+](C)(CCC(C(N)=O)(c1ccccc1)c1ccccc1)C(C)C.[I-],"ISOPROPAMIDE IODIDE",4,480.43,approved
CHEMBL1200348,Clc1ccc(CSC(Cn2ccnc2)c2ccc(Cl)cc2Cl)cc1.O=[N+]([O-])O,"SULCONAZOLE NITRATE",4,460.77,approved
CHEMBL1200351,Nc1ccc(S(=O)(=O)[N-]c2ncccn2)cc1.[Na+],"SULFADIAZINE SODIUM",4,272.26,approved
CHEMBL1200354,CCCCC(CC)CCC(CC(C)C)OS(=O)(=O)[O-].[Na+],"SODIUM TETRADECYL SULFATE",4,316.44,approved
CHEMBL1200356,CC1(C)S[C@@H]2[C@H](NC(=O)C3(N)CCCCC3)C(=O)N2[C@H]1C(=O)O,CYCLACILLIN,4,341.43,approved
CHEMBL1200357,CO[C@@]1(NC(=O)C(C(=O)[O-])c2ccc(O)cc2)C(=O)N2C(C(=O)[O-])=C(CSc3nnnn3C)CO[C@@H]21.[Na+].[Na+],"MOXALACTAM DISODIUM",4,564.44,approved
CHEMBL1200358,O=C([O-])Cc1ccccc1.[Na+],"SODIUM PHENYLACETATE",4,158.13,approved
CHEMBL1200359,COc1cnc(NS(=O)(=O)c2ccc(N)cc2)nc1,SULFAMETER,4,280.31,approved
CHEMBL1200360,CC(C)NC(C)Cc1ccc([123I])cc1.Cl,"IOFETAMINE HYDROCHLORIDE I 123",4,335.65,approved
CHEMBL1200365,Nc1ccc(C(=O)NCC(=O)[O-])cc1.[Na+],"AMINOHIPPURATE SODIUM",4,216.17,approved
CHEMBL1200366,CC1=C(C(=O)O)N2C(=O)[C@@H](NC(=O)[C@H](N)c3ccccc3)[C@H]2SC1.Cl.O,"CEPHALEXIN HYDROCHLORIDE",4,401.87,approved
CHEMBL1200367,CCOP(=O)(OCC)SCC[N+](C)(C)C.[I-],"ECHOTHIOPHATE IODIDE",4,383.23,approved
CHEMBL1200368,O=C(O)c1ccc(NC(=O)[C@H](Cc2ccc(O)cc2)NC(=O)c2ccccc2)cc1,BENTIROMIDE,4,404.42,approved
CHEMBL1200370,O=C(OOC(=O)c1ccccc1)c1ccccc1,"BENZOYL PEROXIDE",4,242.23,approved
CHEMBL1200374,C=C1C[C@@H]2[C@H](CC[C@]3(C)C(=O)CC[C@@H]23)[C@@]2(C)C=CC(=O)C=C12,EXEMESTANE,4,296.41,approved
CHEMBL1200375,O=C([O-])CN(CCN(CC(=O)[O-])CC(=O)[O-])CC(=O)[O-].[Ca+2].[Na+].[Na+],"EDETATE CALCIUM DISODIUM ANHYDROUS",4,374.27,approved
CHEMBL1200376,C[C@H]1C[C@H]2[C@@H]3CCC4=CC(=O)C=C[C@]4(C)[C@@]3(F)[C@@H](O)C[C@]2(C)[C@@]1(OC(=O)c1ccccc1)C(=O)CO,"BETAMETHASONE BENZOATE",4,496.58,approved
CHEMBL1200377,CC(N)Cc1ccccc1.NC(CC(=O)O)C(=O)O,"AMPHETAMINE ASPARTATE",4,268.31,approved
CHEMBL1200379,Cl.Nc1cc(Cl)c(N=C2NCCN2)c(Cl)c1,"APRACLONIDINE HYDROCHLORIDE",4,281.57,approved
CHEMBL1200380,Nc1nc([O-])c2ncn(COCCO)c2n1.[Na+],"ACYCLOVIR SODIUM",4,247.19,approved
CHEMBL1200381,Cl.N=C(N)NCCC[C@H](N)C(=O)O,"ARGININE HYDROCHLORIDE",4,210.66,approved
CHEMBL1200382,CC(C)COCC(CN(Cc1ccccc1)c1ccccc1)N1CCCC1.Cl.O,"BEPRIDIL HYDROCHLORIDE",4,421.03,approved
CHEMBL1200383,CN1[C@@H]2CC[C@H]1C[C@@H](OC(c1ccccc1)c1ccccc1)C2.CS(=O)(=O)O,"BENZTROPINE MESYLATE",4,403.54,approved
CHEMBL1200384,CCC(=O)OCC(=O)[C@@]1(OC(=O)CC)[C@@H](C)C[C@H]2[C@@H]3CCC4=CC(=O)C=C[C@]4(C)[C@@]3(F)[C@@H](O)C[C@@]21C,"BETAMETHASONE DIPROPIONATE",4,504.6,approved
CHEMBL1200385,Cl.Oc1ccc(CCCCNC[C@H](O)c2ccc(O)c(O)c2)cc1,"ARBUTAMINE HYDROCHLORIDE",4,353.85,approved
CHEMBL1200386,CCOC(=O)O[C@]1(C(=O)COC(=O)CC)CC[C@H]2[C@@H]3CCC4=CC(=O)C=C[C@]4(C)[C@H]3[C@@H](O)C[C@@]21C,PREDNICARBATE,4,488.58,approved
CHEMBL1200387,CC(N)Cc1ccccc1.O=C(O)CCCCC(=O)O,"AMPHETAMINE ADIPATE",4,281.35,approved
CHEMBL1200388,Cc1onc(-c2ccccc2Cl)c1C(=O)N[C@@H]1C(=O)N2[C@@H]1SC(C)(C)[C@@H]2C(=O)[O-].O.[Na+],"CLOXACILLIN SODIUM",4,475.89,approved
CHEMBL1200391,NC(CO)(CO)CO,TROMETHAMINE,4,121.14,approved
CHEMBL1200392,CN(C)CCOC(C)(c1ccccc1)c1ccccn1.O=C(O)CCC(=O)O,"DOXYLAMINE SUCCINATE",4,388.46,approved
CHEMBL1200393,Cc1c(F)c(N2CCNC(C)C2)cc2c1c(=O)c(C(=O)O)cn2C1CC1.Cl,"GREPAFLOXACIN HYDROCHLORIDE",4,395.86,approved
CHEMBL1200395,Cc1ccccc1C(OCCN(C)C)c1ccccc1.O=C(O)CC(O)(CC(=O)O)C(=O)O,"ORPHENADRINE CITRATE",4,461.51,approved
CHEMBL1200396,CCCCN1CCCCC1C(=O)Nc1c(C)cccc1C.Cl,"BUPIVACAINE HYDROCHLORIDE",4,324.9,approved
CHEMBL1200397,CN(Cc1ccc(C(C)(C)C)cc1)Cc1cccc2ccccc12.Cl,"BUTENAFINE HYDROCHLORIDE",4,353.94,approved
CHEMBL1200398,Clc1ccc(CCC(Cn2ccnc2)Sc2c(Cl)cccc2Cl)cc1.O=[N+]([O-])O,"BUTOCONAZOLE NITRATE",4,474.8,approved
CHEMBL1200399,Cl.O=C1CC2(CCCC2)CC(=O)N1CCCCN1CCN(c2ncccn2)CC1,"BUSPIRONE HYDROCHLORIDE",4,421.97,approved
CHEMBL1200400,Cn1cnc([N+](=O)[O-])c1Sc1ncnc2nc[n-]c12.[Na+],"AZATHIOPRINE SODIUM",4,299.25,approved
CHEMBL1200402,CCOC(=O)C1=C(COCCN)NC(C)=C(C(=O)OC)C1c1ccccc1Cl.O=S(=O)(O)c1ccccc1,"AMLODIPINE BESYLATE",4,567.06,approved
CHEMBL1200405,CS(=O)(=O)O.Cc1ccc(C(=O)Oc2ccc(C(O)CNC(C)(C)C)cc2OC(=O)c2ccc(C)cc2)cc1,"BITOLTEROL MESYLATE",4,557.67,approved
CHEMBL1200406,CN(C)CCOC(c1ccccc1)c1ccccc1.Cn1c(=O)c2[nH]c(Cl)nc2n(C)c1=O,DIMENHYDRINATE,4,469.97,approved
CHEMBL1200409,CCN(CC)CC(=O)Nc1c(C)cccc1C.Cl.O,"LIDOCAINE HYDROCHLORIDE",4,288.82,approved
CHEMBL1200410,CNNCc1ccc(C(=O)NC(C)C)cc1.Cl,"PROCARBAZINE HYDROCHLORIDE",4,257.76,approved
CHEMBL1200411,CCCN(CCC)CCc1cccc2c1CC(=O)N2.Cl,"ROPINIROLE HYDROCHLORIDE",4,296.84,approved
CHEMBL1200412,C[C@]12CC[C@H]3[C@@H](CCC4=CC(=O)CC[C@@H]43)[C@@H]1CC[C@@H]2OC(=O)CCc1ccccc1,"NANDROLONE PHENPROPIONATE",4,406.57,approved
CHEMBL1200413,Cl.c1ccc2c(c1)CCCC2C1=NCCN1,"TETRAHYDROZOLINE HYDROCHLORIDE",4,236.75,approved
CHEMBL1200418,CC(CCc1ccc(O)cc1)NCCc1ccc(O)c(O)c1.Cl,"DOBUTAMINE HYDROCHLORIDE",4,337.85,approved
CHEMBL1200419,CCc1c(C)[nH]c2c1C(=O)C(CN1CCOCC1)CC2.Cl,"MOLINDONE HYDROCHLORIDE",4,312.84,approved
CHEMBL1200420,Cc1ncc2n1-c1ccc(Cl)cc1C(c1ccccc1F)=NC2.Cl,"MIDAZOLAM HYDROCHLORIDE",4,362.24,approved
CHEMBL1200423,CC(=O)Nc1c(I)c(C(=O)[O-])c(I)c(N(C)C(C)=O)c1I.[Na+],"METRIZOATE SODIUM",4,649.92,approved
CHEMBL1200424,O=C([O-])CN(CCN(CC(=O)[O-])CC(=O)[O-])CCN(CC(=O)[O-])CC(=O)[O-].[Na+].[Na+].[Na+].[Zn+2],"PENTETATE ZINC TRISODIUM",4,522.67,approved
CHEMBL1200425,C#CCN(C)Cc1ccccc1.Cl,"PARGYLINE HYDROCHLORIDE",4,195.69,approved
CHEMBL1200426,CN1CCCC(CC2c3ccccc3Sc3ccccc32)C1.Cl.O,"METHIXENE HYDROCHLORIDE",4,363.95,approved
CHEMBL1200430,CC(=O)Oc1ccc2c(c1)CC[C@@H]1[C@@H]2CC[C@]2(C)[C@@H](O)CC[C@@H]12,"ESTRADIOL ACETATE",4,314.43,approved
CHEMBL1200432,CCOC(=O)[C@@](C)(N)Cc1ccc(O)c(O)c1.Cl,"METHYLDOPATE HYDROCHLORIDE",4,275.73,approved
CHEMBL1200434,C[N+](C)(C)CCO.Cn1c(=O)c2[n-]cnc2n(C)c1=O,OXTRIPHYLLINE,4,283.33,approved
CHEMBL1200436,C[C@]12COC(=O)C[C@@H]1CC[C@@H]1[C@@H]2CC[C@@]2(C)[C@H]1CC[C@]2(C)O,OXANDROLONE,4,306.45,approved
CHEMBL1200437,C=C[C@H]1CN2CC[C@H]1C[C@@H]2[C@@H](O)c1ccnc2ccc(OC)cc12.O=C(O)[C@H](O)[C@@H](O)[C@H](O)[C@H](O)CO,"QUINIDINE GLUCONATE",4,520.58,approved
CHEMBL1200438,Clc1ccc(C(Cn2ccnc2)OCc2ccsc2Cl)c(Cl)c1,TIOCONAZOLE,4,387.72,approved
CHEMBL1200439,O=C([O-])CNC(=O)c1ccccc1[123I].[Na+],"IODOHIPPURATE SODIUM I 123",4,323.05,approved
CHEMBL1200440,Cc1cccc(C)c1NC(=O)C1CCCCN1C.Cl,"MEPIVACAINE HYDROCHLORIDE",4,282.82,approved
CHEMBL1200444,CC(=O)O.CC(C)(C)NCC(O)c1ccc(O)c(CO)n1,"PIRBUTEROL ACETATE",4,300.36,approved
CHEMBL1200446,CN(C)CCN(Cc1ccccc1)c1ccccn1.Cl,"TRIPELENNAMINE HYDROCHLORIDE",4,291.83,approved
CHEMBL1200448,O=P([O-])(O)C(Sc1ccc(Cl)cc1)P(=O)([O-])O.[Na+].[Na+],"TILUDRONATE DISODIUM",4,362.58,approved
CHEMBL1200449,CC(=O)OCC(=O)[C@@]1(O)[C@H](OC(C)=O)C[C@H]2[C@@H]3CCC4=CC(=O)C=C[C@]4(C)[C@@]3(F)[C@@H](O)C[C@@]21C,"TRIAMCINOLONE DIACETATE",4,478.51,approved
CHEMBL1200453,CCCCCCCCCCCCCCCCCCCCCCO,DOCOSANOL,4,326.61,approved
CHEMBL1200454,CC(C)[C@H](N)C(=O)OCC(CO)OCn1cnc2c(=O)nc(N)[nH]c21.Cl,"VALGANCICLOVIR HYDROCHLORIDE",4,390.83,approved
CHEMBL1200458,O=C([O-])CC(O)(CC(=O)[O-])C(=O)[O-].[K+].[K+].[K+],"POTASSIUM CITRATE ANHYDROUS",4,306.39,approved
CHEMBL1200459,O=P([O-])([O-])O.[K+].[K+],"POTASSIUM PHOSPHATE, DIBASIC",4,174.17,approved
CHEMBL1200461,COc1ccc(OC)c(C(O)CNC(=O)CN)c1.Cl,"MIDODRINE HYDROCHLORIDE",4,290.75,approved
CHEMBL1200463,O=C([O-])CCc1nc(-c2ccccc2)c(-c2ccccc2)o1.[K+],"OXAPROZIN POTASSIUM",4,331.41,approved
CHEMBL1200464,CCCOc1ccc(C(=O)OCCN(CC)CC)cc1N.Cl,"PROPARACAINE HYDROCHLORIDE",4,330.86,approved
CHEMBL1200468,CCOC(=O)CC(SP(=S)(OC)OC)C(=O)OCC,MALATHION,4,330.36,approved
CHEMBL1200469,CN(C)CCCN1c2ccccc2Sc2ccccc21.Cl,"PROMAZINE HYDROCHLORIDE",4,320.89,approved
CHEMBL1200470,COc1ccc2[n-]c([S@@+]([O-])Cc3ncc(C)c(OC)c3C)nc2c1.[Na+],"ESOMEPRAZOLE SODIUM",4,367.41,approved
CHEMBL1200472,Fc1ccccc1C1=NCC(=S)N(CC(F)(F)F)c2ccc(Cl)cc21,QUAZEPAM,4,386.8,approved
CHEMBL1200473,CN(C)CCOC(=O)C(c1ccccc1)C1(O)CCCC1.Cl,"CYCLOPENTOLATE HYDROCHLORIDE",4,327.85,approved
CHEMBL1200474,CN(C)[C@@H]1C(O)=C(C(N)=O)C(=O)[C@@]2(O)C(O)=C3C(=O)c4c(O)ccc(Cl)c4[C@@H](O)[C@H]3C[C@@H]12.Cl,"DEMECLOCYCLINE HYDROCHLORIDE",4,501.32,approved
CHEMBL1200477,O=c1[n-]cnc2[nH]ncc12.[Na+],"ALLOPURINOL SODIUM",4,158.1,approved
CHEMBL1200478,CCCCOc1ccc(C(=O)CCN2CCCCC2)cc1.Cl,"DYCLONINE HYDROCHLORIDE",4,325.88,approved
CHEMBL1200479,CCN(CC)CCOC(=O)C1(C2CCCCC2)CCCCC1.Cl,"DICYCLOMINE HYDROCHLORIDE",4,345.96,approved
CHEMBL1200482,CCN1CCN(C(=O)N[C@@H](C(=O)N[C@@H]2C(=O)N3C(C(=O)[O-])=C(CSc4nnnn4C)CS[C@H]23)c2ccc(O)cc2)C(=O)C1=O.[Na+],"CEFOPERAZONE SODIUM",4,667.66,approved
CHEMBL1200483,CC1NCCOC1c1ccccc1.Cl,"PHENMETRAZINE HYDROCHLORIDE",4,213.71,approved
CHEMBL1200485,CNC(=O)c1cc(Oc2ccc(NC(=O)Nc3ccc(Cl)c(C(F)(F)F)c3)cc2)ccn1.Cc1ccc(S(=O)(=O)O)cc1,"SORAFENIB TOSYLATE",4,637.04,approved
CHEMBL1200487,C=C(CC)C(=O)c1ccc(OCC(=O)[O-])c(Cl)c1Cl.[Na+],"ETHACRYNATE SODIUM",4,325.12,approved
CHEMBL1200491,Cl.NC1=NCC2c3ccccc3Cc3ccccc3N12,"EPINASTINE HYDROCHLORIDE",4,285.78,approved
CHEMBL1200492,CCc1nn(CCCN2CCN(c3cccc(Cl)c3)CC2)c(=O)n1CCOc1ccccc1.Cl,"NEFAZODONE HYDROCHLORIDE",4,506.48,approved
CHEMBL1200493,CN(C/C=C/c1ccccc1)Cc1cccc2ccccc12.Cl,"NAFTIFINE HYDROCHLORIDE",4,323.87,approved
CHEMBL1200494,Cl.N=C(N)NC(=O)Cc1c(Cl)cccc1Cl,"GUANFACINE HYDROCHLORIDE",4,282.56,approved
CHEMBL1200495,C[C@]12CCC(=O)C=C1CC[C@@H]1[C@@H]2[C@@H](O)C[C@@]2(C)[C@H]1CC[C@]2(O)C(=O)COC(=O)CCC(=O)[O-].[Na+],"HYDROCORTISONE SODIUM SUCCINATE",4,484.52,approved
CHEMBL1200497,CC(O)C(=O)O.CN1CCN(C(c2ccccc2)c2ccccc2)CC1,"CYCLIZINE LACTATE",4,356.47,approved
CHEMBL1200498,CS(=O)(=O)O.C[C@H](N)C(=O)N[C@@H](C)C(=O)N[C@H]1[C@@H]2CN(c3nc4c(cc3F)c(=O)c(C(=O)O)cn4-c3ccc(F)cc3F)C[C@@H]21,"ALATROFLOXACIN MESYLATE",4,654.62,approved
CHEMBL1200500,CCC(=O)OCC(=O)[C@@]1(OC(=O)CC)[C@@H](C)C[C@H]2[C@@H]3CCC4=CC(=O)C=C[C@]4(C)[C@@]3(Cl)[C@@H](O)C[C@@]21C,"BECLOMETHASONE DIPROPIONATE",4,521.05,approved
CHEMBL1200515,COC(=O)[C@H]1[C@H]2C[C@@H]3c4[nH]c5ccccc5c4CCN3C[C@H]2C[C@@H](OC(=O)c2cc(OC)c(OC)c(OC)c2)[C@@H]1OC,DESERPIDINE,4,578.66,approved
CHEMBL1200521,CN(C)CCc1c[nH]c2ccc(CS(=O)(=O)N3CCCC3)cc12.O=C(O)CC(O)C(=O)O,"ALMOTRIPTAN MALATE",4,469.56,approved
CHEMBL1200522,COc1ccc(C(=O)CC(=O)c2ccc(C(C)(C)C)cc2)cc1,AVOBENZONE,4,310.39,approved
CHEMBL1200523,Cc1nnc(SCC2=C(C(=O)[O-])N3C(=O)[C@@H](NC(=O)Cn4cnnn4)[C@H]3SC2)s1.[Na+],"CEFAZOLIN SODIUM",4,476.5,approved
CHEMBL1200530,CO[C@@]1(NC(=O)Cc2cccs2)C(=O)N2C(C(=O)[O-])=C(COC(N)=O)CS[C@@H]21.[Na+],"CEFOXITIN SODIUM",4,449.44,approved
CHEMBL1200531,CCC(=O)N(c1ccccc1)C1(COC)CCN(CCn2nnn(CC)c2=O)CC1.Cl,"ALFENTANIL HYDROCHLORIDE",4,452.99,approved
CHEMBL1200532,CN1CCC(CN2c3ccccc3Sc3ccccc32)C1.Cl,"METHDILAZINE HYDROCHLORIDE",4,332.9,approved
CHEMBL1200534,CCOC(=O)[C@H](CCc1ccccc1)N[C@@H](C)C(=O)N1Cc2cc(OC)c(OC)cc2C[C@H]1C(=O)O.Cl,"MOEXIPRIL HYDROCHLORIDE",4,535.04,approved
CHEMBL1200538,CC(=O)OCC(=O)[C@@]1(O)[C@@H](C)C[C@H]2[C@@H]3CCC4=CC(=O)C=C[C@]4(C)[C@@]3(F)[C@@H](O)C[C@@]21C,"BETAMETHASONE ACETATE",4,434.5,approved
CHEMBL1200541,CC[N+](CC)(CCNC(=O)C(=O)NCC[N+](CC)(CC)Cc1ccccc1Cl)Cc1ccccc1Cl.[Cl-].[Cl-],"AMBENONIUM CHLORIDE",4,608.48,approved
CHEMBL1200542,CC(=O)OCC(=O)[C@H]1CC[C@H]2[C@@H]3CCC4=CC(=O)CC[C@]4(C)[C@H]3CC[C@]12C,"DESOXYCORTICOSTERONE ACETATE",4,372.51,approved
CHEMBL1200543,CCOC(=O)C1(c2ccccc2)CCN(CCc2ccc(N)cc2)CC1.O=P(O)(O)O,"ANILERIDINE PHOSPHATE",4,450.47,approved
CHEMBL1200544,CC1=C(C(=O)O)N2C(=O)[C@@H](NC(=O)[C@H](N)c3ccccc3)[C@H]2SC1.O,CEPHALEXIN,4,365.41,approved
CHEMBL1200545,CC(=O)OCC(=O)[C@@]1(OC(C)=O)[C@@H](C)C[C@H]2[C@@H]3C[C@H](F)C4=CC(=O)C=C[C@]4(C)[C@@]3(F)[C@@H](O)C[C@@]21C,"DIFLORASONE DIACETATE",4,494.53,approved
CHEMBL1200550,O=P(O)(O)O.c1ccc(CN(CC2=NCCN2)c2ccccc2)cc1,"ANTAZOLINE PHOSPHATE",4,363.35,approved
CHEMBL1200560,CC(=O)O.N=C(N)N/N=C/c1c(Cl)cccc1Cl,"GUANABENZ ACETATE",4,291.14,approved
CHEMBL1200561,COc1cc2nc(N3CCN(C(=O)C4COc5ccccc5O4)CC3)nc(N)c2cc1OC.CS(=O)(=O)O,"DOXAZOSIN MESYLATE",4,547.59,approved
CHEMBL1200562,CCCCC(=O)O[C@]1(C(=O)CO)CC[C@H]2[C@@H]3CCC4=CC(=O)CC[C@]4(C)[C@H]3[C@@H](O)C[C@@]21C,"HYDROCORTISONE VALERATE",4,446.58,approved
CHEMBL1200563,COCc1c(C(C)C)nc(C(C)C)c(/C=C/[C@@H](O)C[C@@H](O)CC(=O)[O-])c1-c1ccc(F)cc1.[Na+],"CERIVASTATIN SODIUM",4,481.54,approved
CHEMBL1200569,Cn1c(=O)c2c(ncn2C)n(C)c1=O.O=C(O)CC(O)(CC(=O)O)C(=O)O,"CAFFEINE CITRATE",4,386.32,approved
CHEMBL1200570,CNC[C@H](O)[C@@H](O)[C@H](O)[C@H](O)CO,MEGLUMINE,4,195.22,approved
CHEMBL1200578,Cn1c(=O)c2[nH]cnc2n(C)c1=O.NCC(=O)[O-].[Na+],"THEOPHYLLINE SODIUM GLYCINATE",4,277.22,approved
CHEMBL1200580,O=S([O-])CNc1ccc(S(=O)(=O)c2ccc(NCS(=O)[O-])cc2)cc1.[Na+].[Na+],"SULFOXONE SODIUM",4,448.45,approved
CHEMBL1200581,CC(=O)Nc1c(I)c(NC(C)=O)c(I)c(C(=O)[O-])c1I.[Na+],"DIATRIZOATE SODIUM",4,635.9,approved
CHEMBL1200582,Cl.NCC(=O)CCC(=O)O,"AMINOLEVULINIC ACID HYDROCHLORIDE",4,167.59,approved
CHEMBL1200584,Nc1ccc(C(=O)[O-])c(O)c1.[K+],"AMINOSALICYLATE POTASSIUM",4,191.23,approved
CHEMBL1200585,C[C@]12C/C(=C/O)C(=O)C[C@@H]1CC[C@@H]1[C@@H]2CC[C@@]2(C)[C@H]1CC[C@]2(C)O,OXYMETHOLONE,4,332.48,approved
CHEMBL1200586,CCCNC(C)C(=O)Nc1ccccc1C.Cl,"PRILOCAINE HYDROCHLORIDE",4,256.78,approved
CHEMBL1200588,CCC[C@@H]1C[C@@H](C(=O)N[C@@H]([C@H]2O[C@H](SC)[C@H](O)[C@@H](O)[C@H]2O)[C@H](C)Cl)N(C)C1.Cl,"CLINDAMYCIN HYDROCHLORIDE",4,461.45,approved
CHEMBL1200589,CN(C)CCn1nnnc1SCC1=C(C(=O)O)N2C(=O)[C@@H](NC(=O)Cc3csc(N)n3)[C@H]2SC1.Cl,"CEFOTIAM HYDROCHLORIDE",4,562.1,approved
CHEMBL1200592,CC(C)(C)C(=O)OCC(=O)[C@H]1CC[C@H]2[C@@H]3CCC4=CC(=O)CC[C@]4(C)[C@H]3CC[C@]12C,"DESOXYCORTICOSTERONE PIVALATE",4,414.59,approved
CHEMBL1200595,CC(C)(N)Cc1ccc(Cl)cc1.Cl,"CHLORPHENTERMINE HYDROCHLORIDE",4,220.14,approved
CHEMBL1200596,Oc1c(Cl)cc(Cl)c2cccnc12,CHLOROXINE,4,214.05,approved
CHEMBL1200597,CCCN(CC)C(CC)C(=O)Nc1c(C)cccc1C.Cl,"ETIDOCAINE HYDROCHLORIDE",4,312.89,approved
CHEMBL1200598,CC/C(=C(/CC)c1ccc(OP(=O)(O)O)cc1)c1ccc(OP(=O)(O)O)cc1,"DIETHYLSTILBESTROL DIPHOSPHATE",4,428.31,approved
CHEMBL1200599,Cl.N#CC(CCN1CCC(C(=O)O)(c2ccccc2)CC1)(c1ccccc1)c1ccccc1,"DIFENOXIN HYDROCHLORIDE",4,461,approved
CHEMBL1200600,CC(=O)[C@@]1(O)CC[C@H]2[C@@H]3C[C@H](C)C4=CC(=O)C=C[C@]4(C)[C@@]3(F)[C@@H](O)C[C@@]21C,FLUOROMETHOLONE,4,376.47,approved
CHEMBL1200601,CNS(=O)(=O)CCc1ccc2[nH]cc(C3CCN(C)CC3)c2c1.Cl,"NARATRIPTAN HYDROCHLORIDE",4,371.93,approved
CHEMBL1200604,CCN(Cc1ccncc1)C(=O)C(CO)c1ccccc1,TROPICAMIDE,4,284.36,approved
CHEMBL1200606,Cc1cccc(C)c1OCC(C)N.Cl,"MEXILETINE HYDROCHLORIDE",4,215.72,approved
CHEMBL1200607,FC(F)(F)C(F)(F)C(F)(F)C(F)(F)C(F)(F)C(F)(F)F,PERFLEXANE,4,338.04,approved
CHEMBL1200609,CS(=O)(=O)O.Fc1ccc([C@@H]2CCNC[C@H]2COc2ccc3c(c2)OCO3)cc1,"PAROXETINE MESYLATE",4,425.48,approved
CHEMBL1200610,N[C@@H](C(=O)N[C@@H]1C(=O)N2C(C(=O)O)=C(Cl)CC[C@H]12)c1ccccc1.O,LORACARBEF,4,367.79,approved
CHEMBL1200612,CCCCOc1cc(C(=O)NCCN(CC)CC)c2ccccc2n1.Cl,"DIBUCAINE HYDROCHLORIDE",4,379.93,approved
CHEMBL1200613,Cc1ccc(C(=O)c2ccc(CC(=O)[O-])n2C)cc1.[Na+],"TOLMETIN SODIUM",4,279.27,approved
CHEMBL1200616,NS(=O)(=O)c1cc2c(cc1Cl)N=C[N-]S2(=O)=O.[Na+],"CHLOROTHIAZIDE SODIUM",4,317.71,approved
CHEMBL1200617,CCC(=O)[C@@]1(C)[C@H](C)C[C@H]2[C@@H]3CCC4=CC(=O)C=C[C@]4(C)[C@H]3[C@@H](O)C[C@@]21C,RIMEXOLONE,4,370.53,approved
CHEMBL1200618,CC(C)(C(=O)O)c1ccc(C(O)CCCN2CCC(C(O)(c3ccccc3)c3ccccc3)CC2)cc1.Cl,"FEXOFENADINE HYDROCHLORIDE",4,538.13,approved
CHEMBL1200621,CO/N=C1\CN(c2nc3c(cc2F)c(=O)c(C(=O)O)cn3C2CC2)CC1CN.CS(=O)(=O)O,"GEMIFLOXACIN MESYLATE",4,485.49,approved
CHEMBL1200622,C[C@H](/C=C/[C@H](C)C(C)(C)O)[C@H]1CC[C@H]2/C(=C/C=C3C[C@@H](O)C[C@H](O)C3)CCC[C@]12C,PARICALCITOL,4,416.65,approved
CHEMBL1200623,CC[C@]1(O)CC[C@H]2[C@@H]3CCC4=CCCC[C@@H]4[C@H]3CC[C@@]21C,ETHYLESTRENOL,4,288.48,approved
CHEMBL1200624,C#C[C@]1(OC(C)=O)CC[C@H]2[C@@H]3CCC4=C[C@@H](OC(C)=O)CC[C@@H]4[C@H]3CC[C@@]21C,"ETHYNODIOL DIACETATE",4,384.52,approved
CHEMBL1200625,[89Sr+2].[Cl-].[Cl-],"STRONTIUM CHLORIDE SR 89",4,159.81,approved
CHEMBL1200630,Cl.N[C@@H](CS)C(=O)O,"CYSTEINE HYDROCHLORIDE",4,157.62,approved
CHEMBL1200635,CCN(CC)CC(=O)OCC(=O)[C@@]1(O)CC[C@H]2[C@@H]3CCC4=CC(=O)CC[C@]4(C)[C@H]3[C@@H](O)C[C@@]21C.Cl,"HYDROCORTAMATE HYDROCHLORIDE",4,512.09,approved
CHEMBL1200636,CN(C)CCC=C1c2ccccc2C=Cc2ccccc21.Cl,"CYCLOBENZAPRINE HYDROCHLORIDE",4,311.86,approved
CHEMBL1200638,CN(C)CC[C@@H](c1ccc(Br)cc1)c1ccccn1.O=C(O)/C=C\C(=O)O,"DEXBROMPHENIRAMINE MALEATE",4,435.32,approved
CHEMBL1200654,CCCCOc1cc(C(=O)OCCN(CC)CC)ccc1N.Cl,"BENOXINATE HYDROCHLORIDE",4,344.88,approved
CHEMBL1200659,CCOC(=O)[C@H](CCc1ccccc1)N[C@@H](C)C(=O)N1CCC[C@H]1C(=O)O.O=C(O)/C=C\C(=O)O,"ENALAPRIL MALEATE",4,492.53,approved
CHEMBL1200660,O[C@@H]1CO[C@H]2[C@@H]1OC[C@@H]2O,ISOSORBIDE,4,146.14,approved
CHEMBL1200661,CCCCCCCC(=O)CC[C@@H]1[C@@H](C/C=C\CCCC(=O)OC(C)C)[C@@H](O)C[C@H]1O,"UNOPROSTONE ISOPROPYL",4,424.62,approved
CHEMBL1200664,CC(O)C(=O)[O-].[K+],"POTASSIUM LACTATE",4,128.17,approved
CHEMBL1200665,CCOC(=O)C1(c2ccccc2)CCN(CCC(C#N)(c2ccccc2)c2ccccc2)CC1.Cl,"DIPHENOXYLATE HYDROCHLORIDE",4,489.06,approved
CHEMBL1200666,C=C1/C(=C\C=C2/CCC[C@]3(C)[C@@H]([C@H](C)/C=C/[C@@H](O)C4CC4)CC[C@@H]23)C[C@@H](O)C[C@@H]1O,CALCIPOTRIENE,4,412.61,approved
CHEMBL1200672,Cc1cc(O)c(C(=O)N[C@@H](C(=O)N[C@@H]2C(=O)N3C(C(=O)[O-])=C(CSc4nnnn4C)CS[C@H]23)c2ccc(O)cc2)cn1.[Na+],"CEFPIRAMIDE SODIUM",4,634.63,approved
CHEMBL1200673,[127Xe],"XENON XE 127",4,126.91,approved
CHEMBL1200675,CN(C)CCOc1ccc(/C(=C(/CCCl)c2ccccc2)c2ccccc2)cc1.O=C(O)CC(O)(CC(=O)O)C(=O)O,"TOREMIFENE CITRATE",4,598.09,approved
CHEMBL1200679,[Cl-].[Cl-].[Zn+2],"ZINC CHLORIDE",4,136.3,approved
CHEMBL1200680,S=[Se]=S,"SELENIUM SULFIDE",4,143.09,approved
CHEMBL1200681,CC(C)(O)c1ccccc1CC[C@@H](SCC1(CC(=O)[O-])CC1)c1cccc(/C=C/c2ccc3ccc(Cl)cc3n2)c1.[Na+],"MONTELUKAST SODIUM",4,608.18,approved
CHEMBL1200682,O=C([O-])CCCO.[Na+],"SODIUM OXYBATE",4,126.09,approved
CHEMBL1200685,[133Xe],"XENON XE 133",4,132.91,approved
CHEMBL1200691,CC(=O)[O-].CC(=O)[O-].[Mg+2],"MAGNESIUM ACETATE",4,142.39,approved
CHEMBL1200692,CCCc1nc(C(C)(C)O)c(C(=O)OCc2oc(=O)oc2C)n1Cc1ccc(-c2ccccc2-c2nnn[nH]2)cc1,"OLMESARTAN MEDOXOMIL",4,558.6,approved
CHEMBL1200694,FCOC(C(F)(F)F)C(F)(F)F,SEVOFLURANE,4,200.05,approved
CHEMBL1200695,CC(N)C(O)c1ccccc1.Cl,"PHENYLPROPANOLAMINE HYDROCHLORIDE",4,187.67,approved
CHEMBL1200696,[K+].[O-][Cl+3]([O-])([O-])[O-],"POTASSIUM PERCHLORATE",4,138.55,approved
CHEMBL1200699,C[C@H]1c2cccc(O)c2C(=O)C2=C(O)[C@]3(O)C(=O)C(C(N)=O)=C(O)[C@@H](N(C)C)[C@@H]3[C@@H](O)[C@@H]21.O,DOXYCYCLINE,4,462.46,approved
CHEMBL1200701,Cc1onc(-c2c(Cl)cccc2Cl)c1C(=O)N[C@@H]1C(=O)N2[C@@H]1SC(C)(C)[C@@H]2C(=O)[O-].O.[Na+],"DICLOXACILLIN SODIUM",4,510.33,approved
CHEMBL1200703,CNC1=Nc2ccc(Cl)cc2C(c2ccccc2)=[N+]([O-])C1.Cl,"CHLORDIAZEPOXIDE HYDROCHLORIDE",4,336.22,approved
CHEMBL1200705,Br.CC(N)Cc1ccc(O)cc1,"HYDROXYAMPHETAMINE HYDROBROMIDE",4,232.12,approved
CHEMBL1200707,CCN(CC)C(=O)C1CN2CCc3cc(OC)c(OC)cc3C2CC1OC(C)=O.Cl,"BENZQUINAMIDE HYDROCHLORIDE",4,440.97,approved
CHEMBL1200709,C/C=C/C(=O)N(CC)c1ccccc1C,CROTAMITON,4,203.28,approved
CHEMBL1200710,CN(C)CCCN1c2ccccc2CCc2ccc(Cl)cc21.Cl,"CLOMIPRAMINE HYDROCHLORIDE",4,351.32,approved
CHEMBL1200711,CC/C=C\C/C=C\C/C=C\C/C=C\C/C=C\C/C=C\CCC(=O)OCC.CC/C=C\C/C=C\C/C=C\C/C=C\C/C=C\CCCC(=O)OCC,"OMEGA-3-ACID ETHYL ESTERS",4,687.06,approved
CHEMBL1200714,CN1C(=O)CCS(=O)(=O)C1c1ccc(Cl)cc1,CHLORMEZANONE,4,273.74,approved
CHEMBL1200715,CC(CNC1CCCCC1)OC(=O)c1ccccc1.Cl,"HEXYLCAINE HYDROCHLORIDE",4,297.83,approved
CHEMBL1200721,C[C@]12CC[C@@H]3c4ccc(OC(=O)N(CCCl)CCCl)cc4CC[C@H]3[C@@H]1CC[C@@H]2OP(=O)([O-])[O-].[Na+].[Na+],"ESTRAMUSTINE PHOSPHATE SODIUM",4,564.35,approved
CHEMBL1200724,CN[C@@H](C)[C@@H](O)c1ccccc1.Cl,"PSEUDOEPHEDRINE HYDROCHLORIDE",4,201.7,approved
CHEMBL1200725,Clc1ccc(C(Cn2ccnc2)OCc2csc3c(Cl)cccc23)c(Cl)c1.O=[N+]([O-])O,"SERTACONAZOLE NITRATE",4,500.79,approved
CHEMBL1200729,O=C([O-])CCC(=O)OC[C@@H](NC(=O)C(Cl)Cl)[C@H](O)c1ccc([N+](=O)[O-])cc1.[Na+],"CHLORAMPHENICOL SODIUM SUCCINATE",4,445.19,approved
CHEMBL1200732,CC(=O)OCC(=O)[C@@]12OC3(CCCC3)O[C@@H]1C[C@H]1[C@@H]3CCC4=CC(=O)C=C[C@]4(C)[C@@]3(F)[C@@H](O)C[C@@]12C,AMCINONIDE,4,502.58,approved
CHEMBL1200733,FC(F)OC(F)C(F)(F)F,DESFLURANE,4,168.04,approved
CHEMBL1200734,CC(C)CN(C[C@@H](OP(=O)([O-])[O-])[C@H](Cc1ccccc1)NC(=O)O[C@H]1CCOC1)S(=O)(=O)c1ccc(N)cc1.[Ca+2],"FOSAMPRENAVIR CALCIUM",4,623.68,approved
CHEMBL1200735,COc1c(N2C[C@@H]3CCCN[C@@H]3C2)c(F)cc2c(=O)c(C(=O)O)cn(C3CC3)c12.Cl,"MOXIFLOXACIN HYDROCHLORIDE",4,437.9,approved
CHEMBL1200745,C=CCOc1ccccc1OCC(O)CNC(C)C.Cl,"OXPRENOLOL HYDROCHLORIDE",4,301.81,approved
CHEMBL1200748,C[C@@](Cc1ccc(O)c(O)c1)(NN)C(=O)O.O,CARBIDOPA,4,244.25,approved
CHEMBL1200749,CCCCN1CCCC[C@H]1C(=O)Nc1c(C)cccc1C.Cl,"LEVOBUPIVACAINE HYDROCHLORIDE",4,324.9,approved
CHEMBL1200750,CC(CN1c2ccccc2Sc2ccccc21)N(C)C.Cl,"PROMETHAZINE HYDROCHLORIDE",4,320.89,approved
CHEMBL1200751,O.S=c1[nH]cnc2nc[nH]c12,MERCAPTOPURINE,4,170.2,approved
CHEMBL1200756,Cc1ncc(CO)c(CO)c1O.Cl,"PYRIDOXINE HYDROCHLORIDE",4,205.64,approved
CHEMBL1200758,CC1(C)S[C@@H]2[C@H](NC(=O)[C@H](N)c3ccccc3)C(=O)N2[C@H]1C(=O)[O-].[Na+],"AMPICILLIN SODIUM",4,371.39,approved
CHEMBL1200759,Cl.O=C1CN2Cc3c(ccc(Cl)c3Cl)N=C2N1,"ANAGRELIDE HYDROCHLORIDE",4,292.55,approved
CHEMBL1200760,O=C([O-])CCNC(=O)c1ccc(/N=N/c2ccc(O)c(C(=O)[O-])c2)cc1.[Na+].[Na+],"BALSALAZIDE DISODIUM",4,401.29,approved
CHEMBL1200761,COc1ccc(C(Cl)=C(c2ccc(OC)cc2)c2ccc(OC)cc2)cc1,CHLOROTRIANISENE,4,380.87,approved
CHEMBL1200763,O=C([O-])CNC(=O)c1ccccc1[131I].[Na+],"IODOHIPPURATE SODIUM I 131",4,331.06,approved
CHEMBL1200764,CC(=O)OC(C)C[N+](C)(C)C.[Cl-],"METHACHOLINE CHLORIDE",4,195.69,approved
CHEMBL1200768,CC(C)(O/N=C(\C(=O)N[C@@H]1C(=O)N2C(C(=O)[O-])=C(C[n+]3ccccc3)CS[C@H]12)c1csc(N)n1)C(=O)[O-].[Na+],"CEFTAZIDIME SODIUM",4,568.57,approved
CHEMBL1200769,CN(C)CCN(Cc1ccccc1)c1ccccn1.O=C(O)CC(O)(CC(=O)O)C(=O)O,"TRIPELENNAMINE CITRATE",4,447.49,approved
CHEMBL1200770,CC(=O)N(CC(C)C(=O)O)c1c(I)cc(I)c(N)c1I,"IOCETAMIC ACID",4,613.96,approved
CHEMBL1200771,CC[N+](CC)(CC)CCC(O)(c1ccccc1)C1CCCCC1.[Cl-],"TRIDIHEXETHYL CHLORIDE",4,353.98,approved
CHEMBL1200772,CC(=O)CC(c1ccccc1)c1c([O-])c2ccccc2oc1=O.[K+],"WARFARIN POTASSIUM",4,346.42,approved
CHEMBL1200773,Cc1cccc(C)c1NC(=O)C(C)N.Cl,"TOCAINIDE HYDROCHLORIDE",4,228.72,approved
CHEMBL1200774,C[C@]12C=CC(=O)C=C1[C@@H](F)C[C@@H]1[C@@H]2[C@@H](O)C[C@@]2(C)[C@H]1CC[C@]2(O)C(=O)CO,FLUPREDNISOLONE,4,378.44,approved
CHEMBL1200776,C[C@@H](NCCCc1cccc(C(F)(F)F)c1)c1cccc2ccccc12.Cl,"CINACALCET HYDROCHLORIDE",4,393.88,approved
CHEMBL1200778,C[C@@H](CN1CC(=O)NC(=O)C1)N1CC(=O)NC(=O)C1.Cl,"DEXRAZOXANE HYDROCHLORIDE",4,304.73,approved
CHEMBL1200779,CS(=O)(=O)O.N[C@@H]1[C@H]2CN(c3nc4c(cc3F)c(=O)c(C(=O)O)cn4-c3ccc(F)cc3F)C[C@@H]12,"TROVAFLOXACIN MESYLATE",4,512.47,approved
CHEMBL1200781,Br.CN(C)CCCC1(c2ccc(F)cc2)OCc2cc(C#N)ccc21,"CITALOPRAM HYDROBROMIDE",4,405.31,approved
CHEMBL1200782,C[C@H](N)Cc1ccccc1.O=C(O)CCCCC(=O)O,"DEXTROAMPHETAMINE ADIPATE",4,281.35,approved
CHEMBL1200787,CC(COc1ccccc1)N(CCCl)Cc1ccccc1.Cl,"PHENOXYBENZAMINE HYDROCHLORIDE",4,340.29,approved
CHEMBL1200789,O=P([O-])(O)OCC(Cl)(Cl)Cl.[Na+],"TRICLOFOS SODIUM",4,251.37,approved
CHEMBL1200790,CCC1(CC)C(=O)NCC(C)C1=O,METHYPRYLON,4,183.25,approved
CHEMBL1200791,Cc1cc(C(C)(C)C)c(O)c(C)c1CC1=NCCN1.Cl,"OXYMETAZOLINE HYDROCHLORIDE",4,296.84,approved
CHEMBL1200794,CN1CC[C@]23c4c5ccc(O)c4O[C@H]2C(=O)CC[C@@]3(O)[C@H]1C5.Cl,"OXYMORPHONE HYDROCHLORIDE",4,337.8,approved
CHEMBL1200795,CN1CCC[C@@H]1CCO[C@](C)(c1ccccc1)c1ccc(Cl)cc1.O=C(O)/C=C/C(=O)O,"CLEMASTINE FUMARATE",4,459.97,approved
CHEMBL1200796,O.O=P1(N(CCCl)CCCl)NCCCO1,CYCLOPHOSPHAMIDE,4,279.1,approved
CHEMBL1200798,Cl.O=c1n(CCCN2CCN(c3cccc(Cl)c3)CC2)nc2ccccn12,"TRAZODONE HYDROCHLORIDE",4,408.33,approved
CHEMBL1200799,CC(C)OC(=O)CCC/C=C\C[C@@H]1[C@@H](/C=C/[C@@H](O)COc2cccc(C(F)(F)F)c2)[C@H](O)C[C@@H]1O,TRAVOPROST,4,500.55,approved
CHEMBL1200800,CC(=O)[O-].CC(=O)[O-].[Ca+2],"CALCIUM ACETATE",4,158.17,approved
CHEMBL1200802,C=CCC1(C(C)CC)C(=O)NC(=O)NC1=O,TALBUTAL,4,224.26,approved
CHEMBL1200803,O=C(O)CCC(=O)O.O=C(O[C@H]1CN2CCC1CC2)N1CCc2ccccc2[C@@H]1c1ccccc1,"SOLIFENACIN SUCCINATE",4,480.56,approved
CHEMBL1200804,O=C([O-])Cc1ccccc1Nc1c(Cl)cccc1Cl.[K+],"DICLOFENAC POTASSIUM",4,334.24,approved
CHEMBL1200805,COc1ccc([C@@H]2Sc3ccccc3N(CCN(C)C)C(=O)[C@@H]2OC(C)=O)cc1.O=C(O)CC(O)C(=O)O,"DILTIAZEM MALATE",4,548.61,approved
CHEMBL1200806,COc1ccc2cc([C@H](C)C(=O)[O-])ccc2c1.[Na+],"NAPROXEN SODIUM",4,252.25,approved
CHEMBL1200807,C#C[C@]1(O)CC[C@H]2[C@@H]3CCC4=C/C(=N/O)CC[C@@H]4[C@H]3CC[C@@]21CC,NORELGESTROMIN,4,327.47,approved
CHEMBL1200809,CN1CCCC(n2nc(Cc3ccc(Cl)cc3)c3ccccc3c2=O)CC1.Cl,"AZELASTINE HYDROCHLORIDE",4,418.37,approved
CHEMBL1200810,C=C1/C(=C\C=C2/CCC[C@]3(C)[C@@H]([C@H](C)/C=C/[C@H](C)C(C)C)CC[C@@H]23)C[C@@H](O)C[C@@H]1O,DOXERCALCIFEROL,4,412.66,approved
CHEMBL1200813,CCCC(=O)Nc1ccc(OCC(O)CNC(C)C)c(C(C)=O)c1.Cl,"ACEBUTOLOL HYDROCHLORIDE",4,372.89,approved
CHEMBL1200814,CC(=O)Nc1nnc(S([NH-])(=O)=O)s1.[Na+],"ACETAZOLAMIDE SODIUM",4,244.23,approved
CHEMBL1200817,CC[C@H](OC(C)=O)C(C[C@H](C)N(C)C)(c1ccccc1)c1ccccc1.Cl,"LEVOMETHADYL ACETATE HYDROCHLORIDE",4,389.97,approved
CHEMBL1200819,CCCNC(C)C(=O)Nc1c(C)csc1C(=O)OC.Cl,"ARTICAINE HYDROCHLORIDE",4,320.84,approved
CHEMBL1200820,CCN1CCN(C(=O)N[C@@H](C(=O)N[C@@H]2C(=O)N3[C@@H]2SC(C)(C)[C@@H]3C(=O)[O-])c2ccccc2)C(=O)C1=O.[Na+],"PIPERACILLIN SODIUM",4,539.55,approved
CHEMBL1200821,CCCOC(=O)Cn1cc(I)c(=O)c(I)c1,PROPYLIODONE,4,447.01,approved
CHEMBL1200822,CC(=O)O.O=C(NCC1CCCCN1)c1cc(OCC(F)(F)F)ccc1OCC(F)(F)F,"FLECAINIDE ACETATE",4,474.4,approved
CHEMBL1200825,CCC(=O)C(CC(C)N(C)C)(c1ccccc1)c1ccccc1.Cl,"METHADONE HYDROCHLORIDE",4,345.91,approved
CHEMBL1200828,Cl.OC(CCN1CCCCC1)(c1ccccc1)C1CCCC1,"CYCRIMINE HYDROCHLORIDE",4,323.91,approved
CHEMBL1200829,O=C1O[C@H](CO)[C@@H](O)[C@H](O)[C@H]1O,GLUCONOLACTONE,4,178.14,approved
CHEMBL1200831,CCOC(=O)[C@H](CCc1ccccc1)N[C@@H](C)C(=O)N1CC2(C[C@H]1C(=O)O)SCCS2.Cl,"SPIRAPRIL HYDROCHLORIDE",4,503.09,approved
CHEMBL1200832,CN(C/C=C/C#CC(C)(C)C)Cc1cccc2ccccc12.Cl,"TERBINAFINE HYDROCHLORIDE",4,327.9,approved
CHEMBL1200833,CNCC(O)c1ccc(OC(=O)C(C)(C)C)c(OC(=O)C(C)(C)C)c1.Cl,"DIPIVEFRIN HYDROCHLORIDE",4,387.9,approved
CHEMBL1200836,Clc1ccc(CO/N=C(\Cn2ccnc2)c2ccc(Cl)cc2Cl)c(Cl)c1.O=[N+]([O-])O,"OXICONAZOLE NITRATE",4,492.15,approved
CHEMBL1200837,CC(C)NC[C@H](O)COc1ccc(CCOCC2CC2)cc1.Cl,"LEVOBETAXOLOL HYDROCHLORIDE",4,343.9,approved
CHEMBL1200841,CCN(CC)CCOC(=O)c1ccc(N)cc1.Cl,"PROCAINE HYDROCHLORIDE",4,272.78,approved
CHEMBL1200843,CC[C@@H](CO)NC(=O)[C@@H]1C=C2c3cccc4[nH]cc(c34)C[C@H]2N(C)C1.O=C(O)/C=C\C(=O)O,"METHYLERGONOVINE MALEATE",4,455.51,approved
CHEMBL1200845,CC1(C)O[C@@H]2C[C@H]3[C@@H]4CCC5=CC(=O)CC[C@]5(C)[C@@]4(F)[C@@H](O)C[C@]3(C)[C@]2(C(=O)CCl)O1,HALCINONIDE,4,454.97,approved
CHEMBL1200848,CCCCCC(=O)O[C@]1(C(C)=O)CC[C@H]2[C@@H]3CCC4=CC(=O)CC[C@]4(C)[C@H]3CC[C@@]21C,"HYDROXYPROGESTERONE CAPROATE",4,428.61,approved
CHEMBL1200850,Nc1nc([O-])c2ncn(COC(CO)CO)c2n1.[Na+],"GANCICLOVIR SODIUM",4,277.22,approved
CHEMBL1200851,C[N+]1(C)[C@@H]2CC[C@H]1C[C@@H](OC(=O)C(O)c1ccccc1)C2.[Br-],"HOMATROPINE METHYLBROMIDE",4,370.29,approved
CHEMBL1200852,CC1(C)S[C@@H]2[C@H](NC(=O)COc3ccccc3)C(=O)N2[C@H]1C(=O)[O-].[K+],"PENICILLIN V POTASSIUM",4,388.49,approved
CHEMBL1200853,CC(=O)[C@H]1CC[C@H]2[C@@H]3C=CC4=CC(=O)CC[C@@]4(C)[C@@H]3CC[C@]12C,DYDROGESTERONE,4,312.45,approved
CHEMBL1200854,CCCCCCCCCC(=O)OCCN1CCN(CCCN2c3ccccc3Sc3ccc(C(F)(F)F)cc32)CC1,"FLUPHENAZINE DECANOATE",4,591.78,approved
CHEMBL1200855,CC1(C)S[C@@H]2[C@H](NC(=O)[C@H](C(=O)[O-])c3ccsc3)C(=O)N2[C@H]1C(=O)[O-].[Na+].[Na+],"TICARCILLIN DISODIUM",4,428.4,approved
CHEMBL1200859,CCN(CC)c1ccc(C(=C2C=CC(=[N+](CC)CC)C=C2)c2cc(S(=O)(=O)[O-])ccc2S(=O)(=O)[O-])cc1.[Na+],"ISOSULFAN BLUE",4,566.68,approved
CHEMBL1200861,O=C(O)[C@@H](O)[C@H](O)C(=O)O,"TARTARIC ACID",4,150.09,approved
CHEMBL1200862,C[C@](N)(Cc1ccc(O)cc1)C(=O)O,METYROSINE,4,195.22,approved
CHEMBL1200863,Cl.N[C@@H](Cc1ccc(N(CCCl)CCCl)cc1)C(=O)O,"MELPHALAN HYDROCHLORIDE",4,341.67,approved
CHEMBL1200865,CCOC(=O)O[C@]1(C(=O)OCCl)CC[C@H]2[C@@H]3CCC4=CC(=O)C=C[C@]4(C)[C@H]3[C@@H](O)C[C@@]21C,"LOTEPREDNOL ETABONATE",4,466.96,approved
CHEMBL1200866,FC(F)(F)C(F)(F)C(F)(F)C(F)(F)C(F)(F)C(F)(F)C(F)(F)C(F)(F)Br,PERFLUBRON,4,498.96,approved
CHEMBL1200868,Nc1ccc(C(=O)Oc2ccccc2)c(O)c1,"PHENYL AMINOSALICYLATE",4,229.24,approved
CHEMBL1200869,Cc1ncc([N+](=O)[O-])n1CCO.Cl,"METRONIDAZOLE HYDROCHLORIDE",4,207.62,approved
CHEMBL1200870,CC(C)(C)NC[C@H](O)COc1nsnc1N1CCOCC1.O=C(O)/C=C\C(=O)O,"TIMOLOL MALEATE",4,432.5,approved
CHEMBL1200873,CS(=O)(=O)O.Cc1ccc(N(CC2=NCCN2)c2cccc(O)c2)cc1,"PHENTOLAMINE MESYLATE",4,377.47,approved
CHEMBL1200874,CCCCNC(=O)[N-]S(=O)(=O)c1ccc(C)cc1.[Na+],"TOLBUTAMIDE SODIUM, STERILE",4,292.34,approved
CHEMBL1200875,Cc1c(-c2ccccc2)oc2c(C(=O)OCCN3CCCCC3)cccc2c1=O.Cl,"FLAVOXATE HYDROCHLORIDE",4,427.93,approved
CHEMBL1200877,C[C@@H]1C[C@H]2[C@@H]3C[C@H](F)C4=CC(=O)C=C[C@]4(C)[C@@]3(F)[C@@H](O)C[C@]2(C)[C@@]1(O)C(=O)COC(=O)C(C)(C)C,"FLUMETHASONE PIVALATE",4,494.58,approved
CHEMBL1200878,CC(C)(C)CC(=O)OCC(=O)[C@@]12OC(C)(C)O[C@@H]1C[C@H]1[C@@H]3CCC4=CC(=O)C=C[C@]4(C)[C@@]3(F)[C@@H](O)C[C@@]12C,"TRIAMCINOLONE HEXACETONIDE",4,532.65,approved
CHEMBL1200879,CC(=O)CC(c1ccccc1)c1c([O-])c2ccccc2oc1=O.[Na+],"WARFARIN SODIUM",4,330.31,approved
CHEMBL1200880,COS(=O)(=O)[O-].C[N+]1(C)CCC(=C(c2ccccc2)c2ccccc2)CC1,"DIPHEMANIL METHYLSULFATE",4,389.52,approved
CHEMBL1200881,CN(C)c1ccc(O)c2c1C[C@H]1C[C@H]3[C@H](N(C)C)C(O)=C(C(N)=O)C(=O)[C@@]3(O)C(O)=C1C2=O.Cl,"MINOCYCLINE HYDROCHLORIDE",4,493.94,approved
CHEMBL1200883,CCCCCCCCCCCCCCCC[N+](C)(C)CCN(Cc1ccc(OC)cc1)c1ncccn1.[Br-],"THONZONIUM BROMIDE",4,591.72,approved
CHEMBL1200885,Cc1[nH]cnc1CN1CCc2c(c3ccccc3n2C)C1=O.Cl,"ALOSETRON HYDROCHLORIDE",4,330.82,approved
CHEMBL1200887,COc1cc(C(=O)NCc2ccc(OCCN(C)C)cc2)cc(OC)c1OC.Cl,"TRIMETHOBENZAMIDE HYDROCHLORIDE",4,424.93,approved
CHEMBL1200890,COc1ccc2c3c1O[C@H]1C(=O)CC[C@@]4(O)[C@@H](C2)N(C)CC[C@]314.Cl,"OXYCODONE HYDROCHLORIDE",4,351.83,approved
CHEMBL1200891,CN1CCCN=C1COC(=O)C(O)(c1ccccc1)C1CCCCC1.Cl,"OXYPHENCYCLIMINE HYDROCHLORIDE",4,380.92,approved
CHEMBL1200893,CC(Cc1ccc2c(c1)OCO2)NCC(O)c1ccc(O)c(O)c1.Cl,"PROTOKYLOL HYDROCHLORIDE",4,367.83,approved
CHEMBL1200895,NNCCc1ccccc1.O=S(=O)(O)O,"PHENELZINE SULFATE",4,234.28,approved
CHEMBL1200896,CCCCC[C@H](O)/C=C/[C@@H]1[C@@H](C/C=C\CCCC(=O)O)[C@@H](O)C[C@H]1O.NC(CO)(CO)CO,"DINOPROST TROMETHAMINE",4,475.62,approved
CHEMBL1200899,CCCC(=O)Nc1c(I)cc(I)c(CC(CC)C(=O)[O-])c1I.[Na+],"TYROPANOATE SODIUM",4,663.01,approved
CHEMBL1200901,CCCCN(CCCC)CCC(O)c1cc2c(Cl)cc(Cl)cc2c2cc(C(F)(F)F)ccc12.Cl,"HALOFANTRINE HYDROCHLORIDE",4,536.89,approved
CHEMBL1200903,C=CCC1(C(C)CCC)C(=O)[N-]C(=O)NC1=O.[Na+],"SECOBARBITAL SODIUM",4,260.27,approved
CHEMBL1200904,C#CCN(C)[C@H](C)Cc1ccccc1.Cl,"SELEGILINE HYDROCHLORIDE",4,223.75,approved
CHEMBL1200906,CC[N+](C)(CC)CCOC(=O)C(O)(c1ccccc1)C1CCCCC1.[Br-],"OXYPHENONIUM BROMIDE",4,428.41,approved
CHEMBL1200907,C[C@]12CC[C@H]3[C@@H](CC[C@@]45O[C@@H]4C(O)=C(C#N)C[C@]35C)[C@@H]1CC[C@@H]2O,TRILOSTANE,4,329.44,approved
CHEMBL1200908,CCC(=O)O[C@]1(C(=O)CCl)[C@@H](C)C[C@H]2[C@@H]3C[C@H](F)C4=CC(=O)C=C[C@]4(C)[C@@]3(F)[C@@H](O)C[C@@]21C,"HALOBETASOL PROPIONATE",4,484.97,approved
CHEMBL1200909,CC(C)(C)CC(=O)OCC(=O)[C@@]1(O)CC[C@H]2[C@@H]3CCC4=CC(=O)C=C[C@]4(C)[C@H]3[C@@H](O)C[C@@]21C,"PREDNISOLONE TEBUTATE",4,458.6,approved
CHEMBL1200910,CC(=O)N(c1onc(C)c1C)S(=O)(=O)c1ccc(N)cc1,"SULFISOXAZOLE ACETYL",4,309.35,approved
CHEMBL1200912,CC(C)(N)Cc1ccccc1.Cl,"PHENTERMINE HYDROCHLORIDE",4,185.7,approved
CHEMBL1200914,CCOc1ccccc1OCCN[C@H](C)Cc1ccc(OC)c(S(N)(=O)=O)c1.Cl,"TAMSULOSIN HYDROCHLORIDE",4,444.98,approved
CHEMBL1200916,CSc1ccc2c(c1)N(CCC1CCCCN1C)c1ccccc1S2.Cl,"THIORIDAZINE HYDROCHLORIDE",4,407.05,approved
CHEMBL1200920,CCC(NC(C)C)C(O)c1ccc(O)c(O)c1.Cl,"ISOETHARINE HYDROCHLORIDE",4,275.78,approved
CHEMBL1200922,CCC(C)C(C)(COC(N)=O)COC(N)=O,MEBUTAMATE,4,232.28,approved
CHEMBL1200925,O=P([O-])(O)O.[K+],"POTASSIUM PHOSPHATE, MONOBASIC",4,136.08,approved
CHEMBL1200927,CN(C)CC[C@@H](c1ccc(Cl)cc1)c1ccccn1.O=C(O)/C=C\C(=O)O,"DEXCHLORPHENIRAMINE MALEATE",4,390.87,approved
CHEMBL1200928,CC(=O)[O-].CC(=O)[O-].[Zn+2],"ZINC ACETATE ANHYDROUS",4,183.48,approved
CHEMBL1200929,O=S(=O)([O-])[O-].[Zn+2],"ZINC SULFATE",4,161.45,approved
CHEMBL1200930,COCCCOc1ccnc(C[S+]([O-])c2nc3ccccc3[n-]2)c1C.[Na+],"RABEPRAZOLE SODIUM",4,381.43,approved
CHEMBL1200933,C[N+](C)(CCCCCC[N+](C)(C)C1c2ccccc2-c2ccccc21)C1c2ccccc2-c2ccccc21.[Br-].[Br-],"HEXAFLUORENIUM BROMIDE",4,662.55,approved
CHEMBL1200934,C#C[C@]1(OC(C)=O)CC[C@H]2[C@@H]3CCC4=C/C(=N/O)CC[C@@H]4[C@H]3CC[C@@]21CC,NORGESTIMATE,4,369.51,approved
CHEMBL1200935,Br.NC(=O)C(c1ccccc1)(c1ccccc1)[C@@H]1CCN(CCc2ccc3c(c2)CCO3)C1,"DARIFENACIN HYDROBROMIDE",4,507.47,approved
CHEMBL1200936,CC1(C)S[C@@H]2[C@H](NC(=O)Cc3ccccc3)C(=O)N2[C@H]1C(=O)O.CCN(CC)CCOC(=O)c1ccc(N)cc1.O,"PENICILLIN G PROCAINE",4,588.73,approved
CHEMBL1200940,CCN(CC)CCNC(=O)c1cc(Cl)c(N)cc1OC.Cl.O,"METOCLOPRAMIDE HYDROCHLORIDE",4,354.28,approved
CHEMBL1200941,Cc1ncc(C[n+]2csc(CCO)c2C)c(N)n1.Cl.[Cl-],"THIAMINE HYDROCHLORIDE",4,337.28,approved
CHEMBL1200944,CC1(C)[C@H](C(=O)[O-])N2C(=O)C[C@H]2S1(=O)=O.[Na+],"SULBACTAM SODIUM",4,255.23,approved
CHEMBL1200945,O=C([O-])CN(CCN(CC(=O)[O-])CC(=O)[O-])CCN(CC(=O)[O-])CC(=O)[O-].[Ca+2].[Na+].[Na+].[Na+],"PENTETATE CALCIUM TRISODIUM",4,497.36,approved
CHEMBL1200946,CCCCCCCCCC(=O)O[C@H]1CC[C@H]2[C@@H]3CCC4=CC(=O)CC[C@@H]4[C@H]3CC[C@]12C,"NANDROLONE DECANOATE",4,428.66,approved
CHEMBL1200947,CC(=O)Oc1c(C)cc(OCC(O)CNC(C)C)c(C)c1C.Cl,"METIPRANOLOL HYDROCHLORIDE",4,345.87,approved
CHEMBL1200948,CC(CN(C)C)CN1c2ccccc2CCc2ccccc21.O=C(O)/C=C\C(=O)O,"TRIMIPRAMINE MALEATE",4,410.51,approved
CHEMBL1200949,Cl.NCCc1cc[nH]n1,"BETAZOLE HYDROCHLORIDE",4,147.61,approved
CHEMBL1200950,C[N+]12CCC(CC1)C(OC(=O)C(O)(c1ccccc1)c1ccccc1)C2.[Br-],"CLIDINIUM BROMIDE",4,432.36,approved
CHEMBL1200951,CCCCCCC(=O)OCCN1CCN(CCCN2c3ccccc3Sc3ccc(C(F)(F)F)cc32)CC1,"FLUPHENAZINE ENANTHATE",4,549.7,approved
CHEMBL1200952,CN[C@@H](C)Cc1ccccc1.Cl,"METHAMPHETAMINE HYDROCHLORIDE",4,185.7,approved
CHEMBL1200953,CCCC(=O)O[C@]1(C(=O)COC(=O)CC)CC[C@H]2[C@@H]3CCC4=CC(=O)CC[C@]4(C)[C@H]3[C@@H](O)C[C@@]21C,"HYDROCORTISONE PROBUTATE",4,488.62,approved
CHEMBL1200955,COc1c(C)c2c(c(O)c1C/C=C(\C)CCC(=O)OCCN1CCOCC1)C(=O)OC2.Cl,"MYCOPHENOLATE MOFETIL HYDROCHLORIDE",4,469.96,approved
CHEMBL1200959,CN1CCC(CN2c3ccccc3Sc3ccccc32)C1,METHDILAZINE,4,296.44,approved
CHEMBL1200961,CN(C)CCC(c1ccc(Br)cc1)c1ccccn1.O=C(O)/C=C\C(=O)O,"BROMPHENIRAMINE MALEATE",4,435.32,approved
CHEMBL1200962,CO/N=C(\C(=O)N[C@@H]1C(=O)N2C(C(=O)O)=C(C[N+]3(C)CCCC3)CS[C@H]12)c1csc(N)n1.Cl.O.[Cl-],"CEFEPIME HYDROCHLORIDE",4,571.51,approved
CHEMBL1200963,CCNC(=O)CCC/C=C\C[C@@H]1[C@@H](/C=C/[C@@H](O)CCc2ccccc2)[C@H](O)C[C@@H]1O,BIMATOPROST,4,415.57,approved
CHEMBL1200964,CN(C)CCC=C1c2ccccc2CCc2ccccc21.Cl,"AMITRIPTYLINE HYDROCHLORIDE",4,313.87,approved
CHEMBL1200965,CCOC(=O)OC(C)OC(=O)[C@@H]1N2C(=O)[C@@H](NC(=O)[C@H](N)c3ccccc3)[C@H]2SC1(C)C.Cl,"BACAMPICILLIN HYDROCHLORIDE",4,501.99,approved
CHEMBL1200967,CN(C)CCOC(c1ccccc1)c1ccc(Br)cc1.Cl,"BROMODIPHENHYDRAMINE HYDROCHLORIDE",4,370.72,approved
CHEMBL1200968,C[C@]12CCC(=O)C=C1CC[C@@H]1[C@@H]2[C@@H](O)C[C@@]2(C)[C@H]1CC[C@]2(O)C(=O)COP(=O)([O-])[O-].[Na+].[Na+],"HYDROCORTISONE SODIUM PHOSPHATE",4,486.41,approved
CHEMBL1200969,C[C@]12C=CC(=O)N[C@@H]1CC[C@@H]1[C@@H]2CC[C@]2(C)[C@@H](C(=O)Nc3cc(C(F)(F)F)ccc3C(F)(F)F)CC[C@@H]12,DUTASTERIDE,4,528.54,approved
CHEMBL1200970,CCN(CC)C(C)CN1c2ccccc2Sc2ccccc21.Cl,"ETHOPROPAZINE HYDROCHLORIDE",4,348.94,approved
CHEMBL1200971,CC(=O)OCC1=C(C(=O)O)N2C(=O)[C@@H](NC(=O)[C@H](N)c3ccccc3)[C@H]2SC1,CEPHALOGLYCIN,4,405.43,approved
CHEMBL1200972,CN(C)CCC(O)(c1ccccc1)c1ccccc1Cl.Cl,"CHLOPHEDIANOL HYDROCHLORIDE",4,326.27,approved
CHEMBL1200973,C[C@]12CC[C@@H]3c4ccc(O)cc4CC[C@H]3[C@@H]1CC[C@@H]2OC(=O)CCC1CCCC1,"ESTRADIOL CYPIONATE",4,396.57,approved
CHEMBL1200974,CN(C)CCOC(c1ccc(Cl)cc1)c1ccccn1.O=C(O)/C=C\C(=O)O,"CARBINOXAMINE MALEATE",4,406.87,approved
CHEMBL1200975,C[C@@H]1C[C@H]2[C@@H]3C[C@H](F)C4=CC(=O)C=C[C@]4(C)[C@@]3(Cl)[C@@H](O)C[C@]2(C)[C@H]1C(=O)COC(=O)C(C)(C)C,"CLOCORTOLONE PIVALATE",4,495.03,approved
CHEMBL1200976,CC(=O)[C@]1(O)Cc2c(O)c3c(c(O)c2[C@@H](O[C@H]2C[C@H](N)[C@H](O)[C@H](C)O2)C1)C(=O)c1ccccc1C3=O.Cl,"IDARUBICIN HYDROCHLORIDE",4,533.96,approved
CHEMBL1200977,CC(O)C(=O)O.Cc1[nH]c(=O)c(C#N)cc1-c1ccncc1,"MILRINONE LACTATE",4,301.3,approved
CHEMBL1200979,CC(C)(CO)[C@@H](O)C(=O)NCCCO,DEXPANTHENOL,4,205.25,approved
CHEMBL1200980,C1CNCCN1.C[C@]12CC[C@@H]3c4ccc(OS(=O)(=O)O)cc4CC[C@H]3[C@@H]1CCC2=O,ESTROPIPATE,4,436.57,approved
CHEMBL1200981,COc1cccc2c1C(=O)c1c(O)c3c(c(O)c1C2=O)C[C@@](O)(C(=O)CO)C[C@@H]3O[C@H]1C[C@H](N)[C@@H](O)[C@H](C)O1.Cl,"EPIRUBICIN HYDROCHLORIDE",4,579.99,approved
CHEMBL1200982,CCC(C)C1(CC)C(=O)[N-]C(=O)NC1=O.[Na+],"BUTABARBITAL SODIUM",4,234.23,approved
CHEMBL1200984,CCOC(=O)C1=C(COCCN)NC(C)=C(C(=O)OC)C1c1ccccc1Cl.O=C(O)/C=C\C(=O)O,"AMLODIPINE MALEATE",4,524.95,approved
CHEMBL1200986,CCCCCCCCCC(=O)OC1(c2ccc(Cl)cc2)CCN(CCCC(=O)c2ccc(F)cc2)CC1,"HALOPERIDOL DECANOATE",4,530.12,approved
CHEMBL1200987,CCCCc1ncc(/C=C(\Cc2cccs2)C(=O)O)n1Cc1ccc(C(=O)O)cc1.CS(=O)(=O)O,"EPROSARTAN MESYLATE",4,520.63,approved
CHEMBL1200988,CC[N+](C)(CC)CCOC(=O)C1c2ccccc2Oc2ccccc21.[Br-],"METHANTHELINE BROMIDE",4,420.35,approved
CHEMBL1200989,CCC(=O)OCC(=O)[C@@]1(OC(=O)CC)[C@H](C)C[C@H]2[C@H]3[C@H]([C@@H](O)C[C@@]21C)[C@@]1(C)C=CC(=O)C=C1C[C@H]3Cl,"ALCLOMETASONE DIPROPIONATE",4,521.05,approved
CHEMBL1200991,CC1(C)S[C@@H]2[C@H](NC(=O)C(C(=O)Oc3ccc4c(c3)CCC4)c3ccccc3)C(=O)N2[C@H]1C(=O)[O-].[Na+],"CARBENICILLIN INDANYL SODIUM",4,516.55,approved
CHEMBL1201000,O=C1CN(/N=C/c2ccc([N+](=O)[O-])o2)C(=O)[N-]1.[Na+],"NITROFURANTOIN SODIUM",4,260.14,approved
CHEMBL1201001,CN(CCCl)CCCl.Cl,"MECHLORETHAMINE HYDROCHLORIDE",4,192.52,approved
CHEMBL1201002,CC(C)(C)NCC(O)COc1cccc2c1CCC(=O)N2.Cl,"CARTEOLOL HYDROCHLORIDE",4,328.84,approved
CHEMBL1201003,Br.CN1CCC[C@@H]1Cc1c[nH]c2ccc(CCS(=O)(=O)c3ccccc3)cc12,"ELETRIPTAN HYDROBROMIDE",4,463.44,approved
CHEMBL1201005,O=C([O-])C1=C(CSc2nnnn2CS(=O)(=O)[O-])CS[C@@H]2[C@H](NC(=O)[C@H](O)c3ccccc3)C(=O)N12.[Na+].[Na+],"CEFONICID SODIUM",4,586.54,approved
CHEMBL1201006,COc1ccc(CN(CCN(C)C)c2ccccn2)cc1.O=C(O)/C=C\C(=O)O,"PYRILAMINE MALEATE",4,401.46,approved
CHEMBL1201010,CC(=O)OCC(=O)[C@@]1(O)CC[C@H]2[C@@H]3CCC4=CC(=O)CC[C@]4(C)[C@@]3(F)[C@@H](O)C[C@@]21C,"FLUDROCORTISONE ACETATE",4,422.49,approved
CHEMBL1201011,CCOC(=O)[C@H](CCc1ccccc1)N[C@@H](C)C(=O)N1Cc2ccccc2C[C@H]1C(=O)O.Cl,"QUINAPRIL HYDROCHLORIDE",4,474.99,approved
CHEMBL1201012,CC1(C)O[C@@H]2C[C@H]3[C@@H]4C[C@H](F)C5=CC(=O)CC[C@]5(C)[C@H]4[C@@H](O)C[C@]3(C)[C@]2(C(=O)CO)O1,FLURANDRENOLIDE,4,436.52,approved
CHEMBL1201013,O=C([O-])c1cc(/N=N/c2ccc(O)c(C(=O)[O-])c2)ccc1O.[Na+].[Na+],"OLSALAZINE SODIUM",4,346.21,approved
CHEMBL1201014,C[C@]12C=CC(=O)C=C1CC[C@@H]1[C@@H]2[C@@H](O)C[C@@]2(C)[C@H]1CC[C@]2(O)C(=O)COP(=O)([O-])[O-].[Na+].[Na+],"PREDNISOLONE SODIUM PHOSPHATE",4,484.39,approved
CHEMBL1201015,CC(=O)[O-].CC(=O)[O-].CC(=O)[O-].[Al+3],"ALUMINUM ACETATE",4,204.11,approved
CHEMBL1201016,COCC1=C(C(=O)OC(C)OC(=O)OC(C)C)N2C(=O)[C@@H](NC(=O)/C(=N\OC)c3csc(N)n3)[C@H]2SC1,"CEFPODOXIME PROXETIL",4,557.61,approved
CHEMBL1201018,N[C@@H](C(=O)N[C@@H]1C(=O)N2C(C(=O)O)=C(Cl)CS[C@H]12)c1ccccc1.O,CEFACLOR,4,385.83,approved
CHEMBL1201019,CO/N=C(\C(=O)N[C@@H]1C(=O)N2C(C(=O)[O-])=CCS[C@H]12)c1csc(N)n1.[Na+],"CEFTIZOXIME SODIUM",4,405.39,approved
CHEMBL1201020,CC(C)N(CCC(C(N)=O)(c1ccccc1)c1ccccn1)C(C)C.O=P(O)(O)O,"DISOPYRAMIDE PHOSPHATE",4,437.48,approved
CHEMBL1201022,Cl.Nc1ccc(/N=N/c2ccccc2)c(N)n1,"PHENAZOPYRIDINE HYDROCHLORIDE",4,249.71,approved
CHEMBL1201023,Cc1ccccc1C(OCCN(C)C)c1ccccc1.Cl,"ORPHENADRINE HYDROCHLORIDE",4,305.85,approved
CHEMBL1201027,C[N+]1(C)CCC(OC(=O)C(O)(c2ccccc2)C2CCCC2)C1.[Br-],GLYCOPYRROLATE,4,398.34,approved
CHEMBL1201032,CN(C)CCc1c[nH]c2ccc(Cn3cncn3)cc12.O=C(O)c1ccccc1,"RIZATRIPTAN BENZOATE",4,391.48,approved
CHEMBL1201033,CN(C)/C=N/c1c(I)cc(I)c(CCC(=O)[O-])c1I.[Na+],"IPODATE SODIUM",4,619.94,approved
CHEMBL1201035,Cl.OC(CCN1CCCCC1)(c1ccccc1)C1CC2C=CC1C2,"BIPERIDEN HYDROCHLORIDE",4,347.93,approved
CHEMBL1201037,Cl.NCCCC(N)(C(=O)O)C(F)F.O,"EFLORNITHINE HYDROCHLORIDE",4,236.65,approved
CHEMBL1201038,CCCCCCc1ccc(O)cc1O.Nc1c2ccccc2nc2ccccc12,ACRISORCIN,4,388.51,approved
CHEMBL1201039,NS(=O)(=O)c1cc2c(cc1Cl)N=C(CSCc1ccccc1)NS2(=O)=O,BENZTHIAZIDE,4,431.95,approved
CHEMBL1201041,CC1(C)S[C@@H]2[C@H](NC(=O)[C@H](NC(=O)N3CCNC3=O)c3ccccc3)C(=O)N2[C@H]1C(=O)[O-].[Na+],"AZLOCILLIN SODIUM",4,483.48,approved
CHEMBL1201042,CC(O)(P(=O)([O-])O)P(=O)([O-])O.[Na+].[Na+],"ETIDRONATE DISODIUM",4,249.99,approved
CHEMBL1201043,CC(=O)OCC1=C(C(=O)[O-])N2C(=O)[C@@H](NC(=O)CSc3ccncc3)[C@H]2SC1.[Na+],"CEPHAPIRIN SODIUM",4,445.45,approved
CHEMBL1201044,Cc1ccccc1N1CCN(CCc2nnc3n2CCCC3)CC1.Cl,"DAPIPRAZOLE HYDROCHLORIDE",4,361.92,approved
CHEMBL1201045,CC(=O)Nc1c(I)cc(I)c(C(=O)[O-])c1I.O.[Na+],"ACETRIZOATE SODIUM",4,596.86,approved
CHEMBL1201046,NCc1ccccc1CC(=O)N[C@@H]1C(=O)N2C(C(=O)O)=C(CSc3nnnn3CC(=O)O)CS[C@H]12,CEFORANIDE,4,519.57,approved
CHEMBL1201047,CCOC(=O)C1(c2ccccc2)CCN(CCc2ccc(N)cc2)CC1.Cl,"ANILERIDINE HYDROCHLORIDE",4,388.94,approved
CHEMBL1201048,CCC(=O)O[C@H]1CC[C@H]2[C@@H]3CC[C@H]4CC(=O)[C@H](C)C[C@]4(C)[C@H]3CC[C@]12C,"DROMOSTANOLONE PROPIONATE",4,360.54,approved
CHEMBL1201049,Clc1ccc(COC(Cn2ccnc2)c2ccc(Cl)cc2Cl)cc1.O=[N+]([O-])O,"ECONAZOLE NITRATE",4,444.7,approved
CHEMBL1201050,Cc1cccn2c(=O)c(-c3nnn[n-]3)cnc12.[K+],"PEMIROLAST POTASSIUM",4,266.31,approved
CHEMBL1201051,CN/C(=N\CCSCc1nc[nH]c1C)NC#N.Cl,"CIMETIDINE HYDROCHLORIDE",4,288.81,approved
CHEMBL1201052,CN1CCCCC1CCN1c2ccccc2Sc2ccc([S+](C)[O-])cc21.O=S(=O)(O)c1ccccc1,"MESORIDAZINE BESYLATE",4,544.76,approved
CHEMBL1201054,C[75Se]CC[C@H](N)C(=O)O,"SELENOMETHIONINE SE 75",4,192.07,approved
CHEMBL1201056,CCn1ccc(NS(=O)(=O)c2ccc(N)cc2)nc1=O,SULFACYTINE,4,294.34,approved
CHEMBL1201057,CC1(C)C[C@@H]1C(=O)N/C(=C\CCCCSC[C@H](N)C(=O)O)C(=O)[O-].[Na+],"CILASTATIN SODIUM",4,380.44,approved
CHEMBL1201059,CC(C)NC(=N)NC(=N)Nc1ccc(Cl)cc1.Cl,"PROGUANIL HYDROCHLORIDE",4,290.2,approved
CHEMBL1201060,CN1CCN(C2=Nc3ccccc3Oc3ccc(Cl)cc32)CC1.Cl,"LOXAPINE HYDROCHLORIDE",4,364.28,approved
CHEMBL1201061,CC(C)(C)NC[C@H](O)c1ccc(O)c(CO)c1.Cl,"LEVALBUTEROL HYDROCHLORIDE",4,275.78,approved
CHEMBL1201063,CCCNCC(O)COc1ccccc1C(=O)CCc1ccccc1.Cl,"PROPAFENONE HYDROCHLORIDE",4,377.91,approved
CHEMBL1201064,CC(=O)O[C@]1(C(C)=O)CC[C@H]2[C@@H]3C[C@H](C)C4=CC(=O)C=C[C@]4(C)[C@@]3(F)[C@@H](O)C[C@@]21C,"FLUOROMETHOLONE ACETATE",4,418.51,approved
CHEMBL1201065,C=CCC1(C(C)CCC)C(=O)[N-]C(=S)NC1=O.[Na+],"THIAMYLAL SODIUM",4,276.34,approved
CHEMBL1201066,COc1ccc(C(CN(C)C)C2(O)CCCCC2)cc1.Cl,"VENLAFAXINE HYDROCHLORIDE",4,313.87,approved
CHEMBL1201067,CC(O)C(=O)O.OC(CCN1CCCCC1)(c1ccccc1)C1CC2C=CC1C2,"BIPERIDEN LACTATE",4,401.55,approved
CHEMBL1201068,CCC(=O)c1ccc2c(c1)N(CC(C)N(C)C)c1ccccc1S2.Cl,"PROPIOMAZINE HYDROCHLORIDE",4,376.95,approved
CHEMBL1201071,CN(C)[C@@H]1C(O)=C(C(N)=O)C(=O)[C@@]2(O)C(O)=C3C(=O)c4c(O)cccc4[C@@](C)(O)[C@H]3C[C@@H]12.O=P(O)(O)O,"TETRACYCLINE PHOSPHATE COMPLEX",4,542.43,approved
CHEMBL1201073,O=C(O)[C@@H](S)[C@@H](S)C(=O)O,SUCCIMER,4,182.22,approved
CHEMBL1201080,COc1cc(Cc2cnc(N)nc2N)cc(OC)c1OC.Cl,"TRIMETHOPRIM HYDROCHLORIDE",4,326.78,approved
CHEMBL1201081,C[C@H]1C[C@@H]2[C@H]([C@@H](O)C[C@@]3(C)[C@H]2CC[C@]3(O)C(=O)COC(=O)CCC(=O)[O-])[C@@]2(C)C=CC(=O)C=C12.[Na+],"METHYLPREDNISOLONE SODIUM SUCCINATE",4,496.53,approved
CHEMBL1201082,CNCCC(Oc1ccc(C(F)(F)F)cc1)c1ccccc1.Cl,"FLUOXETINE HYDROCHLORIDE",4,345.79,approved
CHEMBL1201083,[123I-].[Na+],"SODIUM IODIDE I 123",4,145.9,approved
CHEMBL1201084,[131I-].[Na+],"SODIUM IODIDE I 131",4,153.9,approved
CHEMBL1201087,C=CCN1C[C@H](C(=O)N(CCCN(C)C)C(=O)NCC)C[C@@H]2c3cccc4[nH]cc(c34)C[C@H]21,CABERGOLINE,4,451.62,approved
CHEMBL1201089,CN(C)CCOC(c1ccccc1)c1ccccc1.O=C(O)CC(O)(CC(=O)O)C(=O)O,"DIPHENHYDRAMINE CITRATE",4,447.48,approved
CHEMBL1201093,COC(=O)CCC(=O)CN.Cl,"METHYL AMINOLEVULINATE HYDROCHLORIDE",4,181.62,approved
CHEMBL1201098,CO[C@@]1(NC(=O)C2SC(=C(C(N)=O)C(=O)[O-])S2)C(=O)N2C(C(=O)[O-])=C(CSc3nnnn3C)CS[C@@H]21.[Na+].[Na+],"CEFOTETAN DISODIUM",4,619.6,approved
CHEMBL1201099,COc1ccc2c3c1O[C@H]1[C@@H](O)C=C[C@H]4[C@@H](C2)N(C)CC[C@@]341.O.O=P(O)(O)O,"CODEINE PHOSPHATE",4,415.38,approved
CHEMBL1201101,C[C@]12CC[C@H]3[C@@H](CCC4=CC(=O)CC[C@@]43C)[C@@H]1CC[C@@H]2OC(=O)CCC1CCCC1,"TESTOSTERONE CYPIONATE",4,412.61,approved
CHEMBL1201102,CN(C)CCCN1c2ccccc2Sc2ccc(C(F)(F)F)cc21.Cl,"TRIFLUPROMAZINE HYDROCHLORIDE",4,388.89,approved
CHEMBL1201103,COc1ccc(OC)c(C(O)C(C)N)c1.Cl,"METHOXAMINE HYDROCHLORIDE",4,247.72,approved
CHEMBL1201104,C1N2CN3CN1CN(C2)C3.O=C(O)CNC(=O)c1ccccc1,"METHENAMINE HIPPURATE",4,319.37,approved
CHEMBL1201108,Cc1nc2c([nH]1)-c1ccccc1N(C(=O)c1ccc(NC(=O)c3ccccc3-c3ccccc3)cc1)CC2.Cl,"CONIVAPTAN HYDROCHLORIDE",4,535.05,approved
CHEMBL1201109,CC1(C)O[C@@H]2C[C@H]3[C@@H]4CCC5=CC(=O)C=C[C@]5(C)[C@H]4[C@@H](O)C[C@]3(C)[C@]2(C(=O)CO)O1,DESONIDE,4,416.51,approved
CHEMBL1201110,CC(C)[C@H](N)C(=O)OCCOCn1cnc2c(=O)nc(N)[nH]c21.Cl,"VALACYCLOVIR HYDROCHLORIDE",4,360.8,approved
CHEMBL1201112,COc1nc(N)nc2c1ncn2[C@@H]1O[C@H](CO)[C@@H](O)[C@@H]1O,NELARABINE,4,297.27,approved
CHEMBL1201115,COC(=O)CCc1ccc(OCC(O)CNC(C)C)cc1.Cl,"ESMOLOL HYDROCHLORIDE",4,331.84,approved
CHEMBL1201116,CC1(C)S[C@@H]2[C@H](N3C(=O)[C@@H](c4ccccc4)NC3(C)C)C(=O)N2[C@H]1C(=O)O,HETACILLIN,4,389.48,approved
CHEMBL1201117,COc1ccccc1OCC(O)COC(N)=O,METHOCARBAMOL,4,241.24,approved
CHEMBL1201118,CO[C@@]1(NC(=O)CSCC#N)C(=O)N2C(C(=O)[O-])=C(CSc3nnnn3C)CS[C@@H]21.[Na+],"CEFMETAZOLE SODIUM",4,493.53,approved
CHEMBL1201119,N[C@@H](Cc1cc(I)c(Oc2ccc(O)c(I)c2)c(I)c1)C(=O)[O-].[Na+],"LIOTHYRONINE SODIUM",4,672.96,approved
CHEMBL1201120,CCC(=O)N(c1ccccc1)C1(C(=O)OC)CCN(CCC(=O)OC)CC1.Cl,"REMIFENTANIL HYDROCHLORIDE",4,412.91,approved
CHEMBL1201121,CC1(C)S[C@@H]2[C@H](N3C(=O)[C@@H](c4ccccc4)NC3(C)C)C(=O)N2[C@H]1C(=O)[O-].[K+],"HETACILLIN POTASSIUM",4,427.57,approved
CHEMBL1201124,NC(CO)(CO)CO.O=C(c1ccccc1)c1ccc2n1CCC2C(=O)O,"KETOROLAC TROMETHAMINE",4,376.41,approved
CHEMBL1201127,CC(C)CN(C[C@@H](O)[C@H](Cc1ccccc1)NC(=O)O[C@H]1CO[C@H]2OCC[C@H]21)S(=O)(=O)c1ccc(N)cc1.CCO,"DARUNAVIR ETHANOLATE",4,593.74,approved
CHEMBL1201129,Nc1ncn([C@H]2C[C@H](O)[C@@H](CO)O2)c(=O)n1,DECITABINE,4,228.21,approved
CHEMBL1201130,C[N+](C)(C)CC(=O)O.[Cl-],"BETAINE HYDROCHLORIDE",4,153.61,approved
CHEMBL1201131,CCCCOCCOCCOCc1cc2c(cc1CCC)OCO2,"PIPERONYL BUTOXIDE",4,338.44,approved
CHEMBL1201132,Cl.Oc1ccc2c3c1O[C@H]1[C@@H](O)CC[C@@]4(O)[C@@H](C2)N(CC2CCC2)CC[C@]314,"NALBUPHINE HYDROCHLORIDE",4,393.91,approved
CHEMBL1201134,CCCCC(F)(F)[C@@]1(O)CC[C@H]2[C@@H](CC(=O)[C@@H]2CCCCCCC(=O)O)O1,LUBIPROSTONE,4,390.47,approved
CHEMBL1201138,Nc1nc(=O)c2c([nH]1)NCC(CNc1ccc(C(=O)N[C@@H](CCC(=O)[O-])C(=O)[O-])cc1)N2C=O.[Ca+2],"LEUCOVORIN CALCIUM",4,511.51,approved
CHEMBL1201139,CC(=O)O[C@]1(C(C)=O)CC[C@H]2[C@@H]3C=C(C)C4=CC(=O)CC[C@]4(C)[C@H]3CC[C@@]21C,"MEGESTROL ACETATE",4,384.52,approved
CHEMBL1201141,CC(C)Cc1ccc(C(C)C(=O)O)cc1.NCCCC[C@H](N)C(=O)O,"IBUPROFEN LYSINE",4,352.48,approved
CHEMBL1201142,C#CCN[C@@H]1CCc2ccccc21.CS(=O)(=O)O,"RASAGILINE MESYLATE",4,267.35,approved
CHEMBL1201146,C#C[C@]1(OC(C)=O)CC[C@H]2[C@@H]3CCC4=CC(=O)CC[C@@H]4[C@H]3CC[C@@]21C,"NORETHINDRONE ACETATE",4,340.46,approved
CHEMBL1201147,CCCCC(CC)COC(=O)C(C#N)=C(c1ccccc1)c1ccccc1,OCTOCRYLENE,4,361.49,approved
CHEMBL1201148,C[C@H]1C[C@H]2[C@@H]3CCC4=CC(=O)C=C[C@]4(C)[C@H]3C(=O)C[C@]2(C)[C@@]1(O)C(=O)CO,MEPREDNISONE,4,372.46,approved
CHEMBL1201149,Cl.O=C1CC[C@@]2(O)[C@H]3Cc4ccc(O)c5c4[C@@]2(CCN3CC2CC2)[C@H]1O5,"NALTREXONE HYDROCHLORIDE",4,377.87,approved
CHEMBL1201150,CNS(=O)(=O)Cc1ccc2[nH]cc(CCN(C)C)c2c1.O=C(O)CCC(=O)O,"SUMATRIPTAN SUCCINATE",4,413.5,approved
CHEMBL1201151,C#C[C@]1(O)CC[C@H]2[C@@H]3CCc4cc(OC)ccc4[C@H]3CC[C@@]21C,MESTRANOL,4,310.44,approved
CHEMBL1201152,C=C1CC[C@@]2(O)[C@H]3Cc4ccc(O)c5c4[C@@]2(CCN3CC2CC2)[C@H]1O5.Cl,"NALMEFENE HYDROCHLORIDE",4,375.9,approved
CHEMBL1201153,CCC(NC(C)C)C(O)c1ccc(O)c(O)c1.CS(=O)(=O)O,"ISOETHARINE MESYLATE",4,335.42,approved
CHEMBL1201154,CN1CCN(CCCN2c3ccccc3Sc3ccc(Cl)cc32)CC1.O=S(=O)(O)CCS(=O)(=O)O,"PROCHLORPERAZINE EDISYLATE",4,564.15,approved
CHEMBL1201155,CN1CCN(C2=Nc3ccccc3Oc3ccc(Cl)cc32)CC1.O=C(O)CCC(=O)O,"LOXAPINE SUCCINATE",4,445.9,approved
CHEMBL1201156,CNCCC=C1c2ccccc2CCc2ccccc21.Cl,"NORTRIPTYLINE HYDROCHLORIDE",4,299.85,approved
CHEMBL1201159,CCC(=O)N(c1ccccc1)C1CCN(CCc2ccccc2)CC1.Cl,"FENTANYL HYDROCHLORIDE",4,372.94,approved
CHEMBL1201161,CC(=O)O.NCc1ccc(S(N)(=O)=O)cc1,"MAFENIDE ACETATE",4,246.29,approved
CHEMBL1201162,CCN[C@H]1C[C@H](C)S(=O)(=O)c2sc(S(N)(=O)=O)cc21.Cl,"DORZOLAMIDE HYDROCHLORIDE",4,360.91,approved
CHEMBL1201163,CCC(=O)N(c1ccccc1)C1(COC)CCN(CCc2cccs2)CC1.O=C(O)CC(O)(CC(=O)O)C(=O)O,"SUFENTANIL CITRATE",4,578.68,approved
CHEMBL1201165,C#C[C@]1(O)CC[C@H]2[C@@H]3CCc4cc(OC5CCCC5)ccc4[C@H]3CC[C@@]21C,QUINESTROL,4,364.53,approved
CHEMBL1201167,COc1ccccc1OCCNCC(O)COc1cccc2[nH]c3ccccc3c12.O=P(O)(O)O,"CARVEDILOL PHOSPHATE",4,504.48,approved
CHEMBL1201168,Cc1cc(C(=O)NNCc2ccccc2)no1,ISOCARBOXAZID,4,231.25,approved
CHEMBL1201170,O=C([O-])CC(O)(CC(=O)[O-])C(=O)[O-].[Li+].[Li+].[Li+],"LITHIUM CITRATE ANHYDROUS",4,209.92,approved
CHEMBL1201171,CCCCOc1ccc(OCCCN2CCOCC2)cc1.Cl,"PRAMOXINE HYDROCHLORIDE",4,329.87,approved
CHEMBL1201173,CC(=O)[C@H]1CC[C@H]2[C@@H]3C[C@H](C)C4=CC(=O)CC[C@]4(C)[C@H]3[C@@H](O)C[C@]12C,MEDRYSONE,4,344.5,approved
CHEMBL1201174,N[C@@H](CC(=O)N1CCn2c(nnc2C(F)(F)F)C1)Cc1cc(F)c(F)cc1F.O.O=P(O)(O)O,"SITAGLIPTIN PHOSPHATE",4,523.33,approved
CHEMBL1201177,CC(C)(C)NC[C@H](O)COc1cccc2c1CCCC2=O.Cl,"LEVOBUNOLOL HYDROCHLORIDE",4,327.85,approved
CHEMBL1201178,CS(=O)(=O)O.CS(=O)(=O)O.C[C@@H](Cc1ccccc1)NC(=O)[C@@H](N)CCCCN,"LISDEXAMFETAMINE DIMESYLATE",4,455.6,approved
CHEMBL1201180,O=C(O)Cc1ccccc1Nc1c(Cl)cccc1Cl.OCCN1CCCC1,"DICLOFENAC EPOLAMINE",4,411.33,approved
CHEMBL1201187,Cc1nnc(C(C)C)n1[C@@H]1C[C@H]2CC[C@@H](C1)N2CC[C@H](NC(=O)C1CCC(F)(F)CC1)c1ccccc1,MARAVIROC,4,513.68,approved
CHEMBL1201190,Cl.Cl.O=C(O)COCCN1CCN([C@H](c2ccccc2)c2ccc(Cl)cc2)CC1,"LEVOCETIRIZINE DIHYDROCHLORIDE",4,461.82,approved
CHEMBL1201191,O=C(O)COCCN1CCN([C@H](c2ccccc2)c2ccc(Cl)cc2)CC1,LEVOCETIRIZINE,4,388.9,approved
CHEMBL1201192,NC(=O)C[S@@+]([O-])C(c1ccccc1)c1ccccc1,ARMODAFINIL,4,273.36,approved
CHEMBL1201193,CCCCN1CCCC[C@H]1C(=O)Nc1c(C)cccc1C,LEVOBUPIVACAINE,4,288.44,approved
CHEMBL1201195,CO[C@@]1(NC(=O)CSCC#N)C(=O)N2C(C(=O)O)=C(CSc3nnnn3C)CS[C@@H]21,CEFMETAZOLE,4,471.55,approved
CHEMBL1201196,Clc1ccc(C(Cn2ccnc2)OCc2csc3c(Cl)cccc23)c(Cl)c1,SERTACONAZOLE,4,437.78,approved
CHEMBL1201197,C[C@H](N)C(=O)N[C@@H](C)C(=O)N[C@H]1[C@@H]2CN(c3nc4c(cc3F)c(=O)c(C(=O)O)cn4-c3ccc(F)cc3F)C[C@@H]21,ALATROFLOXACIN,4,558.52,approved
CHEMBL1201198,Cc1cccn2c(=O)c(-c3nnn[nH]3)cnc12,PEMIROLAST,4,228.22,approved
CHEMBL1201201,CN[C@@H](C)Cc1ccccc1,METHAMPHETAMINE,4,149.24,approved
CHEMBL1201203,CN1[C@@H]2CC[C@H]1C[C@@H](OC(c1ccccc1)c1ccccc1)C2,BENZTROPINE,4,307.44,approved
CHEMBL1201204,Cc1cc(O)c(C(=O)N[C@@H](C(=O)N[C@@H]2C(=O)N3C(C(=O)O)=C(CSc4nnnn4C)CS[C@H]23)c2ccc(O)cc2)cn1,CEFPIRAMIDE,4,612.65,approved
CHEMBL1201207,C[C@H]1C[C@H]2[C@@H]3CCC4=CC(=O)C=C[C@]4(C)[C@@]3(F)[C@@H](O)C[C@]2(C)[C@@]1(O)C(=O)COP(=O)(O)O,"BETAMETHASONE PHOSPHORIC ACID",4,472.45,approved
CHEMBL1201208,CC1NCCOC1c1ccccc1,PHENMETRAZINE,4,177.25,approved
CHEMBL1201210,CCC(=O)c1ccc2c(c1)N(CC(C)N(C)C)c1ccccc1S2,PROPIOMAZINE,4,340.49,approved
CHEMBL1201212,COc1ccc(OC)c(C(O)CNC(=O)CN)c1,MIDODRINE,4,254.29,approved
CHEMBL1201213,CCC(NC(C)C)C(O)c1ccc(O)c(O)c1,ISOETHARINE,4,239.31,approved
CHEMBL1201216,Cc1ccccc1N1CCN(CCc2nnc3n2CCCC3)CC1,DAPIPRAZOLE,4,325.46,approved
CHEMBL1201217,CCCCOc1ccc(C(=O)CCN2CCCCC2)cc1,DYCLONINE,4,289.42,approved
CHEMBL1201218,Cn1nnnc1SCC1=C(C(=O)O)N2C(=O)[C@@H](NC(=O)[C@H](OC=O)c3ccccc3)[C@H]2SC1,"CEFAMANDOLE NAFATE",4,490.52,approved
CHEMBL1201220,CC(=O)Nc1c(I)c(NC(C)=O)c(I)c(C(=O)O)c1I,"DIATRIZOIC ACID",4,613.91,approved
CHEMBL1201222,C[C@@H](Cc1ccccc1)NC(=O)[C@@H](N)CCCCN,LISDEXAMFETAMINE,4,263.38,approved
CHEMBL1201224,CO/N=C(\C(=O)N[C@@H]1C(=O)N2C(C(=O)O)=C(CSc3nnnn3C)CS[C@H]12)c1csc(N)n1,CEFMENOXIME,4,511.57,approved
CHEMBL1201225,II,IODINE,4,253.81,approved
CHEMBL1201227,OC(CCN1CCCCC1)(c1ccccc1)C1CCCC1,CYCRIMINE,4,287.45,approved
CHEMBL1201229,CN(CCCCCCCCCCN(C)C(=O)Oc1cccc([N+](C)(C)C)c1)C(=O)Oc1cccc([N+](C)(C)C)c1,DEMECARIUM,4,556.79,approved
CHEMBL1201231,C[C@]12C=CC(=O)C=C1CC[C@@H]1[C@@H]2[C@@H](O)C[C@@]2(C)[C@H]1CC[C@]2(O)C(=O)COP(=O)(O)O,"PREDNISOLONE PHOSPHORIC ACID",4,440.43,approved
CHEMBL1201232,CC(C)[N+](C)(CCC(C(N)=O)(c1ccccc1)c1ccccc1)C(C)C,ISOPROPAMIDE,4,353.53,approved
CHEMBL1201233,CCOC(=O)[C@@](C)(N)Cc1ccc(O)c(O)c1,METHYLDOPATE,4,239.27,approved
CHEMBL1201234,CNC(C)(C)Cc1ccccc1,MEPHENTERMINE,4,163.26,approved
CHEMBL1201235,C[N+]1(C)[C@@H]2CC[C@H]1C[C@@H](OC(=O)C(O)c1ccccc1)C2,METHYLHOMATROPINE,4,290.38,approved
CHEMBL1201236,C[C@@](Cc1ccc(O)c(O)c1)(NN)C(=O)O,"CARBIDOPA ANHYDROUS",4,226.23,approved
CHEMBL1201237,CC(C)(C)NC[C@H](O)COc1cccc2c1CCCC2=O,LEVOBUNOLOL,4,291.39,approved
CHEMBL1201239,CC(=O)NCc1c(I)c(NC(C)=O)c(I)c(C(=O)O)c1I,IODAMIDE,4,627.94,approved
CHEMBL1201242,CC(C)NCCCC1(C(N)=O)c2ccccc2-c2ccccc21,INDECAINIDE,4,308.43,approved
CHEMBL1201243,CN(C)/C=N/c1c(I)cc(I)c(CCC(=O)O)c1I,IPODATE,4,597.96,approved
CHEMBL1201244,C=CC[N+]1([C@H]2C[C@H]3[C@@H]4CC[C@H]5C[C@H](O)[C@@H](N6CCOCC6)C[C@]5(C)[C@H]4CC[C@]3(C)[C@H]2OC(C)=O)CCCC1,ROCURONIUM,4,529.79,approved
CHEMBL1201245,CN(C)CCOC(c1ccccc1)c1ccc(Br)cc1,BROMODIPHENHYDRAMINE,4,334.26,approved
CHEMBL1201250,CCN(CC)C(=O)C1CN2CCc3cc(OC)c(OC)cc3C2CC1OC(C)=O,BENZQUINAMIDE,4,404.51,approved
CHEMBL1201251,Oc1ccc(CCCCNC[C@H](O)c2ccc(O)c(O)c2)cc1,ARBUTAMINE,4,317.39,approved
CHEMBL1201256,COc1cc(C(=O)NCc2ccc(OCCN(C)C)cc2)cc(OC)c1OC,TRIMETHOBENZAMIDE,4,388.46,approved
CHEMBL1201260,C/N=C(\NC)NCc1ccccc1,BETHANIDINE,4,177.25,approved
CHEMBL1201261,CCCC(=O)Nc1c(I)cc(I)c(CC(CC)C(=O)O)c1I,"TYROPANOIC ACID",4,641.02,approved
CHEMBL1201262,CNCC(O)c1ccc(OC(=O)C(C)(C)C)c(OC(=O)C(C)(C)C)c1,DIPIVEFRIN,4,351.44,approved
CHEMBL1201263,CCN(CC)CC(=O)OCC(=O)[C@@]1(O)CC[C@H]2[C@@H]3CCC4=CC(=O)CC[C@]4(C)[C@H]3[C@@H](O)C[C@@]21C,HYDROCORTAMATE,4,475.63,approved
CHEMBL1201264,CC[N+](C)(CC)CCOC(=O)C1c2ccccc2Oc2ccccc21,METHANTHELINE,4,340.44,approved
CHEMBL1201265,C[C@H]1C[C@@H]2[C@H]([C@@H](O)C[C@@]3(C)[C@H]2CC[C@]3(O)C(=O)COC(=O)CCC(=O)O)[C@@]2(C)C=CC(=O)C=C12,"METHYLPREDNISOLONE HEMISUCCINATE",4,474.55,approved
CHEMBL1201266,N#Cc1cc(NC(=O)C(=O)O)c(Cl)c(NC(=O)C(=O)O)c1,LODOXAMIDE,4,311.64,approved
CHEMBL1201269,CC(C)(N)Cc1ccc(Cl)cc1,CHLORPHENTERMINE,4,183.68,approved
CHEMBL1201270,C1N2CN3CN1CN(C2)C3,METHENAMINE,4,140.19,approved
CHEMBL1201271,CC(C)(C)c1ccc(CN2CCN(C(c3ccccc3)c3ccc(Cl)cc3)CC2)cc1,BUCLIZINE,4,433.04,approved
CHEMBL1201273,CC(Cc1ccc2c(c1)OCO2)NCC(O)c1ccc(O)c(O)c1,PROTOKYLOL,4,331.37,approved
CHEMBL1201274,CC(C)NC[C@H](O)COc1ccc(CCOCC2CC2)cc1,LEVOBETAXOLOL,4,307.43,approved
CHEMBL1201275,CCN(CC)c1ccc(C(=C2C=CC(=[N+](CC)CC)C=C2)c2cc(S(=O)(=O)[O-])ccc2S(=O)(=O)O)cc1,"ISOSULFAN BLUE",4,544.7,approved
CHEMBL1201281,O=C(O)CCC(=O)OC[C@@H](NC(=O)C(Cl)Cl)[C@H](O)c1ccc([N+](=O)[O-])cc1,"CHLORAMPHENICOL SUCCINIC ACID",4,423.2,approved
CHEMBL1201284,C[C@@H](NCCCc1cccc(C(F)(F)F)c1)c1cccc2ccccc12,CINACALCET,4,357.42,approved
CHEMBL1201286,CC[N+](C)(CC)CCOC(=O)C(O)(c1ccccc1)C1CCCCC1,OXYPHENONIUM,4,348.51,approved
CHEMBL1201287,CN(C)CC[C@@H](c1ccc(Br)cc1)c1ccccn1,DEXBROMPHENIRAMINE,4,319.25,approved
CHEMBL1201288,O=C1CN(/N=C/c2ccc(-c3ccc([N+](=O)[O-])cc3)o2)C(=O)N1,DANTROLENE,4,314.26,approved
CHEMBL1201289,CCCCCCCCCCCCCCCC(=O)O[C@@H]1[C@@H](O)[C@@H](O)[C@@H]([C@H](NC(=O)[C@@H]2C[C@@H](CCC)CN2C)[C@H](C)Cl)O[C@@H]1SC,"CLINDAMYCIN PALMITATE",4,663.41,approved
CHEMBL1201293,CC(=O)NCCCS(=O)(=O)O,ACAMPROSATE,4,181.21,approved
CHEMBL1201294,CCOC(=O)C1(c2ccccc2)CCN(CCC(C#N)(c2ccccc2)c2ccccc2)CC1,DIPHENOXYLATE,4,452.6,approved
CHEMBL1201295,Cc1ccc(C(=O)Oc2ccc(C(O)CNC(C)(C)C)cc2OC(=O)c2ccc(C)cc2)cc1,BITOLTEROL,4,461.56,approved
CHEMBL1201300,CNC(=O)c1c(I)c(NC(C)=O)c(I)c(C(=O)O)c1I,"IOTHALAMIC ACID",4,613.91,approved
CHEMBL1201302,C[C@@H]1C[C@H]2[C@@H]3CCC4=CC(=O)C=C[C@]4(C)[C@@]3(F)[C@@H](O)C[C@]2(C)[C@@]1(O)C(=O)COP(=O)(O)O,"DEXAMETHASONE PHOSPHORIC ACID",4,472.45,approved
CHEMBL1201303,Cc1cc(/C=C/c2ccc3cc(N(C)C)ccc3[n+]2C)c(C)n1-c1ccccc1,PYRVINIUM,4,382.53,approved
CHEMBL1201308,CC(C)NC(C)Cc1ccc(I)cc1,IOFETAMINE,4,303.19,approved
CHEMBL1201313,CN(C)CCC(O)(c1ccccc1)c1ccccc1Cl,CHLOPHEDIANOL,4,289.81,approved
CHEMBL1201314,CC(C)[C@H](N)C(=O)OCC(CO)OCn1cnc2c(=O)[nH]c(N)nc21,VALGANCICLOVIR,4,354.37,approved
CHEMBL1201317,O=P(O)(O)OCC(Cl)(Cl)Cl,TRICLOFOS,4,229.38,approved
CHEMBL1201319,C[C@H](N)[C@H](O)c1cccc(O)c1,METARAMINOL,4,167.21,approved
CHEMBL1201320,COc1ccc2[nH]c([S@@+]([O-])Cc3ncc(C)c(OC)c3C)nc2c1,ESOMEPRAZOLE,4,345.42,approved
CHEMBL1201321,N#CC(CCN1CCC(C(=O)O)(c2ccccc2)CC1)(c1ccccc1)c1ccccc1,DIFENOXIN,4,424.54,approved
CHEMBL1201322,CCCCCCCCCCCCCCCC[N+](C)(C)CCN(Cc1ccc(OC)cc1)c1ncccn1,THONZONIUM,4,511.82,approved
CHEMBL1201325,C[N+]1(C)CCN(CC(O)(c2ccccc2)C2CCCCC2)CC1,HEXOCYCLIUM,4,317.5,approved
CHEMBL1201327,CC(=O)Nc1c(I)cc(I)c(C(=O)O)c1I,"ACETRIZOIC ACID",4,556.86,approved
CHEMBL1201328,CCC(=O)c1ccc2c(c1)N(CCCN1CCN(CCO)CC1)c1ccccc1S2,CARPHENAZINE,4,425.6,approved
CHEMBL1201329,O=C1N(Cc2ccccc2)C2C[S+]3CCCC3C2N1Cc1ccccc1,TRIMETHAPHAN,4,365.52,approved
CHEMBL1201335,C[N+]1(C)CCC(OC(=O)C(O)(c2ccccc2)C2CCCC2)C1,GLYCOPYRRONIUM,4,318.44,approved
CHEMBL1201336,O=C1NC(c2ccccc2)(c2ccccc2)C(=O)N1COP(=O)(O)O,FOSPHENYTOIN,4,362.28,approved
CHEMBL1201338,CN(C)CCOC(=O)C(c1ccccc1)C1(O)CCCC1,CYCLOPENTOLATE,4,291.39,approved
CHEMBL1201340,C[N+]1(C)CCC(=C(c2ccccc2)c2ccccc2)CC1,DIPHEMANIL,4,278.42,approved
CHEMBL1201341,CCOP(=O)(OCC)SCC[N+](C)(C)C,ECHOTHIOPHATE,4,256.33,approved
CHEMBL1201342,CN1CCCC(CC2c3ccccc3Sc3ccccc32)C1,METHIXENE,4,309.48,approved
CHEMBL1201345,CCCCC(CC)CCC(CC(C)C)OS(=O)(=O)O,"TETRADECYL SULFURIC ACID",4,294.46,approved
CHEMBL1201346,O=C(O)CCNC(=O)c1ccc(/N=N/c2ccc(O)c(C(=O)O)c2)cc1,BALSALAZIDE,4,357.32,approved
CHEMBL1201347,CCOC(=O)C1(c2ccccc2)CCN(CCc2ccc(N)cc2)CC1,ANILERIDINE,4,352.48,approved
CHEMBL1201348,Cc1cc(OP(=O)(O)O)c2ccccc2c1OP(=O)(O)O,"MENADIOL DIPHOSPHORIC ACID",4,334.16,approved
CHEMBL1201349,C[N+](C)(CCCCCC[N+](C)(C)C1c2ccccc2-c2ccccc21)C1c2ccccc2-c2ccccc21,HEXAFLUORENIUM,4,502.75,approved
CHEMBL1201353,CN(C)CC[C@@H](c1ccc(Cl)cc1)c1ccccn1,DEXCHLORPHENIRAMINE,4,274.8,approved
CHEMBL1201354,CC[N+](CC)(CC)CCC(O)(c1ccccc1)C1CCCCC1,TRIDIHEXETHYL,4,318.53,approved
CHEMBL1201356,CC[C@@H](CO)NC(=O)[C@@H]1C=C2c3cccc4[nH]cc(c34)C[C@H]2N(C)C1,METHYLERGONOVINE,4,339.44,approved
CHEMBL1201728,CN(C)CC(c1ccc(O)cc1)C1(O)CCCCC1.O=C(O)CCC(=O)O,"DESVENLAFAXINE SUCCINATE",4,381.47,approved
CHEMBL1201729,CCCCc1oc2ccc(NS(C)(=O)=O)cc2c1C(=O)c1ccc(OCCCN(CCCC)CCCC)cc1.Cl,"DRONEDARONE HYDROCHLORIDE",4,593.23,approved
CHEMBL1201731,Cl.OC(CNCC(O)C1CCc2cc(F)ccc2O1)C1CCc2cc(F)ccc2O1,"NEBIVOLOL HYDROCHLORIDE",4,441.9,approved
CHEMBL1201733,Cc1ccc(Nc2nccc(N(C)c3ccc4c(C)n(C)nc4c3)n2)cc1S(N)(=O)=O.Cl,"PAZOPANIB HYDROCHLORIDE",4,473.99,approved
CHEMBL1201734,Cl.Cn1c(CCCC(=O)O)nc2cc(N(CCCl)CCCl)ccc21,"BENDAMUSTINE HYDROCHLORIDE",4,394.73,approved
CHEMBL1201735,Br.CC(NC(C)(C)C)C(=O)c1cccc(Cl)c1,"BUPROPION HYDROBROMIDE",4,320.66,approved
CHEMBL1201740,Cc1cn(-c2cc(NC(=O)c3ccc(C)c(Nc4nccc(-c5cccnc5)n4)c3)cc(C(F)(F)F)c2)cn1.Cl.O,"NILOTINIB HYDROCHLORIDE MONOHYDRATE",4,584,approved
CHEMBL1201743,Cl.N#C[C@@H]1C[C@@H]2C[C@@H]2N1C(=O)[C@@H](N)C12CC3CC(CC(O)(C3)C1)C2,"SAXAGLIPTIN HYDROCHLORIDE",4,351.88,approved
CHEMBL1201745,CC(C)(Oc1ccc(C(=O)c2ccc(Cl)cc2)cc1)C(=O)[O-].C[N+](C)(C)CCO,"CHOLINE FENOFIBRATE",4,421.92,approved
CHEMBL1201746,C#CCC(Cc1cnc2nc(N)nc(N)c2n1)c1ccc(C(=O)N[C@@H](CCC(=O)O)C(=O)O)cc1,PRALATREXATE,4,477.48,approved
CHEMBL1201747,CN1CCC(=C2c3ccccc3CCn3c(C=O)cnc32)CC1,ALCAFTADINE,4,307.4,approved
CHEMBL1201749,CCCC(=O)O[C@]1(C(=O)COC(C)=O)CC[C@H]2[C@@H]3C[C@H](F)C4=CC(=O)C=C[C@]4(C)[C@@]3(F)[C@@H](O)C[C@@]21C,DIFLUPREDNATE,4,508.56,approved
CHEMBL1201752,C/C(=C\c1csc(C)n1)[C@@H]1C[C@@H]2O[C@]2(C)CCC[C@H](C)[C@H](O)[C@@H](C)C(=O)C(C)(C)[C@@H](O)CC(=O)N1,IXABEPILONE,4,506.71,approved
CHEMBL1201753,O=C(O)C[C@H](O)C[C@H](O)/C=C/c1c(C2CC2)nc2ccccc2c1-c1ccc(F)cc1,PITAVASTATIN,4,421.47,approved
CHEMBL1201754,NC(=O)c1cn(Cc2c(F)cccc2F)nn1,RUFINAMIDE,4,238.2,approved
CHEMBL1201758,O=C(O)CCCN1CCC(O[C@@H](c2ccc(Cl)cc2)c2ccccn2)CC1,BEPOTASTINE,4,388.9,approved
CHEMBL1201759,O=C(O)CCCN1CCC(O[C@@H](c2ccc(Cl)cc2)c2ccccn2)CC1.O=S(=O)(O)c1ccccc1,"BEPOTASTINE BESYLATE",4,547.07,approved
CHEMBL1201760,N[C@@H]1CCCCN(c2c(F)cc3c(=O)c(C(=O)O)cn(C4CC4)c3c2Cl)C1,BESIFLOXACIN,4,393.85,approved
CHEMBL1201761,Cl.N[C@@H]1CCCCN(c2c(F)cc3c(=O)c(C(=O)O)cn(C4CC4)c3c2Cl)C1,"BESIFLOXACIN HYDROCHLORIDE",4,430.31,approved
CHEMBL1201764,CC(C)C(=O)Oc1ccc(CO)cc1[C@H](CCN(C(C)C)C(C)C)c1ccccc1,FESOTERODINE,4,411.59,approved
CHEMBL1201765,CC(C)C(=O)Oc1ccc(CO)cc1[C@H](CCN(C(C)C)C(C)C)c1ccccc1.O=C(O)/C=C/C(=O)O,"FESOTERODINE FUMARATE",4,527.66,approved
CHEMBL1201766,CC(C)c1cccc(C(C)C)c1OCOP(=O)(O)O,FOSPROPOFOL,4,288.28,approved
CHEMBL1201770,C[N+]1(CC2CC2)CC[C@]23c4c5ccc(O)c4O[C@H]2C(=O)CC[C@@]3(O)[C@H]1C5.[Br-],"METHYLNALTREXONE BROMIDE",4,436.35,approved
CHEMBL1201772,CC(=O)Oc1cc2c(s1)CCN(C(C(=O)C1CC1)c1ccccc1F)C2,PRASUGREL,4,373.45,approved
CHEMBL1201773,CC(=O)Oc1cc2c(s1)CCN(C(C(=O)C1CC1)c1ccccc1F)C2.Cl,"PRASUGREL HYDROCHLORIDE",4,409.91,approved
CHEMBL1201774,C[C@H](O)[C@H](O)[C@H]1CNc2nc(N)[nH]c(=O)c2N1,SAPROPTERIN,4,241.25,approved
CHEMBL1201775,C[C@H](O)[C@H](O)[C@H]1CNc2[nH]c(N)nc(=O)c2N1.Cl.Cl,"SAPROPTERIN DIHYDROCHLORIDE",4,314.17,approved
CHEMBL1201776,CC[C@@H](c1cccc(O)c1)[C@@H](C)CN(C)C,TAPENTADOL,4,221.34,approved
CHEMBL1201777,CC[C@@H](c1cccc(O)c1)[C@@H](C)CN(C)C.Cl,"TAPENTADOL HYDROCHLORIDE",4,257.81,approved
CHEMBL1201780,NC(=O)N[C@@H](CCC(=O)O)C(=O)O,"CARGLUMIC ACID",4,190.16,approved
CHEMBL1201784,CCCCCCOC(=O)CCC(=O)CN,HEXAMINOLEVULINATE,4,215.29,approved
CHEMBL1201785,CCCCCCOC(=O)CCC(=O)CN.Cl,"HEXAMINOLEVULINATE HYDROCHLORIDE",4,251.75,approved
CHEMBL1201786,CCCCCCCCCCCC(=O)OCCNC(=O)C[n+]1ccccc1,LAPYRIUM,4,363.52,approved
CHEMBL1201787,CCCCCCCCCCCC(=O)OCCNC(=O)C[n+]1ccccc1.[Cl-],"LAPYRIUM CHLORIDE",4,398.98,approved
CHEMBL1201794,Cc1cc2nc3c(=O)[nH]c(=O)nc-3n(C[C@H](O)[C@H](O)[C@H](O)COP(=O)(O)O)c2cc1C,"RIBOFLAVIN 5'-PHOSPHATE",4,456.35,approved
CHEMBL1201863,Cc1c(OCC(F)(F)F)ccnc1C[S@@+]([O-])c1nc2ccccc2[nH]1,DEXLANSOPRAZOLE,4,369.37,approved
CHEMBL1201864,C[C@]12CCC3=C4CCC(=O)C=C4CC[C@H]3[C@@H]1CC[C@@]2(O)CC#N,DIENOGEST,4,311.42,approved
CHEMBL1201891,CC(=O)OCC(=O)[C@@]12N=C(C)O[C@@H]1C[C@H]1[C@@H]3CCC4=CC(=O)C=C[C@]4(C)[C@H]3[C@@H](O)C[C@@]12C,DEFLAZACORT,4,441.52,approved
CHEMBL1204165,C[C@H](CCc1ccccc1)NC[C@H](O)c1ccc(O)c(C(N)=O)c1.Cl,"DILEVALOL HYDROCHLORIDE",4,364.87,approved
CHEMBL1204187,CC1(C)CC(=O)N(CCCCN2CCN(c3ncccn3)CC2)C(=O)C1.Cl,"GEPIRONE HYDROCHLORIDE",4,395.94,approved
CHEMBL1206690,CCC(=O)NS(=O)(=O)c1ccc(-c2c(-c3ccccc3)noc2C)cc1,PARECOXIB,4,370.43,approved
CHEMBL1208155,COc1cccc(-c2c(C)n(Cc3c(F)cccc3C(F)(F)F)c(=O)n(C[C@H](NCCCC(=O)O)c3ccccc3)c2=O)c1F,ELAGOLIX,4,631.6,approved
CHEMBL1208646,Cn1c(=O)c2[nH]cnc2n(C)c1=O.NCC(=O)O,"THEOPHYLLINE GLYCINATE",4,255.23,approved
CHEMBL1213135,C[C@@H](CO)NC(=O)[C@@H]1C=C2c3cccc4[nH]cc(c34)C[C@H]2N(C)C1.O=C(O)/C=C\C(=O)O,"ERGONOVINE MALEATE",4,441.48,approved
CHEMBL1213136,CC[C@@H]1C(=O)OC[C@@H]1Cc1cncn1C.O=[N+]([O-])O,"PILOCARPINE NITRATE",4,271.27,approved
CHEMBL1213165,C[C@@H]1CCO[C@H]2Cn3cc(C(=O)NCc4ccc(F)cc4F)c(=O)c([O-])c3C(=O)N12.[Na+],"DOLUTEGRAVIR SODIUM",4,441.37,approved
CHEMBL1213252,O=C(O)C1N=C(c2ccccc2)c2cc(Cl)ccc2NC1=O,"CLORAZEPIC ACID",4,314.73,approved
CHEMBL1213351,CCC(=O)O[C@](Cc1ccccc1)(c1ccccc1)[C@H](C)CN(C)C,PROPOXYPHENE,4,339.48,approved
CHEMBL1214124,N#Cc1ccccc1-c1cc(-c2ccccn2)cn(-c2ccccc2)c1=O,PERAMPANEL,4,349.39,approved
CHEMBL1222250,OC[C@H]1OC(O)[C@H](O)[C@@H](O)[C@@H]1O,DEXTROSE,4,180.16,approved
CHEMBL1229211,C[C@@H]1CCO[C@H]2Cn3cc(C(=O)NCc4ccc(F)cc4F)c(=O)c(O)c3C(=O)N12,DOLUTEGRAVIR,4,419.38,approved
CHEMBL1229517,CCCS(=O)(=O)Nc1ccc(F)c(C(=O)c2c[nH]c3ncc(-c4ccc(Cl)cc4)cc23)c1F,VEMURAFENIB,4,489.93,approved
CHEMBL1229846,OCCOc1ccccc1,PHENOXYETHANOL,4,138.17,approved
CHEMBL1229908,CCN(CC)C(=O)c1ccc(O)c(OC)c1,ETHAMIVAN,4,223.27,approved
CHEMBL1230314,C[C@]12CC[C@@H]3c4ccc(O)cc4CC[C@H]3[C@@H]1[C@@H](O)[C@@H](O)[C@@H]2O,ESTETROL,4,304.39,approved
CHEMBL1231574,CN1c2c([nH]c(N)nc2=O)NC[C@@H]1CNc1ccc(C(=O)N[C@@H](CCC(=O)O)C(=O)O)cc1,"LEVOMEFOLIC ACID",4,459.46,approved
CHEMBL1231723,CCCCCCCCCCCCOCCOCCOCCOCCOCCOCCOCCOCCOCCO,POLIDOCANOL,4,582.82,approved
CHEMBL1232131,O=S(=O)(O)c1cc(O)ccc1O,"DOBESILIC ACID",4,190.18,approved
CHEMBL1232801,Nc1nc(=O)c2c([nH]1)NC[C@@H](CNc1ccc(C(=O)N[C@@H](CCC(=O)O)C(=O)O)cc1)N2C=O,"FOLINIC ACID",4,473.45,approved
CHEMBL1235452,S1SSSSSSS1,SULFUR,4,256.54,approved
CHEMBL1236802,[Xe],XENON,4,131.29,approved
CHEMBL1237021,O=C1[C@@H]2[C@H]3CC[C@H](C3)[C@@H]2C(=O)N1C[C@@H]1CCCC[C@H]1CN1CCN(c2nsc3ccccc23)CC1,LURASIDONE,4,492.69,approved
CHEMBL1237044,COc1cccc(C2(O)CCCCC2CN(C)C)c1,TRAMADOL,4,263.38,approved
CHEMBL1237055,CN1CC[C@]23c4c5ccc(O)c4O[C@H]2C(=O)CC[C@H]3[C@H]1C5.Cl,"HYDROMORPHONE HYDROCHLORIDE",4,321.8,approved
CHEMBL1237065,COc1cccc(C2(O)CCCCC2CN(C)C)c1.Cl,"TRAMADOL HYDROCHLORIDE",4,299.84,approved
CHEMBL1237066,O=C([O-])C(O)[C@H](O)[C@@H](O)[C@H](O)[C@H](O)CO.O=C([O-])C(O)[C@H](O)[C@@H](O)[C@H](O)[C@H](O)CO.[Ca+2],"CALCIUM GLUCEPTATE",4,490.42,approved
CHEMBL1237080,CN1C2CCCC1CC(NC(=O)c1nn(C)c3ccccc13)C2.Cl,"GRANISETRON HYDROCHLORIDE",4,348.88,approved
CHEMBL1237082,CNC1(C)C2CCC(C2)C1(C)C.Cl,"MECAMYLAMINE HYDROCHLORIDE",4,203.76,approved
CHEMBL1237102,C[C@@H]1CN([C@H]2CC[C@](C#N)(c3ccc(F)cc3)CC2)CC[C@]1(C(=O)O)c1ccccc1.Cl,"LEVOCABASTINE HYDROCHLORIDE",4,456.99,approved
CHEMBL1237104,CCC(=O)O[C@](Cc1ccccc1)(c1ccccc1)[C@H](C)CN(C)C.Cl,"PROPOXYPHENE HYDROCHLORIDE",4,375.94,approved
CHEMBL1237105,CCCCC[C@](C)(O)/C=C/[C@@H]1[C@@H](C/C=C\CCCC(=O)O)[C@@H](O)C[C@H]1O.NC(CO)(CO)CO,"CARBOPROST TROMETHAMINE",4,489.65,approved
CHEMBL1237119,CCCCC[C@H](O)CC[C@@H]1[C@H]2Cc3cccc(OCC(=O)O)c3C[C@H]2C[C@H]1O,TREPROSTINIL,4,390.52,approved
CHEMBL1237122,CCCCC[C@](C)(O)/C=C/[C@@H]1[C@@H](C/C=C\CCCC(=O)O)[C@@H](O)C[C@H]1O,CARBOPROST,4,368.51,approved
CHEMBL1237132,CCCC(=O)OCOC(=O)C1=C(C)NC(C)=C(C(=O)OC)C1c1cccc(Cl)c1Cl,CLEVIDIPINE,4,456.32,approved
CHEMBL1237135,CNCCCC12CCC(c3ccccc31)c1ccccc12.Cl,"MAPROTILINE HYDROCHLORIDE",4,313.87,approved
CHEMBL1241951,COc1cccc(N2CCN(C3=Nc4c(F)cccc4[C@H](CC(=O)O)N3c3cc(C(F)(F)F)ccc3OC)CC2)c1,LETERMOVIR,4,572.56,approved
CHEMBL1254682,C=CCN1CC[C@]23CCCC[C@H]2[C@H]1Cc1ccc(O)cc13,LEVALLORPHAN,4,283.41,approved
CHEMBL1255654,CCCCNc1ccc(C(=O)OCCN(C)C)cc1.Cl,"TETRACAINE HYDROCHLORIDE",4,300.83,approved
CHEMBL1255739,CN(C)CCN(Cc1cccs1)c1ccccn1.Cl,"METHAPYRILENE HYDROCHLORIDE",4,297.86,approved
CHEMBL1255943,Cl.N[C@@H](CCC(=O)O)C(=O)O,"GLUTAMIC ACID HYDROCHLORIDE",4,183.59,approved
CHEMBL1256391,Cc1ccc(=O)n(-c2ccccc2)c1,PIRFENIDONE,4,185.23,approved
CHEMBL1256400,Cc1cc(C(C)(C)C)cc(C)c1CC1=NCCN1.Cl,"XYLOMETAZOLINE HYDROCHLORIDE",4,280.84,approved
CHEMBL1256696,CCN(CC)CCOCCOC(=O)C1(c2ccccc2)CCCC1.O=C(O)CC(O)(CC(=O)O)C(=O)O,"CARBETAPENTANE CITRATE",4,525.6,approved
CHEMBL1256786,COc1ccc(CC(C)NCC(O)c2ccc(O)c(NC=O)c2)cc1,FORMOTEROL,4,344.41,approved
CHEMBL1256818,Br.COc1ccc2c(c1)[C@]13CCCC[C@@H]1[C@H](C2)N(C)CC3.O,"DEXTROMETHORPHAN HYDROBROMIDE",4,370.33,approved
CHEMBL1256819,Cl.c1ccc(CN(CC2=NCCN2)c2ccccc2)cc1,"ANTAZOLINE HYDROCHLORIDE",4,301.82,approved
CHEMBL1256841,O=C(CCNNC(=O)c1ccncc1)NCc1ccccc1,NIALAMIDE,4,298.35,approved
CHEMBL1256842,CN1Cc2c(N)cccc2C(c2ccccc2)C1.O=C(O)/C=C\C(=O)O,"NOMIFENSINE MALEATE",4,354.41,approved
CHEMBL1256901,CCCC[N+]1(C)[C@@H]2C[C@@H](OC(=O)[C@H](CO)c3ccccc3)C[C@H]1[C@@H]1O[C@@H]12.[Br-],"BUTYLSCOPOLAMINE BROMIDE",4,440.38,approved
CHEMBL1256958,CNC[C@H](O)c1ccc(O)c(O)c1.O=C(O)C(O)C(O)C(=O)O,"EPINEPHRINE BITARTRATE",4,333.29,approved
CHEMBL1257015,COc1ccc(C(=O)NCc2cccnc2)cc1C(=O)NCc1cccnc1,PICOTAMIDE,4,376.42,approved
CHEMBL1257040,CN1CCN(CCCN2c3ccccc3Sc3ccc(C(F)(F)F)cc32)CC1.Cl.Cl,"TRIFLUOPERAZINE HYDROCHLORIDE",4,480.43,approved
CHEMBL1257051,Cn1nnc(-c2ccc(-c3ccc(N4C[C@H](CO)OC4=O)cc3F)cn2)n1,TEDIZOLID,4,370.34,approved
CHEMBL1257073,O=C(NN1C(=O)[C@@H]2[C@@H]3C=C[C@@H]([C@H]4C[C@@H]34)[C@@H]2C1=O)c1ccc(C(F)(F)F)cc1,TECOVIRIMAT,4,376.33,approved
CHEMBL1259059,CC(C)OC(=O)[C@H](C)N[P@](=O)(OC[C@H]1O[C@@H](n2ccc(=O)[nH]c2=O)[C@](C)(F)[C@@H]1O)Oc1ccccc1,SOFOSBUVIR,4,529.46,approved
CHEMBL1269025,CN1CCc2nc(C(=O)N[C@@H]3C[C@@H](C(=O)N(C)C)CC[C@@H]3NC(=O)C(=O)Nc3ccc(Cl)cn3)sc2C1,EDOXABAN,4,548.07,approved
CHEMBL1276308,CC#C[C@]1(O)CC[C@H]2[C@@H]3CCC4=CC(=O)CCC4=C3[C@@H](c3ccc(N(C)C)cc3)C[C@@]21C,MIFEPRISTONE,4,429.6,approved
CHEMBL1287853,Cc1cnc(Nc2ccc(OCCN3CCCC3)cc2)nc1Nc1cccc(S(=O)(=O)NC(C)(C)C)c1,FEDRATINIB,4,524.69,approved
CHEMBL1289494,COc1cc2nccc(Oc3ccc(NC(=O)Nc4cc(C)on4)c(Cl)c3)c2cc1OC,TIVOZANIB,4,454.87,approved
CHEMBL1289601,COc1cc2nccc(Oc3ccc(NC(=O)NC4CC4)c(Cl)c3)c2cc1C(N)=O,LENVATINIB,4,426.86,approved
CHEMBL1289926,CNC(=O)c1ccccc1Sc1ccc2c(/C=C/c3ccccn3)n[nH]c2c1,AXITINIB,4,386.48,approved
CHEMBL1314751,CN1CCN(CCCN2c3ccccc3Sc3ccc(Cl)cc32)CC1.O=C(O)/C=C\C(=O)O.O=C(O)/C=C\C(=O)O,"PROCHLORPERAZINE MALEATE",4,606.1,approved
CHEMBL1315867,CC(C)(C)NCC(O)c1cc(O)cc(O)c1.CC(C)(C)NCC(O)c1cc(O)cc(O)c1.O=S(=O)(O)O,"TERBUTALINE SULFATE",4,548.66,approved
CHEMBL1318287,C[N+]1(CCCCC[N+]2(C)CCCC2)CCCC1.O=C([O-])[C@H](O)[C@@H](O)C(=O)O.O=C([O-])[C@H](O)[C@@H](O)C(=O)O,"PENTOLINIUM TARTRATE",4,538.59,approved
CHEMBL1319139,CN(Cc1cc(Br)cc(Br)c1N)C1CCCCC1.Cl,"BROMHEXINE HYDROCHLORIDE",4,412.6,approved
CHEMBL1319362,Br.CN1[C@@H]2CC[C@H]1C[C@@H](OC(=O)C(O)c1ccccc1)C2,"HOMATROPINE HYDROBROMIDE",4,356.26,approved
CHEMBL1322884,CC(C)=CC1C(C(=O)OCc2cccc(Oc3ccccc3)c2)C1(C)C,PHENOTHRIN,4,350.46,approved
CHEMBL1323699,CCCCC(CC)COC(=O)c1ccc(N(C)C)cc1,"PADIMATE O",4,277.41,approved
CHEMBL1324714,CN1CCN(C(c2ccccc2)c2ccccc2)CC1.Cl,"CYCLIZINE HYDROCHLORIDE",4,302.85,approved
CHEMBL1329455,CCOC(=O)[N-]c1c[n+](N2CCOCC2)no1,MOLSIDOMINE,4,242.24,approved
CHEMBL1330729,CC(C)(C)NCC(O)c1cc(Cl)c(N)c(Cl)c1.Cl,"CLENBUTEROL HYDROCHLORIDE",4,313.66,approved
CHEMBL1330792,CC(=O)Nc1cc([As](=O)(O)O)ccc1O,ACETARSONE,4,275.09,approved
CHEMBL1331216,CN1[C@@H]2CC[C@H]1C[C@@H](OC(=O)[C@H](CO)c1ccccc1)C2,HYOSCYAMINE,4,289.37,approved
CHEMBL1334033,C1CCC(C(CC2CCCCN2)C2CCCCC2)CC1.O=C(O)/C=C\C(=O)O,"PERHEXILINE MALEATE",4,393.57,approved
CHEMBL1334860,CN(C(=O)C(Cl)Cl)c1ccc(OC(=O)c2ccco2)cc1,"DILOXANIDE FUROATE",4,328.15,approved
CHEMBL1354199,C[N+]1(C)[C@@H]2C[C@@H](OC(=O)[C@H](CO)c3ccccc3)C[C@H]1[C@@H]1O[C@@H]12.[Br-],"METHSCOPOLAMINE BROMIDE",4,398.3,approved
CHEMBL1357648,CCN(CC)Cc1cc(Nc2ccnc3cc(Cl)ccc23)ccc1O.Cl.Cl.O.O,"AMODIAQUINE HYDROCHLORIDE",4,464.82,approved
CHEMBL1364144,CC(=O)OCC(=O)[C@@]1(O)CC[C@H]2[C@@H]3C[C@H](C)C4=CC(=O)C=C[C@]4(C)[C@H]3[C@@H](O)C[C@@]21C,"METHYLPREDNISOLONE ACETATE",4,416.51,approved
CHEMBL1364551,Cc1cc(-c2ccccc2)nnc1NCCN1CCOCC1.Cl.Cl,"MINAPRINE HYDROCHLORIDE",4,371.31,approved
CHEMBL1367605,CC(NCCc1ccc(O)cc1)C(O)c1ccc(O)cc1.Cl,"RITODRINE HYDROCHLORIDE",4,323.82,approved
CHEMBL1370561,Cn1c(=O)c2[nH]cnc2n(C)c1=O.Cn1c(=O)c2[nH]cnc2n(C)c1=O.NCCN,AMINOPHYLLINE,4,420.43,approved
CHEMBL1371200,C[C@]12CCC(=O)C=C1C=C[C@@H]1[C@@H]2CC[C@@]2(C)[C@H]1CC[C@@]2(O)CCC(=O)[O-].[K+],"CANRENOATE POTASSIUM",4,396.57,approved
CHEMBL1371770,c1cnc(N2CCN(Cc3ccc4c(c3)OCO4)CC2)nc1,PIRIBEDIL,4,298.35,approved
CHEMBL1372950,CO[C@]12C[C@@H](COC(=O)c3cncc(Br)c3)CN(C)[C@@H]1Cc1cn(C)c3cccc2c13,NICERGOLINE,4,484.39,approved
CHEMBL1373254,NS(=O)(=O)c1cc2c(cc1Cl)NC(CC1CCCC1)NS2(=O)=O,CYCLOPENTHIAZIDE,4,379.89,approved
CHEMBL1374379,CCCCNc1ccc(C(=O)OCCOCCOCCOCCOCCOCCOCCOCCOCCOC)cc1,BENZONATATE,4,603.75,approved
CHEMBL1375743,Cl.O.O=C1Cc2cc(CCN3CCN(c4nsc5ccccc45)CC3)c(Cl)cc2N1,"ZIPRASIDONE HYDROCHLORIDE",4,467.42,approved
CHEMBL1378024,CCCc1cc(C(N)=S)ccn1,PROTIONAMIDE,4,180.28,approved
CHEMBL1382627,Nc1ccc(S(=O)(=O)[N-]c2ncccn2)cc1.[Ag+],"SULFADIAZINE, SILVER",4,357.14,approved
CHEMBL1398126,Cl.N=C(N)NC(=O)c1nc(Cl)c(N)nc1N.O.O,"AMILORIDE HYDROCHLORIDE",4,302.12,approved
CHEMBL1401367,CC[N+]1(C)CCCC(OC(=O)C(O)(c2ccccc2)c2ccccc2)C1.[Br-],"PIPENZOLATE BROMIDE",4,434.37,approved
CHEMBL1402684,CC(=O)Oc1ccc(C2(c3ccc(OC(C)=O)cc3)C(=O)Nc3ccccc32)cc1,"OXYPHENISATIN ACETATE",4,401.42,approved
CHEMBL1407915,CN1CCOC(c2ccccc2)c2ccccc2C1.Cl,"NEFOPAM HYDROCHLORIDE",4,289.81,approved
CHEMBL1408594,CCN(CCCc1ccccc1)CCCc1ccccc1.O=C(O)CC(O)(CC(=O)O)C(=O)O,"ALVERINE CITRATE",4,473.57,approved
CHEMBL1410743,CC1OC(C)OC(C)O1,PARALDEHYDE,4,132.16,approved
CHEMBL1410808,Cc1ccc(O)cc1.Cc1cccc(O)c1.Cc1ccccc1O,CRESOL,4,324.42,approved
CHEMBL1411731,CC1(C)S[C@@H]2[C@H](NC(=O)[C@H](N)c3ccccc3)C(=O)N2[C@H]1C(=O)OC1OC(=O)c2ccccc21.Cl,"TALAMPICILLIN HYDROCHLORIDE",4,517.99,approved
CHEMBL1411979,CN(C)CCN(Cc1cccs1)c1ccccn1,METHAPYRILENE,4,261.39,approved
CHEMBL1417019,Cl.Cl.O=C1c2c(O)ccc(O)c2C(=O)c2c(NCCNCCO)ccc(NCCNCCO)c21,"MITOXANTRONE HYDROCHLORIDE",4,517.41,approved
CHEMBL1418176,C[C@]12C=CC(=O)C=C1CC[C@@H]1[C@@H]2CC[C@@]2(C)[C@H]1CC[C@]2(C)O,METHANDROSTENOLONE,4,300.44,approved
CHEMBL1434513,NC[C@H](O)c1ccc(O)c(O)c1.O.O=C(O)C(O)C(O)C(=O)O,"NOREPINEPHRINE BITARTRATE",4,337.28,approved
CHEMBL1439973,CC(C)(O)C(Cl)(Cl)Cl,CHLOROBUTANOL,4,177.46,approved
CHEMBL1441059,CC(C)(C)NCC(O)c1ccc(O)c(CO)c1.CC(C)(C)NCC(O)c1ccc(O)c(CO)c1.O=S(=O)(O)O,"ALBUTEROL SULFATE",4,576.71,approved
CHEMBL1442422,CN(C)CCN1C(=O)c2ccccc2N(C)c2ccccc21,DIBENZEPIN,4,295.39,approved
CHEMBL1446650,CCN(CCCCOC(=O)c1ccc(OC)c(OC)c1)C(C)Cc1ccc(OC)cc1.Cl,"MEBEVERINE HYDROCHLORIDE",4,466.02,approved
CHEMBL1446813,CNCCc1ccccn1.Cl.Cl,"BETAHISTINE HYDROCHLORIDE",4,209.12,approved
CHEMBL1447476,[Na+].[Na+].[O-]c1c(Cl)cc(Cl)cc1Sc1cc(Cl)cc(Cl)c1[O-],"BITHIONOLATE SODIUM",4,400.02,approved
CHEMBL1448187,Cl.Cl.OCCN1CCN(CCCN2c3ccccc3Sc3ccc(C(F)(F)F)cc32)CC1,"FLUPHENAZINE HYDROCHLORIDE",4,510.45,approved
CHEMBL1449676,Cc1ncc([N+](=O)[O-])n1CC(O)CCl,ORNIDAZOLE,4,219.63,approved
CHEMBL1451116,IC(I)I,IODOFORM,4,393.73,approved
CHEMBL1452696,CC(C)=CCC1C(=O)N(c2ccccc2)N(c2ccccc2)C1=O,FEPRAZONE,4,320.39,approved
CHEMBL1453317,CCN(CC)C(=O)c1cccc(C)c1,DIETHYLTOLUAMIDE,4,191.27,approved
CHEMBL1455497,O=C(O)CC(O)C(=O)O,"MALIC ACID",4,134.09,approved
CHEMBL1463345,C[C@]12CCC(=O)C=C1C=C[C@@H]1[C@@H]2CC[C@@]2(C)[C@H]1CC[C@@]21CCC(=O)O1,CANRENONE,4,340.46,approved
CHEMBL1474889,CC(CN(C)C)C(C)(O)Cc1ccc(Cl)cc1,CLOBUTINOL,4,255.79,approved
CHEMBL1474963,CCc1oc2ccccc2c1C(=O)c1ccc(O)cc1,BENZARONE,4,266.3,approved
CHEMBL1477036,CCCCC(CC)COC(=O)CC(C(=O)OCC(CC)CCCC)S(=O)(=O)O,DOCUSATE,4,422.58,approved
CHEMBL1477274,CCC1(c2cccc(O)c2)CCCCN(C)C1.Cl,"MEPTAZINOL HYDROCHLORIDE",4,269.82,approved
CHEMBL1479848,CC(=O)Oc1cc(C)c(OC(C)=O)c2ccccc12,ACETOMENAPHTHONE,4,258.27,approved
CHEMBL1480987,CC1CC(OC(=O)C(O)c2ccccc2)CC(C)(C)C1,CYCLANDELATE,4,276.38,approved
CHEMBL1484251,Cl.Cl.N=C(NCCCCCCNC(=N)NC(=N)Nc1ccc(Cl)cc1)NC(=N)Nc1ccc(Cl)cc1,"CHLORHEXIDINE HYDROCHLORIDE",4,578.38,approved
CHEMBL1491306,Oc1cc(Cc2ccccc2)nc(S)n1,BENZYLTHIOURACIL,4,218.28,approved
CHEMBL1492500,CN(C)CC/C=C1\c2ccccc2CSc2ccccc21,DOTHIEPIN,4,295.45,approved
CHEMBL1511957,CCN1CCCC(OC(=O)C(c2ccccc2)c2ccccc2)C1.Cl,"PIPERIDOLATE HYDROCHLORIDE",4,359.9,approved
CHEMBL1512677,CCCCCc1ccc(C)cc1O,AMYLMETACRESOL,4,178.27,approved
CHEMBL1514715,CCNCC.O=S(=O)(O)c1cc(O)ccc1O,ETHAMSYLATE,4,263.31,approved
CHEMBL1516474,CCCCCNC(=N)N/N=C/c1c[nH]c2ccc(OC)cc12.O=C(O)/C=C\C(=O)O,"TEGASEROD MALEATE",4,417.47,approved
CHEMBL1523964,CN[C@@H](C)[C@H](O)c1ccccc1.CN[C@@H](C)[C@H](O)c1ccccc1.O=S(=O)(O)O,"EPHEDRINE SULFATE",4,428.55,approved
CHEMBL1524273,O=C(O)c1ccccc1C(=O)Nc1ccc(S(=O)(=O)Nc2nccs2)cc1,PHTHALYLSULFATHIAZOLE,4,403.44,approved
CHEMBL1525826,COc1nccnc1NS(=O)(=O)c1ccc(N)cc1,SULFALENE,4,280.31,approved
CHEMBL1528134,CN(C)CCCOc1nn(Cc2ccccc2)c2ccccc12.Cl,"BENZYDAMINE HYDROCHLORIDE",4,345.87,approved
CHEMBL1528839,Cl.N=C(N)NC(=N)NCCc1ccccc1,"PHENFORMIN HYDROCHLORIDE",4,241.73,approved
CHEMBL1530428,CC(=O)OCC(=O)[C@@]1(O)[C@H](C)C[C@H]2[C@@H]3CCC4=CC(=O)C=C[C@]4(C)[C@@]3(F)[C@@H](O)C[C@@]21C,"DEXAMETHASONE ACETATE",4,434.5,approved
CHEMBL1533310,Cl.Cl.NCCc1c[nH]cn1,"HISTAMINE DIHYDROCHLORIDE",4,184.07,approved
CHEMBL1534525,COCC(=O)O[C@]1(CCN(C)CCCc2nc3ccccc3[nH]2)CCc2cc(F)ccc2[C@@H]1C(C)C.Cl.Cl,"MIBEFRADIL DIHYDROCHLORIDE",4,568.56,approved
CHEMBL1560089,CN(CCO)CC(O)Cn1cnc2c1c(=O)n(C)c(=O)n2C.O=C(O)c1cccnc1,"XANTHINOL NIACINATE",4,434.45,approved
CHEMBL1562610,Cc1ccc(Cl)c(Nc2ccccc2C(=O)[O-])c1Cl.O.[Na+],"MECLOFENAMATE SODIUM",4,336.15,approved
CHEMBL1565476,CCCC1C(=O)N2C(N(C)C)=Nc3ccc(C)cc3N2C1=O,APAZONE,4,300.36,approved
CHEMBL1568057,CC(C)NCC(O)c1cc(O)cc(O)c1.CC(C)NCC(O)c1cc(O)cc(O)c1.O=S(=O)(O)O,"METAPROTERENOL SULFATE",4,520.6,approved
CHEMBL1568276,CCOc1ccc2ccccc2c1C(=O)N[C@@H]1C(=O)N2[C@@H]1SC(C)(C)[C@@H]2C(=O)[O-].O.[Na+],"NAFCILLIN SODIUM",4,454.48,approved
CHEMBL1568698,CC(=O)[C@H]1CC[C@H]2[C@@H]3CC[C@H]4C[C@](C)(O)CC[C@]4(C)[C@H]3CC[C@]12C,GANAXOLONE,4,332.53,approved
CHEMBL1569487,CN1C(C(=O)Nc2ccccn2)=C(O)c2sc(Cl)cc2S1(=O)=O,LORNOXICAM,4,371.83,approved
CHEMBL1571863,Clc1ccc(C(Cn2ccnc2)OCc2c(Cl)cccc2Cl)c(Cl)c1,ISOCONAZOLE,4,416.13,approved
CHEMBL1590946,NC(=O)c1cc[n+](CC2=C(C(=O)[O-])N3C(=O)[C@@H](NC(=O)[C@@H](c4ccccc4)S(=O)(=O)[O-])[C@H]3SC2)cc1.[Na+],"CEFSULODIN SODIUM",4,554.54,approved
CHEMBL1593558,N=C(N)N1CCc2ccccc2C1.N=C(N)N1CCc2ccccc2C1.O=S(=O)(O)O,"DEBRISOQUIN SULFATE",4,448.55,approved
CHEMBL1593906,CCC(=O)O[C@@](Cc1ccccc1)(c1ccccc1)[C@@H](C)CN(C)C.O=S(=O)(O)c1ccc2ccccc2c1,"LEVOPROPOXYPHENE NAPSYLATE",4,547.72,approved
CHEMBL1599768,CN1CCCN=C1/C=C/c1cccs1.O=C(O)c1cc2ccccc2c(Cc2c(O)c(C(=O)O)cc3ccccc23)c1O,"PYRANTEL PAMOATE",4,594.69,approved
CHEMBL1601669,C=C1/C(=C\C=C2/CCC[C@]3(C)[C@@H]([C@H](C)CCCC(C)C)CC[C@@H]23)C[C@@H](O)C[C@@H]1O,ALFACALCIDOL,4,400.65,approved
CHEMBL1607273,Cl.Cl.O=C(O)COCCN1CCN(C(c2ccccc2)c2ccc(Cl)cc2)CC1,"CETIRIZINE HYDROCHLORIDE",4,461.82,approved
CHEMBL1607480,CN(C)[C@@H]1C(O)=C(C(N)=O)C(=O)[C@@]2(O)C(O)=C3C(=O)c4c(O)cccc4[C@@](C)(O)[C@H]3[C@H](O)[C@@H]12.Cl,"OXYTETRACYCLINE HYDROCHLORIDE",4,496.9,approved
CHEMBL1614637,CC(Oc1ccccc1)C(=O)N[C@@H]1C(=O)N2[C@@H]1SC(C)(C)[C@@H]2C(=O)O,PHENETHICILLIN,4,364.42,approved
CHEMBL1614701,Cn1cnc2c(F)c(Nc3ccc(Br)cc3Cl)c(C(=O)NOCCO)cc21,SELUMETINIB,4,457.69,approved
CHEMBL1615350,CN(C)CCCC1c2ccccc2Nc2ccc(Cl)cc21,CLOMACRAN,4,300.83,approved
CHEMBL1615371,CN1c2c([nH]c(N)nc2=O)NC[C@@H]1CNc1ccc(C(=O)N[C@@H](CCC(=O)[O-])C(=O)[O-])cc1.[Ca+2],"LEVOMEFOLATE CALCIUM",4,497.53,approved
CHEMBL1615372,Cl.O=C1[C@@H]2[C@H]3CC[C@H](C3)[C@@H]2C(=O)N1C[C@@H]1CCCC[C@H]1CN1CCN(c2nsc3ccccc23)CC1,"LURASIDONE HYDROCHLORIDE",4,529.15,approved
CHEMBL1615374,Cl.N#Cc1ccc2[nH]cc(CCCCN3CCN(c4ccc5oc(C(N)=O)cc5c4)CC3)c2c1,"VILAZODONE HYDROCHLORIDE",4,478,approved
CHEMBL1615438,C[C@@H]1CN([C@H]2CC[C@](C#N)(c3ccc(F)cc3)CC2)CC[C@]1(C(=O)O)c1ccccc1,LEVOCABASTINE,4,420.53,approved
CHEMBL1615439,C[C@H]1[C@H](c2ccccc2)OCCN1C,PHENDIMETRAZINE,4,191.27,approved
CHEMBL1615779,N=C(N)NCc1cccc([131I])c1,"IOBENGUANE I 131",4,279.1,approved
CHEMBL1616951,C[C@]12CCC(=O)C=C1C=C[C@@H]1[C@@H]2CC[C@@]2(C)[C@H]1CC[C@@]2(O)CCC(=O)O,CANRENOATE,4,358.48,approved
CHEMBL1618018,CN1[C@@H]2CC[C@H]1C[C@@H](OC(=O)C(O)c1ccccc1)C2,HOMATROPINE,4,275.35,approved
CHEMBL1618102,CCCC[N+]1(C)[C@@H]2C[C@@H](OC(=O)[C@H](CO)c3ccccc3)C[C@H]1[C@@H]1O[C@@H]12,BUTYLSCOPOLAMINE,4,360.47,approved
CHEMBL1619528,CC[N+]1(C)CCCC(OC(=O)C(O)(c2ccccc2)c2ccccc2)C1,PIPENZOLATE,4,354.47,approved
CHEMBL1619785,CC1(C)S[C@@H]2[C@H](NC(=O)[C@H](N)c3ccccc3)C(=O)N2[C@H]1C(=O)OC1OC(=O)c2ccccc21,TALAMPICILLIN,4,481.53,approved
CHEMBL1621597,CC(C)[N+]1(C)[C@@H]2CC[C@H]1C[C@@H](OC(=O)C(CO)c1ccccc1)C2,IPRATROPIUM,4,332.46,approved
CHEMBL1623992,CCN1CCCC(OC(=O)C(c2ccccc2)c2ccccc2)C1,PIPERIDOLATE,4,323.44,approved
CHEMBL1624126,CN(CCO)CC(O)Cn1cnc2c1c(=O)n(C)c(=O)n2C,XANTHINOL,4,311.34,approved
CHEMBL1625607,CN1CCc2c(c3ccccc3n2Cc2ccccc2)C1,MEBHYDROLIN,4,276.38,approved
CHEMBL1626223,CN1CCCN=C1/C=C/c1cccs1,PYRANTEL,4,206.31,approved
CHEMBL1626570,COS(=O)(=O)[O-].C[N+]1(C)CCN(CC(O)(c2ccccc2)C2CCCCC2)CC1,"HEXOCYCLIUM METHYLSULFATE",4,428.6,approved
CHEMBL1627367,C[C@]12CC[C@@H]3c4ccc(O)cc4CC[C@H]3[C@@H]1C[C@@H](F)[C@@H]2O,FLUOROESTRADIOL,4,290.38,approved
CHEMBL1628227,CN(C)CCC=C1c2ccccc2COc2ccccc21,DOXEPIN,4,279.38,approved
CHEMBL1628233,O=C([O-])c1ccccc1-c1c2ccc(=O)cc-2oc2cc([O-])ccc12.[Na+].[Na+],"FLUORESCEIN SODIUM",4,376.28,approved
CHEMBL1628234,CN(C)CCC=C1c2ccccc2COc2ccccc21.Cl,"DOXEPIN HYDROCHLORIDE",4,315.84,approved
CHEMBL1628385,CC1(C)S[C@@H]2[C@H](NC(=O)Cc3ccccc3)C(=O)N2[C@H]1C(=O)O.CCN(CC)CCOC(=O)c1ccc(N)cc1,"PROCAINE BENZYLPENICILLIN",4,570.71,approved
CHEMBL1628502,CC(OC(=O)NCC1(CC(=O)O)CCCCC1)OC(=O)C(C)C,"GABAPENTIN ENACARBIL",4,329.39,approved
CHEMBL1628504,Cc1cc(/C=C/C#N)cc(C)c1Nc1ccnc(Nc2ccc(C#N)cc2)n1.Cl,"RILPIVIRINE HYDROCHLORIDE",4,402.89,approved
CHEMBL1631694,CSc1ccc(OCc2ncc([N+](=O)[O-])n2C)cc1,FEXINIDAZOLE,4,279.32,approved
CHEMBL1644695,[I-].[Na+],"SODIUM IODIDE",4,149.89,approved
CHEMBL1650443,Cn1c(=O)cc(N2CCC[C@@H](N)C2)n(Cc2cc(F)ccc2C#N)c1=O,TRELAGLIPTIN,4,357.39,approved
CHEMBL1650619,On1ccccc1=S,PYRITHIONE,4,127.17,approved
CHEMBL1650818,CC(C)(C)C(=O)OCOC(=O)[C@@H]1N2C(=O)[C@@H](/N=C/N3CCCCCC3)[C@H]2SC1(C)C,"AMDINOCILLIN PIVOXIL",4,439.58,approved
CHEMBL1651906,CN(N=O)C(=O)N[C@H]1C(O)O[C@H](CO)[C@@H](O)[C@@H]1O,STREPTOZOCIN,4,265.22,approved
CHEMBL1651990,Clc1ccc(C(Cn2ccnc2)OCc2ccc(Sc3ccccc3)cc2)c(Cl)c1,FENTICONAZOLE,4,455.41,approved
CHEMBL1651998,CC1(O)CCC(C(C)(C)O)CC1,TERPIN,4,172.27,approved
CHEMBL1673148,C[N+](C)(CCOc1ccccc1)Cc1ccccc1.O=C([O-])c1cc2ccccc2cc1O,"BEPHENIUM HYDROXYNAPHTHOATE",4,443.54,approved
CHEMBL1689063,NC(=O)[C@@H]1CC[C@@H]2CN1C(=O)N2OS(=O)(=O)O,AVIBACTAM,4,265.25,approved
CHEMBL1689772,CN(C)c1cc(CNCC(C)(C)C)c(O)c2c1C[C@H]1C[C@H]3[C@H](N(C)C)C(O)=C(C(N)=O)C(=O)[C@@]3(O)C(O)=C1C2=O,OMADACYCLINE,4,556.66,approved
CHEMBL1697686,CCOC(=O)NC(C)(C)Cc1ccc(Cl)cc1,CLOFOREX,4,255.75,approved
CHEMBL1697708,CC1(C)S[C@@H]2[C@H](NC(=O)[C@H](NC(=O)N3CCN(S(C)(=O)=O)C3=O)c3ccccc3)C(=O)N2[C@H]1C(=O)[O-].[Na+],"MEZLOCILLIN SODIUM",4,561.57,approved
CHEMBL1697733,CC(=O)O[C@H](CC(=O)[O-])C[N+](C)(C)C,ACETYLCARNITINE,4,203.24,approved
CHEMBL1697737,CCc1cc2c(s1)N(C)C(=O)CN=C2c1ccccc1Cl,CLOTIAZEPAM,4,318.83,approved
CHEMBL1697744,O=C(O)CSCC(=O)NC1CCSC1=O,ERDOSTEINE,4,249.31,approved
CHEMBL1697751,CC(C)Nc1ncccn1.O=P(O)(O)O,"ISAXONINE PHOSPHATE",4,235.18,approved
CHEMBL1697760,CC(c1ccc(Cl)c(Cl)c1)N1N=C(N)CC1=O,MUZOLIMINE,4,272.14,approved
CHEMBL1697768,O=S(=O)([O-])Oc1ccc(C(c2ccc(OS(=O)(=O)[O-])cc2)c2ccccn2)cc1.[Na+].[Na+],"SODIUM PICOSULFATE",4,481.42,approved
CHEMBL1697782,CCC(=O)O[C@]1(C(=O)COC(C)=O)CC[C@H]2[C@@H]3C[C@H](C)C4=CC(=O)C=C[C@]4(C)[C@H]3[C@@H](O)C[C@@]21C,"METHYLPREDNISOLONE ACEPONATE",4,472.58,approved
CHEMBL1697838,COCCOc1cnc(NS(=O)(=O)c2ccccc2)nc1,GLYMIDINE,4,309.35,approved
CHEMBL1697841,CNC(C)CCC=C(C)C,ISOMETHEPTENE,4,141.26,approved
CHEMBL1697844,O=C(OC[C@H]1O[C@](O)(COC(=O)c2cccnc2)[C@@H](OC(=O)c2cccnc2)[C@@H]1OC(=O)c1cccnc1)c1cccnc1,NICOFURANOSE,4,600.54,approved
CHEMBL1697851,CC(=O)OCCN1CCN(CCCN2c3ccccc3Sc3ccc(Cl)cc32)CC1,THIOPROPAZATE,4,446.02,approved
CHEMBL1697856,CCOc1ccc(NC(=O)CC(C)O)cc1,BUCETIN,4,223.27,approved
CHEMBL1707007,Cl.N[C@H]1C(O)O[C@H](CO)[C@@H](O)[C@@H]1O,"GLUCOSAMINE HYDROCHLORIDE",4,215.63,approved
CHEMBL1711280,CN(C)CC/C=C1\c2ccccc2CSc2ccccc21.Cl,"DOTHIEPIN HYDROCHLORIDE",4,331.91,approved
CHEMBL1712842,CC(=O)O.CN1CCCC(CN2c3ccccc3Sc3ccccc32)C1,"MEPAZINE ACETATE",4,370.52,approved
CHEMBL1722209,Cc1ccc(O)c([C@H](CCN(C(C)C)C(C)C)c2ccccc2)c1.O=C(O)C(O)C(O)C(=O)O,"TOLTERODINE TARTRATE",4,475.58,approved
CHEMBL1723241,CC(=O)[N-]S(=O)(=O)c1ccc(N)cc1.O.[Na+],"SULFACETAMIDE SODIUM",4,254.24,approved
CHEMBL1725730,COc1ccc2c(c1)N(C[C@H](C)CN(C)C)c1ccccc1S2.O=C(O)/C=C\C(=O)O,"LEVOMEPROMAZINE MALEATE",4,444.55,approved
CHEMBL1738797,CCc1cc2c(cc1N1CCC(N3CCOCC3)CC1)C(C)(C)c1[nH]c3cc(C#N)ccc3c1C2=O,ALECTINIB,4,482.63,approved
CHEMBL1738990,CCC(=O)O[C@@](Cc1ccccc1)(c1ccccc1)[C@@H](C)CN(C)C,LEVOPROPOXYPHENE,4,339.48,approved
CHEMBL1740513,CC(C)Nc1ncccn1,ISAXONINE,4,137.19,approved
CHEMBL1740659,C/C(=C(/CCO)SSCC1CCCO1)N(C=O)Cc1cnc(C)nc1N,FURSULTIAMINE,4,398.55,approved
CHEMBL1741134,O=S(=O)(O)Oc1ccc(C(c2ccc(OS(=O)(=O)O)cc2)c2ccccn2)cc1,"PICOSULFURIC ACID",4,437.45,approved
CHEMBL1742423,CCOCCn1c(C2CCN(CCc3ccc(C(C)(C)C(=O)O)cc3)CC2)nc2ccccc21,BILASTINE,4,463.62,approved
CHEMBL1742424,CCN(CC)C(=O)Nc1ccc(OCC(O)CNC(C)(C)C)c(C(C)=O)c1.Cl,"CELIPROLOL HYDROCHLORIDE",4,415.96,approved
CHEMBL1742471,NC(N)=Nc1nc(CSCCN/C=N/S(=O)(=O)c2ccc(Br)cc2)cs1,EBROTIDINE,4,477.44,approved
CHEMBL1770248,CCOc1ccc(Cc2cc([C@]34OC[C@](CO)(O3)[C@@H](O)[C@H](O)[C@H]4O)ccc2Cl)cc1,ERTUGLIFLOZIN,4,436.89,approved
CHEMBL1774461,CNc1ccc(/C=C/c2ccc(OCCOCCOCC[18F])nc2)cc1,"FLORBETAPIR F 18",4,359.43,approved
CHEMBL1779710,CC(C)(C)OC[C@@H]1C(=O)NCCN1C(=O)C[C@H](N)Cc1cc(F)c(F)cc1F,EVOGLIPTIN,4,401.43,approved
CHEMBL1788132,CC(Oc1c(Cl)cccc1Cl)C1=NCCN1.Cl,"LOFEXIDINE HYDROCHLORIDE",4,295.6,approved
CHEMBL1788385,Cc1cc(Br)c(O)c2ncccc12,TILBROQUINOL,4,238.08,approved
CHEMBL1788386,CC(C)=CC1C(C(=O)OCN2C(=O)C3=C(CCCC3)C2=O)C1(C)C,TETRAMETHRIN,4,331.41,approved
CHEMBL1788403,C=CCC1=C(C)C(OC(=O)[C@@H]2[C@@H](C=C(C)C)C2(C)C)CC1=O,BIOALLETHRIN,4,302.41,approved
CHEMBL1789842,CCc1cc2c(cc1CC)CC(NC[C@H](O)c1ccc(O)c3[nH]c(=O)ccc13)C2.O=C(O)/C=C\C(=O)O,"INDACATEROL MALEATE",4,508.57,approved
CHEMBL1789941,N#CC[C@H](C1CCCC1)n1cc(-c2ncnc3[nH]ccc23)cn1,RUXOLITINIB,4,306.37,approved
CHEMBL1790041,CNC(=C[N+](=O)[O-])NCCSCc1ccc(CN(C)C)o1,RANITIDINE,4,314.41,approved
CHEMBL1795071,N#CC[C@H](C1CCCC1)n1cc(-c2ncnc3[nH]ccc23)cn1.O=P(O)(O)O,"RUXOLITINIB PHOSPHATE",4,404.37,approved
CHEMBL1796998,FS(F)(F)(F)(F)F,"SULFUR HEXAFLUORIDE",4,146.06,approved
CHEMBL1800159,CONC(=O)Nc1ccc(-c2sc3c(c2CN(C)C)c(=O)n(-c2ccc(OC)nn2)c(=O)n3Cc2c(F)cccc2F)cc1,RELUGOLIX,4,623.64,approved
CHEMBL1801800,O=C(Nc1ccccc1)c1cc(Br)cc(Br)c1O,METABROMSALAN,4,371.03,approved
CHEMBL1808388,OC[C@H]1O[C@@H](c2ccc(Cl)c(Cc3ccc(OCCOC4CC4)cc3)c2)[C@H](O)[C@@H](O)[C@@H]1O,BEXAGLIFLOZIN,4,464.94,approved
CHEMBL1834657,CCN1CCN(c2ccc(Nc3cc(N(C)C(=O)Nc4c(Cl)c(OC)cc(OC)c4Cl)ncn3)cc2)CC1.O=P(O)(O)O,"INFIGRATINIB PHOSPHATE",4,658.48,approved
CHEMBL1852688,CCN1CCN(c2ccc(Nc3cc(N(C)C(=O)Nc4c(Cl)c(OC)cc(OC)c4Cl)ncn3)cc2)CC1,INFIGRATINIB,4,560.49,approved
CHEMBL1863513,C/C=C(/C)C(=O)O[C@H]1C(C)=C[C@]23C(=O)[C@@H](C=C(CO)[C@@H](O)[C@]12O)[C@H]1[C@@H](C[C@H]3C)C1(C)C,"INGENOL MEBUTATE",4,430.54,approved
CHEMBL1868702,C#C[C@]1(O)CC[C@H]2[C@@H]3CCC4=CC(=O)CCC4=C3C=C[C@@]21CC,GESTRINONE,4,308.42,approved
CHEMBL1870768,CC(C1=C(CCN(C)C)Cc2ccccc21)c1ccccn1.O=C(O)/C=C\C(=O)O,"DIMETHINDENE MALEATE",4,408.5,approved
CHEMBL1873475,C=CC(=O)N1CCC[C@@H](n2nc(-c3ccc(Oc4ccccc4)cc3)c3c(N)ncnc32)C1,IBRUTINIB,4,440.51,approved
CHEMBL1874750,COc1cc(/C=C/C(=O)N2CCN(CC(=O)N3CCCC3)CC2)cc(OC)c1OC,CINEPAZIDE,4,417.51,approved
CHEMBL1887891,CCN[C@@H](C)Cc1cccc(C(F)(F)F)c1.Cl,"DEXFENFLURAMINE HYDROCHLORIDE",4,267.72,approved
CHEMBL1888176,O=C(O[C@H]1C[C@H]2CC[C@@H](C1)[N+]21CCCC1)C(O)(c1ccccc1)c1ccccc1,TROSPIUM,4,392.52,approved
CHEMBL1889140,CCCN1CCCC[C@H]1C(=O)Nc1c(C)cccc1C.Cl,"ROPIVACAINE HYDROCHLORIDE",4,310.87,approved
CHEMBL1898387,COc1ccc(C(=O)c2ccc(C)cc2)c(O)c1,MEXENONE,4,242.27,approved
CHEMBL1899801,FC(F)(F)C(F)(F)C(F)(F)C(F)(F)C(F)(F)F,PERFLENAPENT,4,288.03,approved
CHEMBL1900528,C[N+]1(C)[C@@H]2C[C@@H](OC(=O)C(O)(c3cccs3)c3cccs3)C[C@H]1[C@@H]1O[C@@H]12,TIOTROPIUM,4,392.52,approved
CHEMBL1905872,CCCCC(CC)COC(=O)CC(C(=O)OCC(CC)CCCC)S(=O)(=O)[O-].[Na+],"DOCUSATE SODIUM",4,444.57,approved
CHEMBL1908307,Cn1cc([S+](C)[O-])c(=O)c2ccc(F)cc21,FLOSEQUINAN,4,239.27,approved
CHEMBL1908315,CCCCC(C)(C)[C@H](O)/C=C/[C@H]1[C@H](O)CC(=O)[C@@H]1CCCC/C=C/C(=O)OC,GEMEPROST,4,394.55,approved
CHEMBL1908348,C1CCN2C[C@@H]3C[C@@H](CN4CCCC[C@@H]34)[C@H]2C1.O.O.O.O.O.O=S(=O)(O)O,"SPARTEINE SULFATE",4,422.54,approved
CHEMBL1908359,O=P([O-])([O-])F.[Na+].[Na+],"SODIUM MONOFLUOROPHOSPHATE",4,143.95,approved
CHEMBL1908361,Nc1nc(=O)c2c([nH]1)NC[C@H](CNc1ccc(C(=O)N[C@@H](CCC(=O)[O-])C(=O)[O-])cc1)N2C=O.[Ca+2],"LEVOLEUCOVORIN CALCIUM",4,511.51,approved
CHEMBL1908370,N#Cc1c(N2C[C@@H]3NCCO[C@H]3C2)c(F)cc2c(=O)c(C(=O)O)cn(C3CC3)c12,FINAFLOXACIN,4,398.39,approved
CHEMBL1908373,CN(C)c1ccc([C@H]2C[C@]3(C)[C@@H](CC[C@]3(O)CCCO)[C@@H]3CCC4=CC(=O)CCC4=C32)cc1,ONAPRISTONE,4,449.64,approved
CHEMBL1908391,Cc1ccc(NC(=O)c2ccc(CN3CCN(C)CC3)cc2)cc1Nc1nc(-c2cccnc2)cs1,MASITINIB,4,498.66,approved
CHEMBL1908841,Nc1nc(=O)c2c([nH]1)NC[C@H](CNc1ccc(C(=O)N[C@@H](CCC(=O)O)C(=O)O)cc1)N2C=O,LEVOLEUCOVORIN,4,473.45,approved
CHEMBL1908847,C1CCN2C[C@@H]3C[C@@H](CN4CCCC[C@@H]34)[C@H]2C1,SPARTEINE,4,234.39,approved
CHEMBL1908906,CNc1ccc(/C=C/c2ccc(OCCOCCOCCF)cc2)cc1,FLORBETABEN,4,359.44,approved
CHEMBL1908917,N[C@]1(C(=O)O)C[C@@H](F)C1,FLUCICLOVINE,4,133.12,approved
CHEMBL1908919,CNc1ccc(/C=C/c2ccc(OCCOCCOCCF)nc2)cc1,FLORBETAPIR,4,360.43,approved
CHEMBL1909072,NC(=O)C1CCN(CCCN2c3ccccc3Sc3ccc(Cl)cc32)CC1,PIPAMAZINE,4,401.96,approved
CHEMBL1909282,O=C(O)Cc1csc(-c2ccc(Cl)cc2)n1,"FENCLOZIC ACID",4,253.71,approved
CHEMBL1909283,CC(NN)c1ccccc1,MEBANAZINE,4,136.2,approved
CHEMBL1909285,Cc1nc([N+](=O)[O-])cn1-c1ccc([N+](=O)[O-])cc1,NITREFAZOLE,4,248.2,approved
CHEMBL1909286,CC(COc1ccccc1)NN,PHENOXYPROPAZINE,4,166.22,approved
CHEMBL1909288,CC(=O)Oc1ccc(C2(c3ccc(OC(C)=O)cc3)C(=O)N(C(C)=O)c3ccccc32)cc1,TRIACETYLDIPHENOLISATIN,4,443.46,approved
CHEMBL1909289,CCOC(Nc1ccc(C(=O)O)cc1)C(=O)c1ccc(-c2ccccc2)cc1,"XENAZOIC ACID",4,375.42,approved
CHEMBL1909298,COc1cc(Br)c(C[N+]2(CCOCCC3CCC4CC3C4(C)C)CCOCC2)cc1OC.[Br-],"PINAVERIUM BROMIDE",4,591.43,approved
CHEMBL1909324,COc1cc(Br)c(C[N+]2(CCOCCC3CCC4CC3C4(C)C)CCOCC2)cc1OC,PINAVERIUM,4,511.52,approved
CHEMBL1929396,Cc1cc2ncc(C(=O)NCC(C)(C)NCC(=O)N3CCC[C@H]3C#N)cn2n1,ANAGLIPTIN,4,383.46,approved
CHEMBL1945778,COC(=O)[C@H]1[C@@H](c2ccc(I)cc2)C[C@@H]2CC[C@H]1N2CCCF,IOFLUPANE,4,431.29,approved
CHEMBL1946170,CNC(=O)c1cc(Oc2ccc(NC(=O)Nc3ccc(Cl)c(C(F)(F)F)c3)c(F)c2)ccn1,REGORAFENIB,4,482.82,approved
CHEMBL1951071,COc1ccc(C[C@@H](C)NC[C@H](O)c2ccc(O)c(NC=O)c2)cc1.O=C(O)C(O)C(O)C(=O)O,"ARFORMOTEROL TARTRATE",4,494.5,approved
CHEMBL1951095,CN(C)[C@@H]1C(O)=C(C(N)=O)C(=O)[C@@]2(O)C(O)=C3C(=O)c4c(O)c(NC(=O)CN5CCCC5)cc(F)c4C[C@H]3C[C@@H]12,ERAVACYCLINE,4,558.56,approved
CHEMBL1963681,COc1ccc(CNc2nc(N3CCC[C@H]3CO)ncc2C(=O)NCc2ncccn2)cc1Cl,AVANAFIL,4,483.96,approved
CHEMBL1963683,CC(C)OC(=O)CCC/C=C\C[C@@H]1[C@@H](/C=C/C(F)(F)COc2ccccc2)[C@H](O)C[C@@H]1O,TAFLUPROST,4,452.54,approved
CHEMBL1983268,CN1CCN(c2ccc(C(=O)Nc3n[nH]c4ccc(Cc5cc(F)cc(F)c5)cc34)c(NC3CCOCC3)c2)CC1,ENTRECTINIB,4,560.65,approved
CHEMBL1983350,CC(C)(C)C(O)/C=C/c1ccc2c(c1)OCO2,STIRIPENTOL,4,234.29,approved
CHEMBL1985928,CNC(C)Cc1ccccc1OC.Cl,"METHOXYPHENAMINE HYDROCHLORIDE",4,215.72,approved
CHEMBL1987462,CCCCNCC(O)c1ccc(O)cc1,BAMETHAN,4,209.29,approved
CHEMBL1998966,C/C(=N\O)c1ccc(OCC(=O)N2CCCCC2)cc1,PIFOXIME,4,276.34,approved
CHEMBL2000813,Br.Oc1ccc(C(O)C2CCCCN2)cc1O,"RIMITEROL HYDROBROMIDE",4,304.18,approved
CHEMBL2003538,CCCCCCCCCCCCCCCC[n+]1ccccc1.O.[Cl-],"CETYLPYRIDINIUM CHLORIDE",4,358.01,approved
CHEMBL2004297,CCN(CC)C(=S)SC(=S)N(CC)CC,SULFIRAM,4,264.49,approved
CHEMBL2005186,CC(C)NC(=O)COc1cccc(-c2nc(Nc3ccc4[nH]ncc4c3)c3ccccc3n2)c1,BELUMOSUDIL,4,452.52,approved
CHEMBL2009089,O=[Se](O)O,"SELENIOUS ACID",4,128.97,approved
CHEMBL2010507,CNC(C)Cc1ccccc1OC,METHOXYPHENAMINE,4,179.26,approved
CHEMBL2010601,CC(C)(C)c1cc(C(C)(C)C)c(NC(=O)c2c[nH]c3ccccc3c2=O)cc1O,IVACAFTOR,4,392.5,approved
CHEMBL2018096,OC[C@H]1O[C@@H](c2ccc(F)c(Cc3cc4ccccc4s3)c2)[C@H](O)[C@@H](O)[C@@H]1O,IPRAGLIFLOZIN,4,404.46,approved
CHEMBL2021422,CC(C)c1cccc(C(C)C)c1OCOP(=O)([O-])[O-].[Na+].[Na+],"FOSPROPOFOL DISODIUM",4,332.24,approved
CHEMBL2021423,O=S(=O)([O-])[O-].[Mg+2],"MAGNESIUM SULFATE ANHYDROUS",4,120.37,approved
CHEMBL2021424,O=S(=O)([O-])[O-].[K+].[K+],"POTASSIUM SULFATE",4,174.26,approved
CHEMBL2023895,N=C(N)c1ccc(/C=C/c2ccc(C(=N)N)cc2O)cc1.O=S(=O)(O)CCO.O=S(=O)(O)CCO,"HYDROXYSTILBAMIDINE ISETHIONATE",4,532.6,approved
CHEMBL2024517,CN(C)C(=O)N[C@H]1CC[C@H](CCN2CCN(c3cccc(Cl)c3Cl)CC2)CC1.Cl,"CARIPRAZINE HYDROCHLORIDE",4,463.88,approved
CHEMBL2028019,CN(C)C(=O)N[C@H]1CC[C@H](CCN2CCN(c3cccc(Cl)c3Cl)CC2)CC1,CARIPRAZINE,4,427.42,approved
CHEMBL2028661,CCOc1nc2cccc(C(=O)OCc3oc(=O)oc3C)c2n1Cc1ccc(-c2ccccc2-c2noc(=O)[nH]2)cc1,"AZILSARTAN MEDOXOMIL",4,568.54,approved
CHEMBL2028663,CC(C)(C)c1nc(-c2cccc(NS(=O)(=O)c3c(F)cccc3F)c2F)c(-c2ccnc(N)n2)s1,DABRAFENIB,4,519.57,approved
CHEMBL2035187,C1=N/C2=N/c3ccc(OCCN4CCCC4)c(c3)COC/C=C/COCc3cccc(c3)C(=C1)N2,PACRITINIB,4,472.59,approved
CHEMBL2040682,CC(C)C(=O)OCC(=O)[C@@]12O[C@H](C3CCCCC3)O[C@@H]1C[C@H]1[C@@H]3CCC4=CC(=O)C=C[C@]4(C)[C@H]3[C@@H](O)C[C@@]12C,CICLESONIDE,4,540.7,approved
CHEMBL2042122,CNc1ccc(-c2nc3ccc(O)cc3s2)cc1[18F],"FLUTEMETAMOL F 18",4,273.32,approved
CHEMBL2043437,CN1CC[C@@H](NC(=O)Nc2ccc(C#N)cc2)C[C@@H]1c1nc2ccccc2[nH]1,GLASDEGIB,4,374.45,approved
CHEMBL2048028,CS(=O)(=O)c1cccc(C[C@H](NC(=O)c2c(Cl)cc3c(c2Cl)CCN(C(=O)c2ccc4ccoc4c2)C3)C(=O)O)c1,LIFITEGRAST,4,615.49,approved
CHEMBL2048484,Cc1ccc([C@@H]2O[C@H](CO)[C@@H](O)[C@H](O)[C@H]2O)cc1Cc1ccc(-c2ccc(F)cc2)s1,"CANAGLIFLOZIN ANHYDROUS",4,444.52,approved
CHEMBL2062163,C[C@H]1[C@H](c2ccccc2)OCCN1C.O=C(O)C(O)C(O)C(=O)O,"PHENDIMETRAZINE TARTRATE",4,341.36,approved
CHEMBL2062257,Brc1c(NC2=NCCN2)ccc2nccnc12.O=C(O)C(O)C(O)C(=O)O,"BRIMONIDINE TARTRATE",4,442.23,approved
CHEMBL2062262,C[C@H](N)[C@H](O)c1cccc(O)c1.O=C(O)C(O)C(O)C(=O)O,"METARAMINOL BITARTRATE",4,317.29,approved
CHEMBL2062263,NCCS.O=C(O)C(O)C(O)C(=O)O,"CYSTEAMINE BITARTRATE",4,227.24,approved
CHEMBL2062264,CNC[C@H](O)c1cccc(O)c1.O=C(O)C(O)C(O)C(=O)O,"PHENYLEPHRINE BITARTRATE",4,317.29,approved
CHEMBL2062266,COc1ccc2c3c1O[C@H]1[C@@H](O)CC[C@H]4[C@@H](C2)N(C)CC[C@@]341.O=C(O)C(O)C(O)C(=O)O,"DIHYDROCODEINE BITARTRATE",4,451.47,approved
CHEMBL2062276,C=CCN1CC[C@]23CCCC[C@H]2[C@H]1Cc1ccc(O)cc13.O=C(O)C(O)C(O)C(=O)O,"LEVALLORPHAN TARTRATE",4,433.5,approved
CHEMBL2062335,COCCc1ccc(OCC(O)CNC(C)C)cc1.COCCc1ccc(OCC(O)CNC(C)C)cc1.O=C(O)C(O)C(O)C(=O)O,"METOPROLOL TARTRATE",4,684.82,approved
CHEMBL2064032,CNCc1cc(-c2ccccc2F)n(S(=O)(=O)c2cccnc2)c1.O=C(O)/C=C/C(=O)O,"VONOPRAZAN FUMARATE",4,461.47,approved
CHEMBL2068724,CC(=O)NCCCS(=O)(=O)[O-].CC(=O)NCCCS(=O)(=O)[O-].[Ca+2],"ACAMPROSATE CALCIUM",4,400.49,approved
CHEMBL2068884,O=C([O-])[C@H]1O[C@H](O)[C@H](O)[C@@H](O)[C@@H]1O.[Na+],"SODIUM GLUCONATE",4,216.12,approved
CHEMBL2079130,CNCc1cc(-c2ccccc2F)n(S(=O)(=O)c2cccnc2)c1,VONOPRAZAN,4,345.4,approved
CHEMBL2079587,C[C@]12Cc3c[nH]nc3C[C@@H]1CC[C@@H]1[C@@H]2CC[C@@]2(C)[C@H]1CC[C@]2(C)O,STANOZOLOL,4,328.5,approved
CHEMBL2079793,Nc1nc([O-])c2ncn(CCC(CO)CO)c2n1.[Na+],"PENCICLOVIR SODIUM",4,275.24,approved
CHEMBL2095206,COc1cc(Nc2c(C#N)cnc3cc(OCCCN4CCN(C)CC4)c(OC)cc23)c(Cl)cc1Cl.O,"BOSUTINIB MONOHYDRATE",4,548.47,approved
CHEMBL2095207,C[N+](C)([11CH3])CCO.[Cl-],"CHOLINE C-11",4,138.63,approved
CHEMBL2095209,CC/C=C\C/C=C\C/C=C\C/C=C\C/C=C\CCCC(=O)OCC,"ICOSAPENT ETHYL",4,330.51,approved
CHEMBL2095211,C[C@H]1CNCCc2ccc(Cl)cc21.Cl,"LORCASERIN HYDROCHLORIDE",4,232.15,approved
CHEMBL2095212,Nc1nc(CC(=O)Nc2ccc(CCNC[C@H](O)c3ccccc3)cc2)cs1,MIRABEGRON,4,396.52,approved
CHEMBL2095223,CCN(CC)CCCC(C)Nc1ccnc2cc(Cl)ccc12.O=S(=O)(O)O,"CHLOROQUINE SULPHATE",4,417.96,approved
CHEMBL2096631,O=C([O-])C1N=C(c2ccccc2)c2cc(Cl)ccc2NC1=O.[K+].[K+].[OH-],"CLORAZEPATE DIPOTASSIUM",4,408.92,approved
CHEMBL2096633,O=[Si]([O-])O[Si]([O-])([O-])O[Si](=O)[O-].[Mg+2].[Mg+2],"MAGNESIUM TRISILICATE",4,260.86,approved
CHEMBL2096642,CC(O)C(=O)O.Nc1cc(-c2ccncc2)c[nH]c1=O,"INAMRINONE LACTATE",4,277.28,approved
CHEMBL2096646,Nc1ccc(C(=O)[O-])c(O)c1.O.O.[Na+],"AMINOSALICYLATE SODIUM",4,211.15,approved
CHEMBL2096650,O.O.O.O.O.O=S([O-])([O-])=S.[Na+].[Na+],"SODIUM THIOSULFATE",4,248.19,approved
CHEMBL2103736,CC(C(=O)[O-])c1cccc(Oc2ccccc2)c1.CC(C(=O)[O-])c1cccc(Oc2ccccc2)c1.O.O.[Ca+2],"FENOPROFEN CALCIUM",4,558.64,approved
CHEMBL2103738,O.O.O.O.O=C([O-])CC(O)(CC(=O)[O-])C(=O)[O-].[Li+].[Li+].[Li+],"LITHIUM CITRATE",4,281.98,approved
CHEMBL2103739,CCOCCn1c(N2CCCN(C)CC2)nc2ccccc21.O=C(O)/C=C/C(=O)O.O=C(O)/C=C/C(=O)O,"EMEDASTINE DIFUMARATE",4,534.57,approved
CHEMBL2103743,C[C@@H]1CCN(C(=O)CC#N)C[C@@H]1N(C)c1ncnc2[nH]ccc12.O=C(O)CC(O)(CC(=O)O)C(=O)O,"TOFACITINIB CITRATE",4,504.5,approved
CHEMBL2103772,CC(=O)SCC(Cc1ccccc1)C(=O)NCC(=O)OCc1ccccc1,RACECADOTRIL,4,385.49,approved
CHEMBL2103774,C#C[C@]1(O)CC[C@H]2[C@@H]3[C@H](C)CC4=C(CCC(=O)C4)[C@H]3CC[C@@]21C,TIBOLONE,4,312.45,approved
CHEMBL2103795,CCOc1nc2cccc(C(=O)OCc3oc(=O)oc3C)c2n1Cc1ccc(-c2ccccc2-c2noc(=O)[n-]2)cc1.[K+],"AZILSARTAN KAMEDOXOMIL",4,606.63,approved
CHEMBL2103802,CCOc1ccc(Cc2cc([C@@H]3O[C@H](CO)[C@@H](O)[C@H](O)[C@H]3O)ccc2Cl)cc1.C[C@H](O)CO.O,"DAPAGLIFLOZIN PROPANEDIOL",4,502.99,approved
CHEMBL2103822,CCC(=O)NC[C@@H]1C[C@H]1c1cccc2c1CCO2,TASIMELTEON,4,245.32,approved
CHEMBL2103827,N[C@H](C(=O)O)[C@H](O)c1ccc(O)c(O)c1,DROXIDOPA,4,213.19,approved
CHEMBL2103830,COc1cc(Nc2ncc(F)c(Nc3ccc4c(n3)N(COP(=O)(O)O)C(=O)C(C)(C)O4)n2)cc(OC)c1OC,FOSTAMATINIB,4,580.47,approved
CHEMBL2103837,O=C(O)c1ccc2nc(-c3cc(Cl)cc(Cl)c3)oc2c1,TAFAMIDIS,4,308.12,approved
CHEMBL2103844,NCCNc1ccc(NCCN)c2c1C(=O)c1ccncc1C2=O.O=C(O)/C=C\C(=O)O.O=C(O)/C=C\C(=O)O,"PIXANTRONE DIMALEATE",4,557.52,approved
CHEMBL2103846,CC(=O)[C@@]1(O)CC[C@H]2[C@@H]3CCC4=CC(=O)CCC4=C3[C@@H](c3ccc(N(C)C)cc3)C[C@@]21C,ULIPRISTAL,4,433.59,approved
CHEMBL2103855,Cc1ccn(-c2cc(Cl)ccc2[C@@H](Oc2cc(-c3ccc(C[C@H](N)C(=O)O)cc3)nc(N)n2)C(F)(F)F)n1,TELOTRISTAT,4,546.94,approved
CHEMBL2103868,COc1cc2nccc(Oc3ccc(NC(=O)C4(C(=O)Nc5ccc(F)cc5)CC4)cc3)c2cc1OC.O=C(O)C[C@H](O)C(=O)O,"CABOZANTINIB S-MALATE",4,635.6,approved
CHEMBL2103870,Cc1ccc(NC(=O)C2(c3ccc4c(c3)OC(F)(F)O4)CC2)nc1-c1cccc(C(=O)O)c1,LUMACAFTOR,4,452.41,approved
CHEMBL2103872,Cn1c(N)c(NC(=O)NCCN)c[n+]1CC1=C(C(=O)O)N2C(=O)[C@@H](NC(=O)/C(=N\OC(C)(C)C(=O)[O-])c3nsc(N)n3)[C@H]2SC1,CEFTOLOZANE,4,666.7,approved
CHEMBL2103873,CCCNS(=O)(=O)Nc1ncnc(OCCOc2ncc(Br)cn2)c1-c1ccc(Br)cc1,MACITENTAN,4,588.28,approved
CHEMBL2103875,CC(=O)Nc1cccc(-n2c(=O)n(C3CC3)c(=O)c3c(Nc4ccc(I)cc4F)n(C)c(=O)c(C)c32)c1,TRAMETINIB,4,615.4,approved
CHEMBL2103877,C=C1CCN([C@H](C)[C@](O)(Cn2cncn2)c2ccc(F)cc2F)CC1,EFINACONAZOLE,4,348.4,approved
CHEMBL2103883,O=C(Nc1nc(-c2cc(Cl)cs2)c(N2CCN(C3CCCCC3)CC2)s1)c1cnc(N2CCC(C(=O)O)CC2)c(Cl)c1,AVATROMBOPAG,4,649.67,approved
CHEMBL2103929,CN(C)[C@@H]1C(O)=C(C(=O)NCNCCCC[C@H](N)C(=O)O)C(=O)[C@@]2(O)C(O)=C3C(=O)c4c(O)cccc4[C@@](C)(O)[C@H]3C[C@@H]12,LYMECYCLINE,4,602.64,approved
CHEMBL2104045,CCOCCOC(=O)/C=C/c1ccc(OC)cc1,CINOXATE,4,250.29,approved
CHEMBL2104095,C[N+](C)(C)CCO.O=C([O-])c1ccccc1O,"CHOLINE SALICYLATE",4,241.29,approved
CHEMBL2104136,CN(C)CCCC1c2ccccc2Nc2ccc(Cl)cc21.O=P(O)(O)O,"CLOMACRAN PHOSPHATE",4,398.83,approved
CHEMBL2104251,C=C(C#N)C(=O)OCCCC,ENBUCRILATE,4,153.18,approved
CHEMBL2104287,CN(C)CCN1C(=O)c2ccccc2N(C)c2ccccc21.Cl,"DIBENZEPIN HYDROCHLORIDE",4,331.85,approved
CHEMBL2104356,CC1=CC(=O)N2CC(=O)N(C)c3ccc(Cl)cc3C2(c2ccccc2)O1,KETAZOLAM,4,368.82,approved
CHEMBL2104445,CCOc1c(N)c2c(c(OCC)c1OCC)C(C1c3c(cc4c(c3OC)OCO4)CCN1C)OC2=O,TRITOQUALINE,4,500.55,approved
CHEMBL2104489,CC(=O)O[C@]1(C(C)=O)CCC2[C@@H]3C[C@H](C)C4=CCCC[C@]4(C)[C@H]3CC[C@@]21C,"ANAGESTONE ACETATE",4,372.55,approved
CHEMBL2104537,COc1cc(C(=O)OC(COCCC(C)C)CN2CCOCC2)cc(OC)c1OC,AMOPROXAN,4,425.52,approved
CHEMBL2104607,CCN(CC)C(=O)c1cccnc1,NIKETHAMIDE,4,178.24,approved
CHEMBL2104613,CC(C)(C)CC(C)(C)c1ccc(OCCOCCOCCOCCOCCOCCOCCO)cc1,"OCTOXYNOL 9",4,514.7,approved
CHEMBL2104771,Cl.Cn1c(=O)c2c(ncn2CCCNCC(O)c2cc(O)cc(O)c2)n(C)c1=O,"REPROTEROL HYDROCHLORIDE",4,425.87,approved
CHEMBL2104793,CCCC(C(=O)c1ccc(C)cc1)N1CCCC1.Cl,"PYROVALERONE HYDROCHLORIDE",4,281.83,approved
CHEMBL2104973,COc1ccc2c(c1)N(C[C@H](C)CN(C)C)c1ccccc1S2.Cl,"LEVOMEPROMAZINE HYDROCHLORIDE",4,364.94,approved
CHEMBL2104993,Cc1ccc(Sc2ccccc2N2CCNCC2)c(C)c1,VORTIOXETINE,4,298.46,approved
CHEMBL2105002,CC(CC(C#N)(c1ccccc1)C(C)C)N(C)C,ISOAMINILE,4,244.38,approved
CHEMBL2105023,O=C1/C(=C2\Nc3ccc(S(=O)(=O)[O-])cc3C2=O)Nc2ccc(S(=O)(=O)[O-])cc21.[Na+].[Na+],"INDIGOTINDISULFONATE SODIUM",4,466.36,approved
CHEMBL2105131,CN(CC1(C)CCCO1)S(=O)(=O)c1ccc(Cl)c(S(N)(=O)=O)c1,MEFRUSIDE,4,382.89,approved
CHEMBL2105224,CN1CC[C@]23c4c5ccc(OCCN6CCOCC6)c4O[C@H]2[C@@H](O)C=C[C@H]3[C@H]1C5,PHOLCODINE,4,398.5,approved
CHEMBL2105233,C=CCC1(CC(C)O)C(=O)NC(=O)NC1=O,PROXIBARBAL,4,226.23,approved
CHEMBL2105248,O=C([O-])[C@H](O)[C@@H](O)C(=O)O.[K+],"POTASSIUM BITARTRATE",4,188.18,approved
CHEMBL2105345,CCCOC(=O)Cc1ccc(OCC(=O)N(CC)CC)c(OC)c1,PROPANIDID,4,337.42,approved
CHEMBL2105395,OCCOc1ccc(/C(=C(/CCCl)c2ccccc2)c2ccccc2)cc1,OSPEMIFENE,4,378.9,approved
CHEMBL2105420,O=S1(=O)CCN(CN2CCS(=O)(=O)NC2)CN1,TAUROLIDINE,4,284.36,approved
CHEMBL2105458,CN1CCC(N(Cc2cccs2)c2ccccc2)CC1,THENALIDINE,4,286.44,approved
CHEMBL2105527,CN1C(=O)CN=C(C2=CCCCC2)c2cc(Cl)ccc21,TETRAZEPAM,4,288.78,approved
CHEMBL2105581,C=CCN1CCCC1CNC(=O)c1cc(S(N)(=O)=O)cc(OC)c1OC,VERALIPRIDE,4,383.47,approved
CHEMBL2105611,C=C1/C(=C\C=C2/CCC[C@]3(C)[C@@H]([C@H](C)CC[C@@H](O)C(C)C)CC[C@@H]23)C[C@@H](O)C[C@@H]1O,TACALCITOL,4,416.65,approved
CHEMBL2105612,CCC(Oc1ccccc1)C(=O)N[C@@H]1C(=O)N2[C@@H]1SC(C)(C)[C@@H]2C(=O)O,PROPICILLIN,4,378.45,approved
CHEMBL2105613,CCCC(CCC)C(=O)O.CCCC(CCC)C(=O)[O-].[Na+],"DIVALPROEX SODIUM",4,310.41,approved
CHEMBL2105614,CC1(O)CCC(C(C)(C)O)CC1.O,"TERPIN HYDRATE",4,190.28,approved
CHEMBL2105618,C=CC[C@]1(O)CC[C@H]2[C@@H]3CCC4=CCCCC4[C@H]3CC[C@@]21C,ALLYLESTRENOL,4,300.49,approved
CHEMBL2105637,Nc1nc(-n2cc(C(=O)O)c(=O)c3cc(F)c(N4CC(O)C4)c(Cl)c32)c(F)cc1F,DELAFLOXACIN,4,440.77,approved
CHEMBL2105638,CNC[C@H](O)[C@@H](O)[C@H](O)[C@H](O)CO.Nc1nc(-n2cc(C(=O)O)c(=O)c3cc(F)c(N4CC(O)C4)c(Cl)c32)c(F)cc1F,"DELAFLOXACIN MEGLUMINE",4,635.98,approved
CHEMBL2105648,CC1(C)CCC(C)(C)c2cc(Cn3cccn3)c(/C=C/c3ccc(C(=O)O)cc3)cc21,PALOVAROTENE,4,414.55,approved
CHEMBL2105669,Cn1nnc(-c2ccc(-c3ccc(N4C[C@H](COP(=O)(O)O)OC4=O)cc3F)cn2)n1,"TEDIZOLID PHOSPHATE",4,450.32,approved
CHEMBL2105675,CNC[C@H](O)[C@@H](O)[C@H](O)[C@H](O)CO.O=C(O)c1ccc2nc(-c3cc(Cl)cc(Cl)c3)oc2c1,"TAFAMIDIS MEGLUMINE",4,503.34,approved
CHEMBL2105684,Cn1cnc2c(F)c(Nc3ccc(Br)cc3Cl)c(C(=O)NOCCO)cc21.O=S(=O)(O)O,"SELUMETINIB SULFATE",4,555.77,approved
CHEMBL2105689,N#C/C(=C1/SC[C@@H](c2ccc(Cl)cc2Cl)S1)n1ccnc1,LULICONAZOLE,4,354.29,approved
CHEMBL2105695,CCOC(=O)[C@@H](N)Cc1ccc(-c2cc(O[C@H](c3ccc(Cl)cc3-n3ccc(C)n3)C(F)(F)F)nc(N)n2)cc1,"TELOTRISTAT ETHYL",4,574.99,approved
CHEMBL2105700,COc1nc2ccc(Br)cc2cc1[C@@H](c1ccccc1)[C@@](O)(CCN(C)C)c1cccc2ccccc12.O=C(O)/C=C/C(=O)O,"BEDAQUILINE FUMARATE",4,671.59,approved
CHEMBL2105704,COc1cc2nccc(Oc3ccc(NC(=O)NC4CC4)c(Cl)c3)c2cc1C(N)=O.CS(=O)(=O)O,"LENVATINIB MESYLATE",4,522.97,approved
CHEMBL2105708,Cc1ccc(C(=O)Nc2ccc(CN3CCN(C)CC3)c(C(F)(F)F)c2)cc1C#Cc1cnc2cccnn12.Cl,"PONATINIB HYDROCHLORIDE",4,569.03,approved
CHEMBL2105709,CC(C)(C)c1cc(NC(=O)Nc2ccc(-c3cn4c(n3)sc3cc(OCCN5CCOCC5)ccc34)cc2)no1.Cl.Cl,"QUIZARTINIB DIHYDROCHLORIDE",4,633.6,approved
CHEMBL2105711,CCc1ccc(Cc2ccc3c(c2)[C@]2(OC3)O[C@H](CO)[C@@H](O)[C@H](O)[C@H]2O)cc1.O,TOFOGLIFLOZIN,4,404.46,approved
CHEMBL2105717,COc1cc2nccc(Oc3ccc(NC(=O)C4(C(=O)Nc5ccc(F)cc5)CC4)cc3)c2cc1OC,CABOZANTINIB,4,501.51,approved
CHEMBL2105719,COc1cc2ncnc(Nc3ccc(F)c(Cl)c3)c2cc1NC(=O)/C=C/CN1CCCCC1.O,DACOMITINIB,4,487.96,approved
CHEMBL2105720,O=C(O)CSc1nnc(Br)n1-c1ccc(C2CC2)c2ccccc12,LESINURAD,4,404.29,approved
CHEMBL2105722,CC(=O)[C@@]1(O)CC[C@H]2[C@@H]3C=C(C)C4=CC(=O)CC[C@@H]4[C@H]3CC[C@@]21C,NOMEGESTROL,4,328.45,approved
CHEMBL2105729,CC(C)(C)c1nc(-c2cccc(NS(=O)(=O)c3c(F)cccc3F)c2F)c(-c2ccnc(N)n2)s1.CS(=O)(=O)O,"DABRAFENIB MESYLATE",4,615.68,approved
CHEMBL2105732,CCN(CC)C(=O)[C@@]1(c2ccccc2)C[C@H]1CN.Cl,"LEVOMILNACIPRAN HYDROCHLORIDE",4,282.81,approved
CHEMBL2105737,Cc1c(C(=O)Nc2ccc(N3C[C@@H](C)O[C@@H](C)C3)nc2)cccc1-c1ccc(OC(F)(F)F)cc1,SONIDEGIB,4,485.51,approved
CHEMBL2105740,Cc1cc2c(cc1CC(=O)c1sccc1S(=O)(=O)[N-]c1onc(C)c1Cl)OCO2.[Na+],"SITAXENTAN SODIUM",4,476.9,approved
CHEMBL2105741,CC(=O)Nc1cccc(-n2c(=O)n(C3CC3)c(=O)c3c(Nc4ccc(I)cc4F)n(C)c(=O)c(C)c32)c1.C[S+](C)[O-],"TRAMETINIB DIMETHYL SULFOXIDE",4,693.54,approved
CHEMBL2105743,COc1ccc(CC(C)(C)NC[C@H](O)c2cc(O)cc3c2OCC(=O)N3)cc1.Cl,"OLODATEROL HYDROCHLORIDE",4,422.91,approved
CHEMBL2105745,O=C(CCCc1ccccc1)OCC(COC(=O)CCCc1ccccc1)OC(=O)CCCc1ccccc1,"GLYCEROL PHENYLBUTYRATE",4,530.66,approved
CHEMBL2105748,COCCCN1CCC(NC(=O)c2cc(Cl)c(N)c3c2OCC3)CC1.O=C(O)CCC(=O)O,"PRUCALOPRIDE SUCCINATE",4,485.97,approved
CHEMBL2105749,NC(=O)c1ccc2c(c1O)[C@]13CCN(CC4CC4)[C@H](C2)[C@]1(O)CCC(=O)C3.O=C(O)C[C@H](O)C(=O)O,"SAMIDORPHAN L-MALATE",4,504.54,approved
CHEMBL2105754,Cn1c(=O)cc(N2CCC[C@@H](N)C2)n(Cc2cc(F)ccc2C#N)c1=O.O=C(O)CCC(=O)O,"TRELAGLIPTIN SUCCINATE",4,475.48,approved
CHEMBL2105755,CC(C)(NC(=O)C1=C(O)[C@@H]2Oc3c(O)ccc4c3[C@@]23CCN(CC2CC2)[C@H](C4)[C@]3(O)C1)c1nc(-c2ccccc2)no1,NALDEMEDINE,4,570.65,approved
CHEMBL2105756,COc1cc2nccc(Oc3ccc(NC(=O)Nc4cc(C)on4)c(Cl)c3)c2cc1OC.Cl.O,"TIVOZANIB HYDROCHLORIDE",4,509.35,approved
CHEMBL2105759,CCS(=O)(=O)N1CC(CC#N)(n2cc(-c3ncnc4[nH]ccc34)cn2)C1,BARICITINIB,4,371.43,approved
CHEMBL2105760,O=c1ccc2ccc(OCCCCN3CCN(c4cccc5sccc45)CC3)cc2[nH]1,BREXPIPRAZOLE,4,433.58,approved
CHEMBL2105762,CS(=O)(=O)n1cc2c(n1)CN([C@H]1CO[C@H](c3cc(F)ccc3F)[C@@H](N)C1)C2,OMARIGLIPTIN,4,398.44,approved
CHEMBL2105774,CCCCCCCCCCCCCCCCCC(=O)OCC(=O)OCC(=O)[C@@]1(O)CC[C@H]2[C@@H]3CCC4=CC(=O)C=C[C@]4(C)[C@H]3[C@@H](O)C[C@@]21C,"PREDNISOLONE STEAGLATE",4,684.95,approved
CHEMBL2105827,CC(I)C1OCC(CO)O1,"GLYCEROL, IODINATED",4,258.05,approved
CHEMBL2105842,CC(=O)OCC(=O)[C@@]1(O)[C@H](C)C[C@H]2[C@@H]3C=C(C)C4=Cc5c(cnn5-c5ccccc5)C[C@]4(C)[C@H]3[C@@H](O)C[C@@]21C,CORTIVAZOL,4,530.67,approved
CHEMBL2105891,CNC(=O)Oc1ccc2c(c1)[C@]1(C)CCN(C)[C@@H]1N2C.CNC(=O)Oc1ccc2c(c1)[C@]1(C)CCN(C)[C@@H]1N2C.O=S(=O)(O)O,"PHYSOSTIGMINE SULFATE",4,648.78,approved
CHEMBL2105897,O=S(=O)([O-])[O-].[Ba+2],"BARIUM SULFATE",4,233.39,approved
CHEMBL2105904,CCC1(CC)C(=O)[N-]C(=O)NC1=O.[Na+],"BARBITAL SODIUM",4,206.18,approved
CHEMBL2105941,CCC1(CCC(C)C)C(=O)N=C([O-])NC1=O.[Na+],"AMOBARBITAL SODIUM",4,248.26,approved
CHEMBL2105950,CC1(C)S[C@@H]2[C@H](NC(=O)[C@H](N)c3ccc(O)cc3)C(=O)N2[C@H]1C(=O)[O-].[Na+],"AMOXICILLIN SODIUM",4,387.39,approved
CHEMBL2105970,N.O=C(O)c1ccccc1,"AMMONIUM BENZOATE",4,139.15,approved
CHEMBL2105972,CC[N+](C)(C)CCC(C(N)=O)(c1ccccc1)c1ccccc1.[Br-],"AMBUTONIUM BROMIDE",4,391.35,approved
CHEMBL2105980,CN(C)CCOC(C)(c1ccccc1)c1ccc(Cl)cc1.Cl,"CHLORPHENOXAMINE HYDROCHLORIDE",4,340.29,approved
CHEMBL2105996,CC1(C)S[C@@H]2[C@H](NC(=O)C(C(=O)Oc3ccccc3)c3ccccc3)C(=O)N2[C@H]1C(=O)[O-].[Na+],"CARBENICILLIN PHENYL SODIUM",4,476.49,approved
CHEMBL2106076,CO/N=C(\C(=O)N[C@@H]1C(=O)N2C(C(=O)[O-])=C(C[n+]3cccc4c3CCC4)CS[C@H]12)c1csc(N)n1.O=S(=O)(O)O,"CEFPIROME SULFATE",4,612.67,approved
CHEMBL2106111,CC(O)C(=O)[O-].CC(O)C(=O)[O-].[Ca+2],"CALCIUM LACTATE",4,218.22,approved
CHEMBL2106119,O=C([O-])[C@H](O)[C@@H](O)[C@H](O)[C@H](O)CO.O=C([O-])[C@H](O)[C@@H](O)[C@H](O)[C@H](O)CO.[Ca+2],"CALCIUM GLUCONATE",4,430.37,approved
CHEMBL2106122,CC[N+](C)(C)C(C)CC(c1ccccc1)c1ccccc1.[Br-],"EMEPRONIUM BROMIDE",4,362.36,approved
CHEMBL2106123,O=C([O-])CC(O)(CC(=O)[O-])C(=O)[O-].O=C([O-])CC(O)(CC(=O)[O-])C(=O)[O-].[Ca+2].[Ca+2].[Ca+2],"CALCIUM CITRATE",4,498.43,approved
CHEMBL2106155,COc1ccc(C(=O)Nc2ccccc2CCC2CCCCN2C)cc1.Cl,"ENCAINIDE HYDROCHLORIDE",4,388.94,approved
CHEMBL2106191,O=S(=O)([O-])c1cc(O)ccc1O.O=S(=O)([O-])c1cc(O)ccc1O.[Ca+2],"CALCIUM DOBESILATE",4,418.41,approved
CHEMBL2106195,Cc1cccc([C@H](C)c2c[nH]cn2)c1C.Cl,"DEXMEDETOMIDINE HYDROCHLORIDE",4,236.75,approved
CHEMBL2106217,CCNC(C)Cc1cccc(C(F)(F)F)c1.Cl,"FENFLURAMINE HYDROCHLORIDE",4,267.72,approved
CHEMBL2106313,CC[N+](C)(C)CCOC(=O)C(O)(c1ccccc1)c1ccccc1.[Cl-],"LACHESINE CHLORIDE",4,363.88,approved
CHEMBL2106318,CNC(=O)c1c(I)c(NC(C)=O)c([125I])c(C(=O)[O-])c1[125I].[Na+],"IOTHALAMATE SODIUM I 125",4,631.9,approved
CHEMBL2106419,COC(=O)C1=C(C)NC(C)=C(C(=O)OC(C)(C)CN(C)CCC(c2ccccc2)c2ccccc2)C1c1cccc([N+](=O)[O-])c1.Cl,"LERCANIDIPINE HYDROCHLORIDE",4,648.2,approved
CHEMBL2106441,CNC(=S)NCO,NOXYTIOLIN,4,120.18,approved
CHEMBL2106483,CCOc1ccccc1OCC1CNCCO1.Cl,"VILOXAZINE HYDROCHLORIDE",4,273.76,approved
CHEMBL2106556,CCC1(C2=CCCCC2)C(=O)[N-]C(=O)NC1=O.CCC1(C2=CCCCC2)C(=O)[N-]C(=O)NC1=O.[Ca+2],"CYCLOBARBITAL CALCIUM",4,510.6,approved
CHEMBL2106574,CN(C)[C@@H](CCOc1cccc2ccccc12)c1ccccc1.Cl,"DAPOXETINE HYDROCHLORIDE",4,341.88,approved
CHEMBL2106615,CC(=O)O.Cc1c(-c2ccc(O)cc2)n(Cc2ccc(OCCN3CCCCCC3)cc2)c2ccc(O)cc12,"BAZEDOXIFENE ACETATE",4,530.67,approved
CHEMBL2106627,CC(=O)Oc1ccc2c3c1O[C@H]1[C@@H](OC(C)=O)C=C[C@H]4[C@@H](C2)N(C)CC[C@@]341.Cl,"DIACETYLMORPHINE HYDROCHLORIDE",4,405.88,approved
CHEMBL2106636,CCCCNCC(O)c1ccc(O)cc1.CCCCNCC(O)c1ccc(O)cc1.O=S(=O)(O)O,"BAMETHAN SULFATE",4,516.66,approved
CHEMBL2106638,CN(CCCN1c2ccccc2CCc2ccccc21)CC(=O)c1ccc(Cl)cc1.Cl,"LOFEPRAMINE HYDROCHLORIDE",4,455.43,approved
CHEMBL2106643,COc1c(C)c2c(c(O)c1C/C=C(\C)CCC(=O)[O-])C(=O)OC2.[Na+],"MYCOPHENOLATE SODIUM",4,342.32,approved
CHEMBL2106660,C1CNCCN1.Cn1c(=O)c2c(ncn2CC(=O)O)n(C)c1=O.Cn1c(=O)c2c(ncn2CC(=O)O)n(C)c1=O,"ACEFYLLINE PIPERAZINE",4,562.54,approved
CHEMBL2106678,CCN(C)C(C)C(O)c1ccccc1.Cl,"ETAFEDRINE HYDROCHLORIDE",4,229.75,approved
CHEMBL2106739,COS(=O)(=O)[O-].C[N+]1(C)CCCC1COC(=O)C(O)(c1ccccc1)c1ccccc1,"POLDINE METHYLSULFATE",4,451.54,approved
CHEMBL2106794,NC(=O)N/N=C1\C=Cc2ccccc2C1=O,NAFTAZONE,4,215.21,approved
CHEMBL2106825,CC(=O)[C@@]1(C)CC[C@H]2[C@@H]3C=C(C)C4=CC(=O)CC[C@]4(C)[C@H]3CC[C@@]21C,MEDROGESTONE,4,340.51,approved
CHEMBL2106829,Cc1ccccc1-n1c(C)nc2ccccc2c1=O.Cl,"METHAQUALONE HYDROCHLORIDE",4,286.76,approved
CHEMBL2106915,COc1cc2c(cc1OC)C(CCc1ccc(Cl)cc1)N(C)CC2,METHOPHOLINE,4,345.87,approved
CHEMBL2106922,Cc1ncc2n1-c1ccc(Cl)cc1C(c1ccccc1F)=NC2.O=C(O)/C=C\C(=O)O,"MIDAZOLAM MALEATE",4,441.85,approved
CHEMBL2106939,CCCCCCNC(=N)NC(=N)N,POLIHEXANIDE,4,185.27,approved
CHEMBL2106978,O=C([O-])[C@H](O)[C@@H](O)[C@H](O)[C@H](O)CO.[K+],"POTASSIUM GLUCONATE",4,234.25,approved
CHEMBL2106988,CC(=O)OCOC(=O)[C@@H]1N2C(=O)[C@@H](NC(=O)Cc3ccccc3)[C@H]2SC1(C)C,PENAMECILLIN,4,406.46,approved
CHEMBL2107004,C[C@]12CC[C@@H]3c4ccc(OC5CCCC5)cc4CC[C@H]3[C@@H]1C[C@@H](O)[C@@H]2O,QUINESTRADOL,4,356.51,approved
CHEMBL2107011,COc1cc2[nH]c(C)c(CCN3CCN(c4ccccc4)CC3)c2cc1OC,OXYPERTINE,4,379.5,approved
CHEMBL2107062,CCC(C(=O)NC(N)=O)c1ccccc1,PHENETURIDE,4,206.25,approved
CHEMBL2107067,CCCCCCCCCCC(=O)O[C@H]1CC[C@H]2[C@@H]3CCC4=CC(=O)CC[C@]4(C)[C@H]3CC[C@]12C,"TESTOSTERONE UNDECANOATE",4,456.71,approved
CHEMBL2107124,CN(C)CCCN1c2ccccc2Sc2cccnc21.Cl,"PROTHIPENDYL HYDROCHLORIDE",4,321.88,approved
CHEMBL2107145,O=C([O-])[C@H](O)[C@@H](O)[C@H](O)[C@H](O)CO.O=C([O-])[C@H](O)[C@@H](O)[C@H](O)[C@H](O)CO.[Mg+2],"MAGNESIUM GLUCONATE",4,414.6,approved
CHEMBL2107168,O.O.O.O.O=C([O-])[C@H](O)[C@@H](O)C(=O)[O-].[K+].[Na+],"POTASSIUM SODIUM TARTRATE",4,282.22,approved
CHEMBL2107175,N#Cc1c(N(CC(=O)O)CC(=O)O)sc(C(=O)O)c1CC(=O)O,"RANELIC ACID",4,342.29,approved
CHEMBL2107213,CN1CCC2=C(C1)C(c1ccccc1)c1ccccc12.O=C(O)C(O)C(O)C(=O)O,"PHENINDAMINE TARTRATE",4,411.45,approved
CHEMBL2107239,CC(=O)Nc1c(I)c(C(=O)O)c(I)c(C(=O)NCCO)c1I,"IOXITALAMIC ACID",4,643.94,approved
CHEMBL2107253,COc1cc([N-]S(=O)(=O)c2ccc(N)cc2)nc(OC)n1.[Na+],"SULFADIMETHOXINE SODIUM",4,332.32,approved
CHEMBL2107297,Br.CC1C2Cc3ccc(O)cc3C1(C)CCN2CCc1ccccc1,"PHENAZOCINE HYDROBROMIDE",4,402.38,approved
CHEMBL2107333,COC(=O)/C=C/C(=O)OC,"DIMETHYL FUMARATE",4,144.13,approved
CHEMBL2107355,Cl.OC[C@H]1NC[C@H](O)[C@@H](O)[C@H]1O,"MIGALASTAT HYDROCHLORIDE",4,199.63,approved
CHEMBL2107360,CCCCCCCCCCCCCCCC(=O)OC1CCCn2c1nc(C)c(CCN1CCC(c3noc4cc(F)ccc34)CC1)c2=O,"PALIPERIDONE PALMITATE",4,664.91,approved
CHEMBL2107381,CC(=O)OC[C@H]1O[C@@H](n2ccc(=O)[nH]c2=O)[C@H](OC(C)=O)[C@@H]1OC(C)=O,"URIDINE TRIACETATE",4,370.31,approved
CHEMBL2107383,COc1ccc(CCO[C@@H]2CCCC[C@H]2N2CC[C@@H](O)C2)cc1OC.Cl,"VERNAKALANT HYDROCHLORIDE",4,385.93,approved
CHEMBL2107386,CCOC(=O)N[C@@H]1CC[C@@H]2[C@@H](C1)C[C@H]1C(=O)O[C@H](C)[C@H]1[C@H]2/C=C/c1ccc(-c2cccc(F)c2)cn1.O=S(=O)(O)O,"VORAPAXAR SULFATE",4,590.67,approved
CHEMBL2107387,Br.Cc1ccc(Sc2ccccc2N2CCNCC2)c(C)c1,"VORTIOXETINE HYDROBROMIDE",4,379.37,approved
CHEMBL2107389,CCCCCC(=O)O[C@]1(C(C)=O)CC[C@H]2[C@@H]3CCC4=CC(=O)CC[C@@H]4[C@H]3CC[C@@]21C,"GESTONORONE CAPROATE",4,414.59,approved
CHEMBL2107430,Fc1ccc(C(c2ccccc2)(c2ccccc2F)n2ccnc2)cc1,FLUTRIMAZOLE,4,346.38,approved
CHEMBL2107495,CC1CN(c2cc3c(cc2F)c(=O)c(C(=O)O)cn3-c2ccc(F)cc2F)CCN1.Cl,"TEMAFLOXACIN HYDROCHLORIDE",4,453.85,approved
CHEMBL2107525,O=[32P]([O-])([O-])O.[Na+].[Na+],"SODIUM PHOSPHATE P 32",4,142.96,approved
CHEMBL2107560,O.O.O=P([O-])([O-])O.[Na+].[Na+],"SODIUM PHOSPHATE, DIBASIC",4,177.99,approved
CHEMBL2107567,O=P([O-])([O-])O.[Ca+2],"CALCIUM PHOSPHATE, DIBASIC",4,136.06,approved
CHEMBL2107606,CCC(=O)C(CC(C)N1CCCCC1)(c1ccccc1)c1ccccc1.Cl,"DIPIPANONE HYDROCHLORIDE",4,385.98,approved
CHEMBL2107679,CC1(C)S[C@@H]2[C@H](NC(=O)Cc3ccccc3)C(=O)N2[C@H]1C(=O)O.c1ccc(CCNCc2ccccc2)cc1,"BENETHAMINE PENICILLIN",4,545.71,approved
CHEMBL2107703,Clc1ccc(C(Cn2ccnc2)OCc2ccc(Sc3ccccc3)cc2)c(Cl)c1.O=[N+]([O-])O,"FENTICONAZOLE NITRATE",4,518.42,approved
CHEMBL2107797,C#CC1(O)CC[C@H]2[C@@H]3CCC4=CC(=O)CC[C@@H]4[C@H]3CC[C@@]21CC,NORGESTREL,4,312.45,approved
CHEMBL2107815,CCCCC[C@H](O)CC[C@@H]1[C@H]2Cc3cccc(OCC(=O)O)c3C[C@H]2C[C@H]1O.OCCNCCO,"TREPROSTINIL DIOLAMINE",4,495.66,approved
CHEMBL2107816,Cl[223Ra]Cl,"RADIUM RA 223 DICHLORIDE",4,293.92,approved
CHEMBL2107817,NC(=O)[C@@H]1CC[C@@H]2CN1C(=O)N2OS(=O)(=O)[O-].[Na+],"AVIBACTAM SODIUM",4,287.23,approved
CHEMBL2107825,CC(C)OC(=O)[C@H](C)N[P@](=O)(CO[C@H](C)Cn1cnc2c(N)ncnc21)Oc1ccccc1,"TENOFOVIR ALAFENAMIDE",4,476.47,approved
CHEMBL2107826,O=C(Nc1ccc(C[C@@H]2CC[C@H]([C@H](O)c3ccccc3)N2)cc1)[C@@H]1CCc2nccc(=O)n21,VIBEGRON,4,444.54,approved
CHEMBL2107830,OC[C@H]1O[C@@H](c2ccc(Cl)c(Cc3ccc(O[C@H]4CCOC4)cc3)c2)[C@H](O)[C@@H](O)[C@@H]1O,EMPAGLIFLOZIN,4,450.92,approved
CHEMBL2107831,CCCCCCO[C@@H](C)c1cccc(-c2csc(NC(=O)c3cc(Cl)c(/C=C(\C)C(=O)O)c(Cl)c3)n2)c1OC,LUSUTROMBOPAG,4,591.56,approved
CHEMBL2107834,COC(=O)N(C)c1c(N)nc(-c2nn(Cc3ccccc3F)c3ncccc23)nc1N,RIOCIGUAT,4,422.42,approved
CHEMBL2109882,O=[Si](O)O[Si](O)(O)O[Si](=O)O,TRISILICATE,4,216.28,approved
CHEMBL2110367,COc1cc(Cc2cnc(N)nc2N)cc(OC)c1OC.COc1cc(Cc2cnc(N)nc2N)cc(OC)c1OC.O=S(=O)(O)O,"TRIMETHOPRIM SULFATE",4,678.73,approved
CHEMBL2110368,C/N=C(\NC)NCc1ccccc1.C/N=C(\NC)NCc1ccccc1.O=S(=O)(O)O,"BETHANIDINE SULFATE",4,452.58,approved
CHEMBL2110372,CNC(=C[N+](=O)[O-])NCCSCc1ccc(CN(C)C)o1.Cl,"RANITIDINE HYDROCHLORIDE",4,350.87,approved
CHEMBL2110557,[Cl-].[Rb+],"RUBIDIUM CHLORIDE",4,120.92,approved
CHEMBL2110588,CCCCCCCC(=O)N[C@H](CN1CCCC1)[C@H](O)c1ccc2c(c1)OCCO2,ELIGLUSTAT,4,404.55,approved
CHEMBL2110731,CCc1ccc(Cc2ccc3c(c2)[C@]2(OC3)O[C@H](CO)[C@@H](O)[C@H](O)[C@H]2O)cc1,"TOFOGLIFLOZIN ANHYDROUS",4,386.44,approved
CHEMBL2110732,COc1cc2ncnc(Nc3ccc(F)c(Cl)c3)c2cc1NC(=O)/C=C/CN1CCCCC1,"DACOMITINIB ANHYDROUS",4,469.95,approved
CHEMBL2110771,CC[N+](C)(C)CCC(C(N)=O)(c1ccccc1)c1ccccc1,AMBUTONIUM,4,311.45,approved
CHEMBL2110774,CN(C)CCOC(C)(c1ccccc1)c1ccc(Cl)cc1,CHLORPHENOXAMINE,4,303.83,approved
CHEMBL2110805,CC[N+](C)(C)C(C)CC(c1ccccc1)c1ccccc1,EMEPRONIUM,4,282.45,approved
CHEMBL2110816,CC(CC1c2ccccc2CCc2ccccc21)CN(C)C,BUTRIPTYLINE,4,293.45,approved
CHEMBL2110848,CC[N+](C)(C)CCOC(=O)C(O)(c1ccccc1)c1ccccc1,LACHESINE,4,328.43,approved
CHEMBL2110900,CN(C)[C@@H](CCOc1cccc2ccccc12)c1ccccc1,DAPOXETINE,4,305.42,approved
CHEMBL2110926,CCN(C)C(C)C(O)c1ccccc1,ETAFEDRINE,4,193.29,approved
CHEMBL2110948,C[N+]1(C)CCCC1COC(=O)C(O)(c1ccccc1)c1ccccc1,POLDINE,4,340.44,approved
CHEMBL2111030,CN(C)CCCN1c2ccccc2Sc2cccnc21,PROTHIPENDYL,4,285.42,approved
CHEMBL2111097,CCOC(=O)C1=C(COCCN)NC(C)=C(C(=O)OC)[C@@H]1c1ccccc1Cl,LEVAMLODIPINE,4,408.88,approved
CHEMBL2111101,CC(C)COc1ccc(CNC(=O)N(Cc2ccc(F)cc2)C2CCN(C)CC2)cc1,PIMAVANSERIN,4,427.56,approved
CHEMBL2111112,COc1ccc(CCO[C@@H]2CCCC[C@H]2N2CC[C@@H](O)C2)cc1OC,VERNAKALANT,4,349.47,approved
CHEMBL2111157,CCC(=O)C(CC(C)N1CCCCC1)(c1ccccc1)c1ccccc1,DIPIPANONE,4,349.52,approved
CHEMBL2111187,Cl[Ra]Cl,"RADIUM DICHLORIDE",4,296.91,approved
CHEMBL2134724,CC(C)[N+]1(C)[C@@H]2CC[C@H]1C[C@@H](OC(=O)C(CO)c1ccccc1)C2.O.[Br-],"IPRATROPIUM BROMIDE",4,430.38,approved
CHEMBL2138684,CN[C@@H]1CCc2[nH]c3ccc(C(N)=O)cc3c2C1.O.O=C(O)CCC(=O)O,"FROVATRIPTAN SUCCINATE",4,379.41,approved
CHEMBL2141296,CC(C)C[C@H](NC(=O)CNC(=O)c1cc(Cl)ccc1Cl)B(O)O,IXAZOMIB,4,361.03,approved
CHEMBL2142890,CC(=O)NC(CCC(=O)O)C(=O)O,ACEGLUMATE,4,189.17,approved
CHEMBL2145077,COc1cc2c(cc1OC)CC(=O)N(CCCN(C)C[C@H]1Cc3cc(OC)c(OC)cc31)CC2.Cl,"IVABRADINE HYDROCHLORIDE",4,505.06,approved
CHEMBL2146063,CN(C)[C@@H]1C(O)=C(C(N)=O)C(=O)[C@@]2(O)C(O)=C3C(=O)c4c(O)ccc(Cl)c4[C@@](C)(O)[C@H]3C[C@@H]12.Cl,"CHLORTETRACYCLINE HYDROCHLORIDE",4,515.35,approved
CHEMBL2146083,C=C[C@H]1CN2CC[C@H]1C[C@H]2[C@H](O)c1ccnc2ccc(OC)cc12.O=S(=O)(O)O.O=S(=O)(O)O,"QUININE BISULFATE",4,520.58,approved
CHEMBL2146088,C=C[C@H]1CN2CC[C@H]1C[C@H]2[C@H](O)c1ccnc2ccc(OC)cc12.Cl.Cl,"QUININE DIHYDROCHLORIDE",4,397.35,approved
CHEMBL2146102,CN[C@@H](C)[C@H](O)c1ccccc1.Cl,"EPHEDRINE HYDROCHLORIDE",4,201.7,approved
CHEMBL2146123,C=C1c2cccc(O)c2C(=O)C2=C(O)[C@]3(O)C(=O)C(C(N)=O)=C(O)[C@@H](N(C)C)[C@@H]3[C@@H](O)[C@H]12.Cl,"METHACYCLINE HYDROCHLORIDE",4,478.89,approved
CHEMBL2146124,CO/N=C(\C(=O)N[C@@H]1C(=O)N2C(C(=O)[O-])=C(COC(N)=O)CS[C@H]12)c1ccco1.[Na+],"CEFUROXIME SODIUM",4,446.37,approved
CHEMBL2146146,CN1[C@@H]2CC[C@H]1C[C@@H](OC(=O)C(CO)c1ccccc1)C2.O=S(=O)(O)O,"ATROPINE SULFATE",4,387.45,approved
CHEMBL2146883,O=C(c1ccc(F)c(F)c1Nc1ccc(I)cc1F)N1CC(O)([C@@H]2CCCCN2)C1,COBIMETINIB,4,531.32,approved
CHEMBL2147777,Cc1cc(N2CCN([C@@H]3CN[C@H](C(=O)N4CCSC4)C3)CC2)n(-c2ccccc2)n1,TENELIGLIPTIN,4,426.59,approved
CHEMBL2159122,COc1ccc(CN(C(=O)[C@@H](N)Cc2c(C)cc(C(N)=O)cc2C)[C@@H](C)c2ncc(-c3ccccc3)[nH]2)cc1C(=O)O,ELUXADOLINE,4,569.66,approved
CHEMBL2178422,N[C@@H]1c2cccnc2[C@H](OC(=O)N2CCC(n3c(=O)[nH]c4ncccc43)CC2)CC[C@H]1c1cccc(F)c1F,RIMEGEPANT,4,534.57,approved
CHEMBL2181927,CCOc1ncc(C)c2c1[C@H](c1ccc(C#N)cc1OC)C(C(N)=O)=C(C)N2,FINERENONE,4,378.43,approved
CHEMBL2205807,Cc1ccc(-c2ccc(C)cn2)nc1,ABAMETAPIR,4,184.24,approved
CHEMBL2216870,CC[C@H](Nc1ncnc2[nH]cnc12)c1nc2cccc(F)c2c(=O)n1-c1ccccc1,IDELALISIB,4,415.43,approved
CHEMBL2218861,CCCN1CC(NS(=O)(=O)N(CC)CC)CC2Cc3c(O)cccc3CC21,QUINAGOLIDE,4,395.57,approved
CHEMBL2218878,COc1cc(NCc2ccc3nc(N)nc(N)c3c2C)cc(OC)c1OC.O=C(O)[C@H]1O[C@H](O)[C@H](O)[C@@H](O)[C@@H]1O,"TRIMETREXATE GLUCURONATE",4,563.56,approved
CHEMBL2218894,CC(C)n1c(/C=C/C(O)CC(O)CC(=O)[O-])c(-c2ccc(F)cc2)c2ccccc21.[Na+],"FLUVASTATIN SODIUM",4,433.45,approved
CHEMBL2218896,CCCCCCC(C)(C)c1cc(O)c2c(c1)OC(C)(C)C1CCC(=O)CC21,NABILONE,4,372.55,approved
CHEMBL2218916,O=P([O-])([O-])[O-].O=P([O-])([O-])[O-].O=P([O-])([O-])[O-].[Ca+2].[Ca+2].[Ca+2].[Ca+2].[Ca+2].[OH-],DURAPATITE,4,502.31,approved
CHEMBL2218917,CC1OC2(CS1)CN1CCC2CC1.Cl.O,"CEVIMELINE HYDROCHLORIDE",4,253.79,approved
CHEMBL2219411,Cl.Cl.N#CCNC(=O)c1ccc(-c2ccnc(Nc3ccc(N4CCOCC4)cc3)n2)cc1,"MOMELOTINIB DIHYDROCHLORIDE",4,487.39,approved
CHEMBL2219414,CN(C)[C@@H]1C(O)=C(C(N)=O)C(=O)[C@@]2(O)C(O)=C3C(=O)c4c(O)c(NC(=O)CN5CCCC5)cc(F)c4C[C@H]3C[C@@H]12.Cl.Cl,"ERAVACYCLINE DIHYDROCHLORIDE",4,631.49,approved
CHEMBL2219418,C=CCN1CC[C@]23c4c5ccc(O)c4O[C@H]2[C@@H](OCCOCCOCCOCCOCCOCCOCCOC)CC[C@@]3(O)[C@H]1C5,NALOXEGOL,4,651.79,approved
CHEMBL2219425,CCCCCCCCCCCC(=O)OCN1C(=O)CCc2ccc(OCCCCN3CCN(c4cccc(Cl)c4Cl)CC3)cc21,"ARIPIPRAZOLE LAUROXIL",4,660.73,approved
CHEMBL2219640,[Cl-].[Cl-].[Sr+2],"STRONTIUM CHLORIDE",4,158.53,approved
CHEMBL2219738,O=C([O-])[C@H](O)[C@@H](O)C(=O)[O-].[K+].[Na+],"POTASSIUM SODIUM TARTRATE",4,210.16,approved
CHEMBL2220442,CC(C)n1c(/C=C/C(O)CC(O)CC(=O)O)c(-c2ccc(F)cc2)c2ccccc21,FLUVASTATIN,4,411.47,approved
CHEMBL2251240,Br.CN1[C@@H]2C[C@@H](OC(=O)[C@H](CO)c3ccccc3)C[C@H]1[C@@H]1O[C@@H]12.O.O.O,"SCOPOLAMINE HYDROBROMIDE",4,438.32,approved
CHEMBL2303613,CO/N=C(\C(=O)N[C@@H]1C(=O)N2C(C(=O)O)=C(CSc3nc(C)c(CC(=O)O)s3)CS[C@H]12)c1csc(N)n1,CEFODIZIME,4,584.68,approved
CHEMBL2308885,CCCC(=O)O[C@]1(C(=O)CCl)[C@H](C)C[C@@H]2[C@@H]3CCC4=CC(=O)C=C[C@]4(C)[C@]3(F)C(=O)C[C@@]21C,"CLOBETASONE BUTYRATE",4,478.99,approved
CHEMBL2325741,NC1(C(=O)N[C@@H](CCO)c2ccc(Cl)cc2)CCN(c2nc[nH]c3nccc2-3)CC1,CAPIVASERTIB,4,428.92,approved
CHEMBL2336071,CCc1cc(/C(C)=N/OCc2ccc(C3CCCCC3)c(C(F)(F)F)c2)ccc1CN1CC(C(=O)O)C1,SIPONIMOD,4,516.6,approved
CHEMBL2338329,Cc1nc(C(=O)NCC(=O)O)c(O)c2ccc(Oc3ccccc3)cc12,ROXADUSTAT,4,352.35,approved
CHEMBL2338675,Nc1nc(=O)c2c([nH]1)N[C@@H]1O[C@@H]3COP(=O)(O)O[C@@H]3C(O)(O)[C@@H]1N2,FOSDENOPTERIN,4,363.22,approved
CHEMBL2355051,CCN(CC)CCOc1ccc(C(=C(Cl)c2ccccc2)c2ccccc2)cc1,CLOMIPHENE,4,405.97,approved
CHEMBL2355333,CN(C)C/C=C(/c1ccc(Br)cc1)c1cccnc1.Cl.Cl.O,"ZIMELDINE HYDROCHLORIDE",4,408.17,approved
CHEMBL2355839,CNC(C)CCC=C(C)C.CNC(C)CCC=C(C)C.O=C(O)[C@@H](O)[C@H](O)[C@H](O)[C@@H](O)C(=O)O,"ISOMETHEPTENE MUCATE",4,492.65,approved
CHEMBL2356023,CC(C)[C@@H](C)/C=C/[C@@H](C)[C@H]1CC[C@H]2/C(=C/C=C3\C[C@@H](O)CC[C@@H]3C)CCC[C@]12C,DIHYDROTACHYSTEROL,4,398.68,approved
CHEMBL2356097,COCCc1ccc(OCC(O)CNC(C)C)cc1.COCCc1ccc(OCC(O)CNC(C)C)cc1.O=C(O)CCC(=O)O,"METOPROLOL SUCCINATE",4,652.83,approved
CHEMBL2358147,CCC(=O)c1ccc2c(c1)N(CCCN1CCN(CCO)CC1)c1ccccc1S2.O=C(O)/C=C\C(=O)O.O=C(O)/C=C\C(=O)O,"CARPHENAZINE MALEATE",4,657.74,approved
CHEMBL2359670,CCSc1ccc2c(c1)N(CCCN1CCN(C)CC1)c1ccccc1S2.O=C(O)CC(O)C(=O)O.O=C(O)CC(O)C(=O)O,"THIETHYLPERAZINE MALATE",4,667.8,approved
CHEMBL2360079,CC(=O)c1ccc2c(c1)N(CCCN1CCN(CCO)CC1)c1ccccc1S2.O=C(O)/C=C\C(=O)O.O=C(O)/C=C\C(=O)O,"ACETOPHENAZINE MALEATE",4,643.72,approved
CHEMBL2360464,Nc1nc2[nH]cc(CCc3ccc(C(=O)N[C@@H](CCC(=O)[O-])C(=O)[O-])cc3)c2c(=O)[nH]1.[Na+].[Na+],"PEMETREXED DISODIUM",4,471.38,approved
CHEMBL2360580,CC(C)(C)c1ccc(CN2CCN(C(c3ccccc3)c3ccc(Cl)cc3)CC2)cc1.Cl.Cl,"BUCLIZINE HYDROCHLORIDE",4,505.96,approved
CHEMBL2361370,CC(C)(C)NC[C@H](O)COc1ccccc1C1CCCC1.CC(C)(C)NC[C@H](O)COc1ccccc1C1CCCC1.O=S(=O)(O)O,"PENBUTOLOL SULFATE",4,680.95,approved
CHEMBL2364608,Cn1c(Cn2ccc(C(F)(F)F)c(Oc3cc(Cl)cc(C#N)c3)c2=O)n[nH]c1=O,DORAVIRINE,4,425.75,approved
CHEMBL2364609,CN[C@]1(c2ccccc2Cl)CCCCC1=O.Cl,"ESKETAMINE HYDROCHLORIDE",4,274.19,approved
CHEMBL2364612,O=C(CCC/C=C\C[C@@H]1[C@@H](CC[C@@H](O)CCc2ccccc2)[C@H](O)C[C@@H]1O)OCCCCO[N+](=O)[O-],"LATANOPROSTENE BUNOD",4,507.62,approved
CHEMBL2364617,CC(=O)O.CC(C)(N)C(=O)N[C@H](Cc1c[nH]c2ccccc12)C(=O)N[C@H](Cc1c[nH]c2ccccc12)NC=O,"MACIMORELIN ACETATE",4,534.62,approved
CHEMBL2364632,CON(C)Cc1ccc(O)c2c1C[C@H]1C[C@H]3[C@H](N(C)C)C(O)=C(C(N)=O)C(=O)[C@@]3(O)C(O)=C1C2=O,SARECYCLINE,4,487.51,approved
CHEMBL2364633,CON(C)Cc1ccc(O)c2c1C[C@H]1C[C@H]3[C@H](N(C)C)C(O)=C(C(N)=O)C(=O)[C@@]3(O)C(O)=C1C2=O.Cl,"SARECYCLINE HYDROCHLORIDE",4,523.97,approved
CHEMBL2364635,COc1cc(C)c2c(Oc3cccc(C(F)(F)F)c3)c(OC)cc(NC(C)CCCN)c2n1.O=C(O)CCC(=O)O,"TAFENOQUINE SUCCINATE",4,581.59,approved
CHEMBL2364638,C[C@@H]1[C@H](c2ccccc2)C[C@H](NC(=O)c2cnc3c(c2)C[C@@]2(C3)C(=O)Nc3ncccc32)C(=O)N1CC(F)(F)F,UBROGEPANT,4,549.55,approved
CHEMBL2364639,COc1cc2c(cc1OC)[C@H]1C[C@@H](OC(=O)[C@@H](N)C(C)C)[C@H](CC(C)C)CN1CC2,VALBENAZINE,4,418.58,approved
CHEMBL2364720,CC(Oc1ccccc1)C(=O)N[C@@H]1C(=O)N2[C@@H]1SC(C)(C)[C@@H]2C(=O)[O-].[K+],"PHENETHICILLIN POTASSIUM",4,402.51,approved
CHEMBL2368861,CO[C@@]12CC[C@@]3(C[C@@H]1[C@](C)(O)C(C)(C)C)[C@H]1Cc4ccc(O)c5c4[C@@]3(CCN1CC1CC1)[C@H]2O5.Cl,"BUPRENORPHINE HYDROCHLORIDE",4,504.11,approved
CHEMBL2368924,CS(=O)(=O)O.O.O=C(O[C@@H]1C[C@@H]2C[C@H]3C[C@H](C1)N2CC3=O)c1c[nH]c2ccccc12,"DOLASETRON MESYLATE",4,438.5,approved
CHEMBL2368925,O=C(O[C@@H]1C[C@@H]2C[C@H]3C[C@H](C1)N2CC3=O)c1c[nH]c2ccccc12,DOLASETRON,4,324.38,approved
CHEMBL2396661,Cc1nc(NC(=O)N2CCC[C@H]2C(N)=O)sc1-c1ccnc(C(C)(C)C(F)(F)F)c1,ALPELISIB,4,441.48,approved
CHEMBL2397415,Cc1cc(C[C@@H](NC(=O)N2CCC(c3cc4ccccc4[nH]c3=O)CC2)C(=O)N2CCN(C3CCN(C)CC3)CC2)cc2cn[nH]c12,ZAVEGEPANT,4,638.82,approved
CHEMBL2403108,Cc1cc(Nc2ncc(Cl)c(Nc3ccccc3S(=O)(=O)C(C)C)n2)c(OC(C)C)cc1C1CCNCC1,CERITINIB,4,558.15,approved
CHEMBL2403238,C[C@H]1CO[C@@H]2Cn3cc(C(=O)NCc4ccc(F)cc4F)c(=O)c(O)c3C(=O)N12,CABOTEGRAVIR,4,405.36,approved
CHEMBL2443262,COc1ccsc1CNCC[C@@]1(c2ccccn2)CCOC2(CCCC2)C1,OLICERIDINE,4,386.56,approved
CHEMBL3039502,C[C@H](Nc1ncnc2nc[nH]c12)c1cc2cccc(Cl)c2c(=O)n1-c1ccccc1,DUVELISIB,4,416.87,approved
CHEMBL3039504,CCS(=O)(=O)O.COC(=O)c1ccc2c(c1)NC(=O)/C2=C(\Nc1ccc(N(C)C(=O)CN2CCN(C)CC2)cc1)c1ccccc1,"NINTEDANIB ESYLATE",4,649.77,approved
CHEMBL3039507,CCOc1ccc(Cc2cc([C@@H]3O[C@H](SC)[C@@H](O)[C@H](O)[C@H]3O)ccc2Cl)cc1,SOTAGLIFLOZIN,4,424.95,approved
CHEMBL3039520,CN1CCC(C(=O)c2cccc(NC(=O)c3c(F)cc(F)cc3F)n2)CC1,LASMIDITAN,4,377.37,approved
CHEMBL3039567,O.O=P(O)(O)OCC([O-])C[O-].[Na+].[Na+],"SODIUM GLYCEROPHOSPHATE",4,234.05,approved
CHEMBL3039596,CCC(=O)O[C@@H](O[P@](=O)(CCCCc1ccccc1)CC(=O)N1C[C@H](C2CCCCC2)C[C@H]1C(=O)[O-])C(C)C.[Na+],"FOSINOPRIL SODIUM",4,585.65,approved
CHEMBL3039598,CCC(=O)O[C@@H](O[P@](=O)(CCCCc1ccccc1)CC(=O)N1C[C@H](C2CCCCC2)C[C@H]1C(=O)O)C(C)C,FOSINOPRIL,4,563.67,approved
CHEMBL3040581,O=P(O)(O)OCC([O-])C[O-].[Na+].[Na+],"SODIUM GLYCEROPHOSPHATE",4,216.04,approved
CHEMBL3084748,O=C(O[C@H]1C[C@H]2CC[C@@H](C1)[N+]21CCCC1)C(O)(c1ccccc1)c1ccccc1.[Cl-],"TROSPIUM CHLORIDE",4,427.97,approved
CHEMBL3099695,N#Cc1ccc([C@H]2CCc3cncn32)c(F)c1,OSILODROSTAT,4,227.24,approved
CHEMBL3112741,O=C(NC1CCNCC1)[C@@H]1CC[C@@H]2CN1C(=O)N2OS(=O)(=O)O,"RELEBACTAM ANHYDROUS",4,348.38,approved
CHEMBL3137301,CCOC(=O)[C@H](C)C[C@@H](Cc1ccc(-c2ccccc2)cc1)NC(=O)CCC(=O)O,SACUBITRIL,4,411.5,approved
CHEMBL3137308,NC(=O)c1cnc2[nH]ccc2c1N[C@@H]1[C@@H]2CC3C[C@H]1C[C@@](O)(C3)C2,PEFICITINIB,4,326.4,approved
CHEMBL3137310,COc1ccc2c3c1O[C@H]1C(OC(=O)c4ccccc4)=CC[C@@H]4[C@@H](C2)N(C)CC[C@@]341.Cl,"BENZHYDROCODONE HYDROCHLORIDE",4,439.94,approved
CHEMBL3137312,COc1c(-c2ccc3cc(NS(C)(=O)=O)ccc3c2)cc(-n2ccc(=O)[nH]c2=O)cc1C(C)(C)C,DASABUVIR,4,493.59,approved
CHEMBL3137317,Cc1c(C(=O)Nc2ccc(N3C[C@@H](C)O[C@@H](C)C3)nc2)cccc1-c1ccc(OC(F)(F)F)cc1.O=P(O)(O)O.O=P(O)(O)O,"SONIDEGIB PHOSPHATE",4,681.49,approved
CHEMBL3137318,Cc1ccc(S(=O)(=O)O)cc1.Cn1ncnc1[C@H]1c2n[nH]c(=O)c3cc(F)cc(c23)N[C@@H]1c1ccc(F)cc1,"TALAZOPARIB TOSYLATE",4,552.56,approved
CHEMBL3137320,Cn1ncnc1[C@H]1c2n[nH]c(=O)c3cc(F)cc(c23)N[C@@H]1c1ccc(F)cc1,TALAZOPARIB,4,380.36,approved
CHEMBL3137321,COc1ccc2c3c1O[C@H]1C(OC(=O)c4ccccc4)=CC[C@@H]4[C@@H](C2)N(C)CC[C@@]341,BENZHYDROCODONE,4,403.48,approved
CHEMBL3137326,[2H]C([2H])([2H])Oc1cc2c(cc1OC([2H])([2H])[2H])C1CC(=O)C(CC(C)C)CN1CC2,DEUTETRABENAZINE,4,323.47,approved
CHEMBL3137329,Br.NC(=O)c1cnc2[nH]ccc2c1N[C@@H]1[C@@H]2CC3C[C@H]1C[C@@](O)(C3)C2,"PEFICITINIB HYDROBROMIDE",4,407.31,approved
CHEMBL3137330,C[C@H]1CO[C@@H]2Cn3cc(C(=O)NCc4ccc(F)cc4F)c(=O)c([O-])c3C(=O)N12.[Na+],"CABOTEGRAVIR SODIUM",4,427.34,approved
CHEMBL3140361,CC[C@@H](CO)NCCN[C@@H](CC)CO.Cl.Cl,"ETHAMBUTOL HYDROCHLORIDE",4,277.24,approved
CHEMBL3142541,CCCCOC(=O)c1ccc(N)cc1.CCCCOC(=O)c1ccc(N)cc1.O=[N+]([O-])c1cc([N+](=O)[O-])c(O)c([N+](=O)[O-])c1,"BUTAMBEN PICRATE",4,615.6,approved
CHEMBL3181832,COc1cccc(OC)c1C(=O)N[C@@H]1C(=O)N2[C@@H]1SC(C)(C)[C@@H]2C(=O)[O-].O.[Na+],"METHICILLIN SODIUM",4,420.42,approved
CHEMBL3181957,C=CCNc1nc(NCC=C)nc(N2CCN(C(c3ccc(F)cc3)c3ccc(F)cc3)CC2)n1.CS(=O)(=O)O.CS(=O)(=O)O,"ALMITRINE MESYLATE",4,669.78,approved
CHEMBL3182343,CC(C)(C)C(=O)OCOC(=O)[C@@H]1N2C(=O)[C@@H](NC(=O)[C@H](N)c3ccccc3)[C@H]2SC1(C)C,PIVAMPICILLIN,4,463.56,approved
CHEMBL3182733,CCCN[C@H]1CCc2nc(N)sc2C1.Cl.Cl.O,"PRAMIPEXOLE DIHYDROCHLORIDE",4,302.27,approved
CHEMBL3183075,CNC(=C[N+](=O)[O-])NCCSCc1csc(CN(C)C)n1,NIZATIDINE,4,331.47,approved
CHEMBL3183184,CCCCC(CC)COC(=O)C=Cc1ccc(OC)cc1,OCTINOXATE,4,290.4,approved
CHEMBL3183409,CNC(=O)c1ccc(N2C(=S)N(c3cnc(C#N)c(C(F)(F)F)c3)C(=O)C23CCC3)cc1F,APALUTAMIDE,4,477.44,approved
CHEMBL3183453,CO[C@@H]1[C@@H](OC(N)=O)[C@@H](O)[C@H](Oc2ccc3c([O-])c(NC(=O)c4ccc(O)c(CC=C(C)C)c4)c(=O)oc3c2C)OC1(C)C.[Na+],"NOVOBIOCIN SODIUM",4,634.61,approved
CHEMBL3183968,CO/N=C(\C(=O)N[C@@H]1C(=O)N2C(C(=O)[O-])=C(CSc3nc(=O)c([O-])nn3C)CS[C@H]12)c1csc(N)n1.O.O.O.[Na+].[Na+],"CEFTRIAXONE SODIUM",4,652.6,approved
CHEMBL3184143,N=C(N)NCC1COC2(CCCCC2)O1.N=C(N)NCC1COC2(CCCCC2)O1.O=S(=O)(O)O,"GUANADREL SULFATE",4,524.64,approved
CHEMBL3184437,OCc1ccc(Cl)cc1Cl,"DICHLOROBENZYL ALCOHOL",4,177.03,approved
CHEMBL3184512,CCC[C@@H]1C[C@@H](C(=O)N[C@@H]([C@H]2O[C@H](SC)[C@H](OP(=O)(O)O)[C@@H](O)[C@H]2O)[C@H](C)Cl)N(C)C1,"CLINDAMYCIN PHOSPHATE",4,504.97,approved
CHEMBL3184799,CNC(C)(C)Cc1ccccc1.CNC(C)(C)Cc1ccccc1.O=S(=O)(O)O,"MEPHENTERMINE SULFATE",4,424.61,approved
CHEMBL3184986,CC(=O)[O-].CC(=O)[O-].O.O.[Zn+2],"ZINC ACETATE",4,219.51,approved
CHEMBL3185229,O.O.O.O.O.O.[Cl-].[Cl-].[Mg+2],"MAGNESIUM CHLORIDE",4,203.3,approved
CHEMBL3185958,CCN(CC)CCOc1ccc(C(=C(Cl)c2ccccc2)c2ccccc2)cc1.O=C(O)CC(O)(CC(=O)O)C(=O)O,"CLOMIPHENE CITRATE",4,598.09,approved
CHEMBL3186492,Cc1nccn1CC1CCc2c(c3ccccc3n2C)C1=O.Cl.O.O,"ONDANSETRON HYDROCHLORIDE",4,365.86,approved
CHEMBL3186993,Cl.Cl.OCCOCCN1CCN(C(c2ccccc2)c2ccc(Cl)cc2)CC1,"HYDROXYZINE HYDROCHLORIDE",4,447.83,approved
CHEMBL3187365,CN1CC2c3ccccc3Oc3ccc(Cl)cc3C2C1,ASENAPINE,4,285.77,approved
CHEMBL3187723,Cn1cnc2c(F)c(Nc3ccc(Br)cc3F)c(C(=O)NOCCO)cc21,BINIMETINIB,4,441.23,approved
CHEMBL3187985,CN1CCc2cccc3c2[C@H]1Cc1ccc(O)c(O)c1-3.CN1CCc2cccc3c2[C@H]1Cc1ccc(O)c(O)c1-3.Cl.Cl.O,"APOMORPHINE HYDROCHLORIDE",4,625.59,approved
CHEMBL3188034,Cc1ccc(/C(=C\CN2CCCC2)c2ccccn2)cc1.Cl.O,"TRIPROLIDINE HYDROCHLORIDE",4,332.88,approved
CHEMBL3188267,CNC(=O)c1ccc(-c2cnc3ncc(Cc4ccc5ncccc5c4)n3n2)cc1F,CAPMATINIB,4,412.43,approved
CHEMBL3189072,CCCCS(=O)(=O)N[C@@H](Cc1ccc(OCCCCC2CCNCC2)cc1)C(=O)O.Cl.O,"TIROFIBAN HYDROCHLORIDE",4,495.08,approved
CHEMBL3218576,COc1c(OCCCN2CCOCC2)ccc2c1N=C(NC(=O)c1cnc(N)nc1)N1CCN=C21,COPANLISIB,4,480.53,approved
CHEMBL3233142,CN1CCN2c3c(cccc31)[C@@H]1CN(CCCC(=O)c3ccc(F)cc3)CC[C@@H]12.Cc1ccc(S(=O)(=O)O)cc1,"LUMATEPERONE TOSYLATE",4,565.71,approved
CHEMBL3237547,O=C1N[C@H](O)CCN1[C@@H]1O[C@H](CO)[C@@H](O)C1(F)F,CEDAZURIDINE,4,268.22,approved
CHEMBL3244648,CN(Cc1cnc2nc(N)nc(N)c2n1)c1ccc(C(=O)N[C@@H](CCC(=O)[O-])C(=O)[O-])cc1.[Na+].[Na+],"METHOTREXATE SODIUM",4,498.41,approved
CHEMBL3286830,C[C@H]1Oc2cc(cnc2N)-c2c(nn(C)c2C#N)CN(C)C(=O)c2ccc(F)cc21,LORLATINIB,4,406.42,approved
CHEMBL3291398,C=C[C@]1(C)C[C@@H](OC(=O)CS[C@@H]2CC[C@@H](N)C[C@H]2O)[C@]2(C)[C@H](C)CC[C@]3(CCC(=O)[C@H]32)[C@@H](C)[C@@H]1O,LEFAMULIN,4,507.74,approved
CHEMBL3301594,COc1cnc(-n2cnc(C)n2)c2c1c(C(=O)C(=O)N1CCN(C(=O)c3ccccc3)CC1)cn2COP(=O)(O)O,FOSTEMSAVIR,4,583.5,approved
CHEMBL3301605,O.O=C(NC1CCNCC1)[C@@H]1CC[C@@H]2CN1C(=O)N2OS(=O)(=O)O,RELEBACTAM,4,366.4,approved
CHEMBL3301607,O=C(Nc1nc2cccc(-c3ccc(CN4CCS(=O)(=O)CC4)cc3)n2n1)C1CC1,FILGOTINIB,4,425.51,approved
CHEMBL3301610,CCN1CCN(Cc2ccc(Nc3ncc(F)c(-c4cc(F)c5nc(C)n(C(C)C)c5c4)n3)nc2)CC1,ABEMACICLIB,4,506.61,approved
CHEMBL3301611,Nc1ccncc1N.O=P(O)(O)O,"AMIFAMPRIDINE PHOSPHATE",4,207.13,approved
CHEMBL3301612,COC(=O)N[C@@H](C)CNc1nccc(-c2cn(C(C)C)nc2-c2cc(Cl)cc(NS(C)(=O)=O)c2F)n1,ENCORAFENIB,4,540.02,approved
CHEMBL3301622,CCc1nc(C(N)=O)c(Nc2ccc(N3CCC(N4CCN(C)CC4)CC3)c(OC)c2)nc1NC1CCOCC1,GILTERITINIB,4,552.72,approved
CHEMBL3301670,CN(C)CC(C)(C)OC(=O)C(O)(c1ccccc1)c1ccccc1.Cl,"DIFEMERINE HYDROCHLORIDE",4,363.89,approved
CHEMBL3304486,CN(C)CC(C)(C)OC(=O)C(O)(c1ccccc1)c1ccccc1,DIFEMERINE,4,327.42,approved
CHEMBL3306803,CN1CCN2c3c(cccc31)[C@@H]1CN(CCCC(=O)c3ccc(F)cc3)CC[C@@H]12,LUMATEPERONE,4,393.51,approved
CHEMBL3311228,O[C@@](Cn1cnnn1)(c1ccc(F)cc1F)C(F)(F)c1ccc(-c2ccc(OCC(F)(F)F)cc2)cn1,OTESECONAZOLE,4,527.4,approved
CHEMBL3317857,O=C(O)C[C@@H]1CC[C@H](NC(=O)Cc2cccs2)B(O)O1,VABORBACTAM,4,297.14,approved
CHEMBL3351077,NC(=O)c1cc[n+](CC2=C(C(=O)[O-])N3C(=O)[C@@H](NC(=O)[C@@H](c4ccccc4)S(=O)(=O)O)[C@H]3SC2)cc1,CEFSULODIN,4,532.56,approved
CHEMBL3353410,C=CC(=O)Nc1cc(Nc2nccc(-c3cn(C)c4ccccc34)n2)c(OC)cc1N(C)CCN(C)C,OSIMERTINIB,4,499.62,approved
CHEMBL3358920,O=C(O)C[C@H]1CCc2c1[nH]c1ccc(OCc3ccc(C4CCCC4)c(C(F)(F)F)c3)cc21,ETRASIMOD,4,457.49,approved
CHEMBL3392049,[O-]n1ccccc1=S.[O-]n1ccccc1=S.[Zn+2],"PYRITHIONE ZINC",4,317.71,approved
CHEMBL3400972,N[C@@H](Cc1cc(O)c(O)cc1[18F])C(=O)O,"FLUORODOPA F 18",4,214.18,approved
CHEMBL3402762,CN1CCC(COc2cnc(-c3cccc(Cn4nc(-c5cccc(C#N)c5)ccc4=O)c3)nc2)CC1,TEPOTINIB,4,492.58,approved
CHEMBL3414621,CCN(c1cc(-c2ccc(CN3CCOCC3)cc2)cc(C(=O)NCc2c(C)cc(C)[nH]c2=O)c1C)C1CCOCC1,TAZEMETOSTAT,4,572.75,approved
CHEMBL3544906,C[C@@H](Cc1ccccc1)N(C)Cc1ccccc1.Cl,"BENZPHETAMINE HYDROCHLORIDE",4,275.82,approved
CHEMBL3544908,CN1CCC(=C2c3ccccc3CCc3cccnc32)CC1.O=C(O)/C=C\C(=O)O.O=C(O)/C=C\C(=O)O,"AZATADINE MALEATE",4,522.55,approved
CHEMBL3544909,C=C1CC[C@H](O)C/C1=C/C=C1\CCC[C@]2(C)[C@@H]([C@H](C)CCCC(C)(C)O)CC[C@@H]12.O,CALCIFEDIOL,4,418.66,approved
CHEMBL3544914,CC(C)(CO)c1cc2cc(NC(=O)C3(c4ccc5c(c4)OC(F)(F)O5)CC3)c(F)cc2n1C[C@@H](O)CO,TEZACAFTOR,4,520.5,approved
CHEMBL3544971,C[C@H](N)Cc1ccccc1.C[C@H](N)Cc1ccccc1.O=S(=O)(O)O,"DEXTROAMPHETAMINE SULFATE",4,368.5,approved
CHEMBL3544974,CN1CC2c3ccccc3Oc3ccc(Cl)cc3C2C1.O=C(O)/C=C\C(=O)O,"ASENAPINE MALEATE",4,401.85,approved
CHEMBL3544985,COc1c(-c2ccc3cc(NS(C)(=O)=O)ccc3c2)cc(-n2ccc(=O)[n-]c2=O)cc1C(C)(C)C.O.[Na+],"DASABUVIR SODIUM MONOHYDRATE",4,533.58,approved
CHEMBL3544986,CCC[C@H](N[C@@H](C)C(=O)N1[C@H](C(=O)O)C[C@@H]2CCCC[C@@H]21)C(=O)OCC.N=C(N)NCCC[C@H](N)C(=O)O,"PERINDOPRIL ARGININE",4,542.68,approved
CHEMBL3544988,O=C(O)CNC(=O)C1C(=O)N(C2CCCCC2)C(=O)N(C2CCCCC2)C1=O,DAPRODUSTAT,4,393.44,approved
CHEMBL3545063,C=CC(=O)Nc1cc(Nc2nccc(-c3cn(C)c4ccccc34)n2)c(OC)cc1N(C)CCN(C)C.CS(=O)(=O)O,"OSIMERTINIB MESYLATE",4,595.73,approved
CHEMBL3545068,COc1c(OCCCN2CCOCC2)ccc2c1N=C(NC(=O)c1cnc(N)nc1)N1CCN=C21.Cl.Cl,"COPANLISIB HYDROCHLORIDE",4,553.45,approved
CHEMBL3545110,CN(C)C(=O)c1cc2cnc(Nc3ccc(N4CCNCC4)cn3)nc2n1C1CCCC1,RIBOCICLIB,4,434.55,approved
CHEMBL3545181,C[N+]1(C)[C@@H]2C[C@@H](OC(=O)C(O)(c3cccs3)c3cccs3)C[C@H]1[C@@H]1O[C@@H]12.O.[Br-],"TIOTROPIUM BROMIDE",4,490.44,approved
CHEMBL3545185,O=C(/C=C\n1cnc(-c2cc(C(F)(F)F)cc(C(F)(F)F)c2)n1)NNc1cnccn1,SELINEXOR,4,443.31,approved
CHEMBL3545253,[18F]c1ccc(-c2ccc3c(c2)[nH]c2ccncc23)cn1,"FLORTAUCIPIR F 18",4,262.28,approved
CHEMBL3545311,COc1cc(N2CCC(N3CCN(C)CC3)CC2)ccc1Nc1ncc(Cl)c(Nc2ccccc2P(C)(C)=O)n1,BRIGATINIB,4,584.11,approved
CHEMBL3545313,CC(C)(CCCCCC(O)CCCCCC(C)(C)C(=O)O)C(=O)O,"BEMPEDOIC ACID",4,344.49,approved
CHEMBL3545367,Cc1ncc(OC[C@@]2(c3cccc(F)c3)C[C@H]2C(=O)Nc2ccc(F)cn2)c(C)n1,LEMBOREXANT,4,410.42,approved
CHEMBL3545368,CC(O)C(=O)O.Cc1[nH]c2ccccc2c1CCNCc1ccc(/C=C/C(=O)NO)cc1,"PANOBINOSTAT LACTATE",4,439.51,approved
CHEMBL3545376,COc1cc(OC)cc(N(CCNC(C)C)c2ccc3ncc(-c4cnn(C)c4)nc3c2)c1,ERDAFITINIB,4,446.56,approved
CHEMBL3545432,CC(C)C[C@H](NC(=O)CNC(=O)c1cc(Cl)ccc1Cl)B1OC(=O)C(CC(=O)O)(CC(=O)O)O1,"IXAZOMIB CITRATE",4,517.13,approved
CHEMBL3545985,C[C@@H](Cc1ccccc1)N(C)Cc1ccccc1,BENZPHETAMINE,4,239.36,approved
CHEMBL3546271,Fc1ccc(-c2ccc3c(c2)[nH]c2ccncc23)cn1,FLORTAUCIPIR,4,263.28,approved
CHEMBL3547132,N[C@@H](Cc1cc(O)c(O)cc1F)C(=O)O,FLUORODOPA,4,215.18,approved
CHEMBL3561076,COc1ccc(CN2CCNCC2)c(OC)c1OC.Cl.Cl,"TRIMETAZIDINE DIHYDROCHLORIDE",4,339.26,approved
CHEMBL3590187,CCC(=O)O[C@]1(C(=O)CO)CC[C@H]2[C@@H]3CCC4=CC(=O)CC[C@]4(C)[C@H]3CC[C@@]21C,CLASCOTERONE,4,402.53,approved
CHEMBL3608680,Cc1nsc(-c2nnc3n2CCN(C(=O)c2ccc(F)cc2)[C@@H]3C)n1,FEZOLINETANT,4,358.4,approved
CHEMBL3622821,CC[C@@H]1CN(C(=O)NCC(F)(F)F)C[C@@H]1c1cnc2cnc3[nH]ccc3n12,UPADACITINIB,4,380.37,approved
CHEMBL3643413,CCC(=O)N1CC[C@H](Nc2ncnc3c2CN(c2cnc(OC)c(C(F)(F)F)c2)CC3)C1,LENIOLISIB,4,450.47,approved
CHEMBL3646221,O=C(O)CNC(=O)c1ncc(-c2cccc(Cl)c2)cc1O,VADADUSTAT,4,306.71,approved
CHEMBL3655081,CCCS(=O)(=O)N[C@H]1C[C@@H](N(C)c2ncnc3[nH]ccc23)C1,ABROCITINIB,4,323.42,approved
CHEMBL3668014,COc1cc(F)c(-n2c(=O)[nH]c3csc(C(=O)O)c3c2=O)cc1OCc1c(OC)ccc(F)c1F,LINZAGOLIX,4,508.43,approved
CHEMBL3701238,C=CC(=O)N1CC[C@H](n2nc(C#Cc3cc(OC)cc(OC)c3)c3c(N)ncnc32)C1,FUTIBATINIB,4,418.46,approved
CHEMBL3707243,C[N+]1(C)CCC(OC(=O)C(O)(c2ccccc2)C2CCCC2)C1.Cc1ccc(S(=O)(=O)[O-])cc1.O,"GLYCOPYRRONIUM TOSYLATE",4,507.65,approved
CHEMBL3707246,CC(C)Oc1ccc(-c2nc(-c3cccc4c3CC[C@@H]4NCCO)no2)cc1C#N.Cl,"OZANIMOD HYDROCHLORIDE",4,440.93,approved
CHEMBL3707247,CC(C)Oc1ccc(-c2nc(-c3cccc4c3CC[C@@H]4NCCO)no2)cc1C#N,OZANIMOD,4,404.47,approved
CHEMBL3707266,CN(C)C(=O)c1cc2cnc(Nc3ccc(N4CCNCC4)cn3)nc2n1C1CCCC1.O=C(O)CCC(=O)O,"RIBOCICLIB SUCCINATE",4,552.64,approved
CHEMBL3707281,CC(O)C(=O)[O-].CC(O)C(=O)[O-].[Mg+2],"MAGNESIUM LACTATE",4,202.44,approved
CHEMBL3707282,O=C([O-])c1cc(=O)[nH]c(=O)[nH]1.O=C([O-])c1cc(=O)[nH]c(=O)[nH]1.[Mg+2],"MAGNESIUM OROTATE",4,334.48,approved
CHEMBL3707306,N#Cc1c(N(CC(=O)[O-])CC(=O)[O-])sc(C(=O)[O-])c1CC(=O)[O-].[Sr+2].[Sr+2],"STRONTIUM RANELATE",4,513.49,approved
CHEMBL3707310,Cc1cc(C2=NO[C@@](c3cc(Cl)c(Cl)c(Cl)c3)(C(F)(F)F)C2)sc1C(=O)NCC(=O)NCC(F)(F)F,LOTILANER,4,596.76,approved
CHEMBL3707311,CCC(=O)[C@@]1(O)[C@H](C)C[C@H]2[C@@H]3CCC4=CC(=O)C=C[C@]4(C)C3=CC[C@@]21C,VAMOROLONE,4,354.49,approved
CHEMBL3707313,CC(C)(C)c1cc(-c2cc(-c3ccc(C(=O)O)cc3)ccc2OCCO)ccc1N1CCCC1,TRIFAROTENE,4,459.59,approved
CHEMBL3707320,CCc1cc2c(cc1N1CCC(N3CCOCC3)CC1)C(C)(C)c1[nH]c3cc(C#N)ccc3c1C2=O.Cl,"ALECTINIB HYDROCHLORIDE",4,519.09,approved
CHEMBL3707330,C[C@@H](OC[C@@]1(c2ccccc2)CC[C@]2(CCC(=O)N2)CN1)c1cc(C(F)(F)F)cc(C(F)(F)F)c1.Cl.O,"ROLAPITANT HYDROCHLORIDE",4,554.96,approved
CHEMBL3707331,C[C@@H](OC[C@@]1(c2ccccc2)CC[C@]2(CCC(=O)N2)CN1)c1cc(C(F)(F)F)cc(C(F)(F)F)c1,ROLAPITANT,4,500.48,approved
CHEMBL3707333,O[B-]1(O)OO[B-](O)(O)OO1.[Na+].[Na+],"SODIUM PERBORATE",4,199.63,approved
CHEMBL3707334,O[B-]1(O)OO[B-](O)(O)OO1,"PERBORIC ACID",4,153.65,approved
CHEMBL3707348,CC#CC(=O)N1CCC[C@H]1c1nc(-c2ccc(C(=O)Nc3ccccn3)cc2)c2c(N)nccn12,ACALABRUTINIB,4,465.52,approved
CHEMBL3707377,C=C1C[C@H]2[C@@H]3CCC4=CC(=O)CC[C@@H]4[C@H]3CC[C@]2(C)[C@@]1(OC(C)=O)C(C)=O,"SEGESTERONE ACETATE",4,370.49,approved
CHEMBL3707393,N#Cc1ccc([C@H]2CCc3cncn32)c(F)c1.O=P(O)(O)O,"OSILODROSTAT PHOSPHATE",4,325.24,approved
CHEMBL3786343,C=CC(=O)Nc1cccc(Oc2nc(Nc3ccc(N4CCN(C)CC4)cc3)nc3ccsc23)c1,OLMUTINIB,4,486.6,approved
CHEMBL3813873,FC(F)(F)c1ccc(CNc2ccc(Cc3c[nH]c4ncc(Cl)cc34)cn2)cn1,PEXIDARTINIB,4,417.82,approved
CHEMBL3833301,CCC1(c2ccccc2)C(=O)NC(=O)NC1=O.CNC(C)CC1CCCCC1,BARBEXACLONE,4,387.52,approved
CHEMBL3833311,C[C@@H](CC(C(=O)N1CCCC1)(c1ccccc1)c1ccccc1)N1CCOCC1.O=C(O)C(O)C(O)C(=O)O,"DEXTROMORAMIDE TARTRATE",4,542.63,approved
CHEMBL3833312,C1N2CN3CN1CN(C2)C3.O=C(O)C(O)c1ccccc1,"METHENAMINE MANDELATE",4,292.34,approved
CHEMBL3833314,O.O.O.O.O.O.[Al+3].[Cl-].[Cl-].[Cl-],"ALUMINUM CHLORIDE",4,241.43,approved
CHEMBL3833319,CN(CCN1CCC(OC(=O)Nc2ccccc2-c2ccccc2)CC1)C(=O)c1ccc(CN2CCC(C(N)=O)CC2)cc1,REVEFENACIN,4,597.76,approved
CHEMBL3833322,O.O=[Si]([O-])[O-].O=[Si]([O-])[O-].O=[Si]([O-])[O-].O=[Si]([O-])[O-].[Al+3].[Al+3].[Mg+2],ALMASILATE,4,400.62,approved
CHEMBL3833332,O.O=S(=O)([O-])[O-].O=S(=O)([O-])[O-].O=S(=O)([O-])[O-].[Al+3].[Al+3],"ALUMINUM SULFATE",4,360.17,approved
CHEMBL3833335,C[N+](C)(C)CC(=O)[O-].OC(O)C(Cl)(Cl)Cl,"CHLORAL BETAINE",4,282.55,approved
CHEMBL3833339,CC(C)CCON=O.CCC(C)CON=O,"AMYL NITRITE",4,234.3,approved
CHEMBL3833340,C[C@H]1[C@H](NC(=O)/C(=N\OC(C)(C)C(=O)O)c2csc(N)n2)C(=O)N1S(=O)(=O)O.NCCCC[C@H](N)C(=O)O,"AZTREONAM LYSINE",4,581.63,approved
CHEMBL3833347,CC(=O)NC(CCC(=O)O)C(=O)O.CN(C)CCO,"DEANOL ACEGLUMATE",4,278.3,approved
CHEMBL3833358,Oc1c(Cl)cc(Cl)c2cccnc12.Oc1c(Cl)ccc2cccnc12.Oc1ccc(Cl)c2cccnc12,HALQUINOLS,4,573.26,approved
CHEMBL3833361,CC(CN1c2ccccc2Sc2ccccc21)N(C)C.Cn1c(=O)c2[nH]c(Cl)nc2n(C)c1=O,"PROMETHAZINE TEOCLATE",4,499.04,approved
CHEMBL3833362,CCCCCCCC/C=C\CCCCCCCC(=O)[O-].CCCCCCCC/C=C\CCCCCCCC(=O)[O-].[Zn+2],"ZINC OLEATE",4,628.31,approved
CHEMBL3833368,CC1(C)[C@@H]2CC[C@@]1(CS(=O)(=O)O)C(=O)C2.CNCc1ccc(-c2[nH]c3cc(F)cc4c3c2CCNC4=O)cc1,"RUCAPARIB CAMSYLATE",4,555.67,approved
CHEMBL3833382,CCC[N+]12[C@H](O)[C@@H](CC)[C@@H]3C[C@H]1[C@@H]1N(C)c4ccccc4[C@]14C[C@H]2[C@@H]3[C@H]4O,PRAJMALIUM,4,369.53,approved
CHEMBL3833389,C[C@@H](CC(C(=O)N1CCCC1)(c1ccccc1)c1ccccc1)N1CCOCC1,DEXTROMORAMIDE,4,392.54,approved
CHEMBL3833401,Cl[Al](Cl)Cl,"ALUMINUM CHLORIDE",4,133.34,approved
CHEMBL3833402,O=S(=O)([O-])[O-].O=S(=O)([O-])[O-].O=S(=O)([O-])[O-].[Al+3].[Al+3],"ALUMINUM SULFATE",4,342.15,approved
CHEMBL3889654,O=C(Nc1cnn2ccc(N3CCC[C@@H]3c3cc(F)ccc3F)nc12)N1CC[C@H](O)C1,LAROTRECTINIB,4,428.44,approved
CHEMBL3894860,CN1CCN(c2ccc(Nc3ncc4cc5n(c4n3)C3(CCCCC3)CNC5=O)nc2)CC1,TRILACICLIB,4,446.56,approved
CHEMBL3936761,C=CC(=O)N1CCC([C@@H]2CCNc3c(C(N)=O)c(-c4ccc(Oc5ccccc5)cc4)nn32)CC1,ZANUBRUTINIB,4,471.56,approved
CHEMBL3948730,CC(C)Oc1ccc(-c2nn([C@@H](C)c3oc4ccc(F)cc4c(=O)c3-c3cccc(F)c3)c3ncnc(N)c23)cc1F,UMBRALISIB,4,571.56,approved
CHEMBL3989401,NCCC(O)(P(=O)([O-])O)P(=O)([O-])O.O.O.O.O.O.[Na+].[Na+],"PAMIDRONATE DISODIUM",4,369.11,approved
CHEMBL3989402,CCC(CC)[C@H](NC(C)=O)[C@@H]1[C@H](O)[C@@H](C(=O)O)C[C@H]1NC(=N)N.O.O.O,PERAMIVIR,4,382.46,approved
CHEMBL3989403,Cc1cc(CC(=O)[O-])n(C)c1C(=O)c1ccc(Cl)cc1.O.O.[Na+],"ZOMEPIRAC SODIUM",4,349.75,approved
CHEMBL3989406,C[C@H](N[C@@H](CCc1ccccc1)C(=O)O)C(=O)N1CCC[C@H]1C(=O)O.O.O,ENALAPRILAT,4,384.43,approved
CHEMBL3989408,CC(C)Cc1ccc(C(C)C(=O)[O-])cc1.O.O.[Na+],"IBUPROFEN SODIUM",4,264.3,approved
CHEMBL3989410,COc1ccc2c(c1)c(CC(=O)[O-])c(C)n2C(=O)c1ccc(Cl)cc1.O.O.O.[Na+],"INDOMETHACIN SODIUM",4,433.82,approved
CHEMBL3989478,CCSc1ccc2c(c1)N(CCCN1CCN(C)CC1)c1ccccc1S2.O=C(O)/C=C\C(=O)O.O=C(O)/C=C\C(=O)O,"THIETHYLPERAZINE MALEATE",4,631.77,approved
CHEMBL3989480,O=C([O-])CC(O)(CC(=O)[O-])C(=O)[O-].O=C([O-])CC(O)(CC(=O)[O-])C(=O)[O-].[Mg+2].[Mg+2].[Mg+2],"MAGNESIUM CITRATE",4,451.11,approved
CHEMBL3989507,O.O.O=C([O-])CN(CCN(CC(=O)[O-])CC(=O)O)CC(=O)O.[Na+].[Na+],"EDETATE DISODIUM",4,372.24,approved
CHEMBL3989509,CC(C)=CCN1CCC2(C)c3cc(O)ccc3CC1C2C.CC(O)C(=O)O,"PENTAZOCINE LACTATE",4,375.51,approved
CHEMBL3989510,CC(C)=CCN1CCC2(C)c3cc(O)ccc3CC1C2C.Cl,"PENTAZOCINE HYDROCHLORIDE",4,321.89,approved
CHEMBL3989511,N=C(N)NCc1cccc([131I])c1.N=C(N)NCc1cccc([131I])c1.O=S(=O)(O)O,"IOBENGUANE SULFATE I 131",4,656.27,approved
CHEMBL3989514,CCc1c2c(nc3ccc(OC(=O)N4CCC(N5CCCCC5)CC4)cc13)-c1cc3c(c(=O)n1C2)COC(=O)[C@]3(O)CC.Cl.O.O.O,"IRINOTECAN HYDROCHLORIDE",4,677.19,approved
CHEMBL3989517,COC(=O)[C@H]1[C@@H](c2ccc([123I])cc2)C[C@@H]2CC[C@H]1N2CCCF,"IOFLUPANE I 123",4,427.29,approved
CHEMBL3989519,CCN1CC(CCN2CCOCC2)C(c2ccccc2)(c2ccccc2)C1=O.Cl.O,"DOXAPRAM HYDROCHLORIDE",4,432.99,approved
CHEMBL3989520,NCCc1c[nH]cn1.O=P(O)(O)O.O=P(O)(O)O,"HISTAMINE PHOSPHATE",4,307.14,approved
CHEMBL3989521,CC(C)NCC(O)c1ccc(O)c(O)c1.CC(C)NCC(O)c1ccc(O)c(O)c1.O.O.O=S(=O)(O)O,"ISOPROTERENOL SULFATE",4,556.63,approved
CHEMBL3989522,O.O=C([O-])CN(CCN(CC(=O)[O-])CC(=O)[O-])CC(=O)[O-].[Ca+2].[Na+].[Na+],"EDETATE CALCIUM DISODIUM MONOHYDRATE",4,392.29,approved
CHEMBL3989523,N=C(N)NCc1cccc([123I])c1.N=C(N)NCc1cccc([123I])c1.O=S(=O)(O)O,"IOBENGUANE SULFATE I 123",4,640.27,approved
CHEMBL3989529,CCCCCCCC/C=C\CCCCCCCC(=O)O.NCCO,"ETHANOLAMINE OLEATE",4,343.55,approved
CHEMBL3989545,O=S([O-])([O-])=S.[K+].[K+].[K]S[K],"POTASH, SULFURATED",4,300.59,approved
CHEMBL3989551,CCC[C@@H]1C[C@@H](C(=O)N[C@@H]([C@H]2O[C@H](SC)[C@H](O)[C@@H](O)[C@H]2O)[C@@H](C)O)N(C)C1.Cl.O,"LINCOMYCIN HYDROCHLORIDE",4,461.02,approved
CHEMBL3989555,Cc1cccc(CN2CCN(C(c3ccccc3)c3ccc(Cl)cc3)CC2)c1.Cl.Cl.O,"MECLIZINE HYDROCHLORIDE",4,481.9,approved
CHEMBL3989556,CCN1CCC[C@H]1CNC(=O)c1c(OC)ccc(Br)c1OC.Cl.O,"REMOXIPRIDE HYDROCHLORIDE",4,425.75,approved
CHEMBL3989558,CCC(CO)NC(=O)[C@@H]1C=C2c3cccc4c3c(cn4C)C[C@H]2N(C)C1.O=C(O)/C=C\C(=O)O,"METHYSERGIDE MALEATE",4,469.54,approved
CHEMBL3989559,COc1ccnc(C[S+]([O-])c2nc3cc(OC(F)F)ccc3[n-]2)c1OC.O.[Na+],"PANTOPRAZOLE SODIUM",4,423.37,approved
CHEMBL3989562,COc1cc2nc(N3CCN(C(=O)C4CCCO4)CC3)nc(N)c2cc1OC.Cl.O.O,"TERAZOSIN HYDROCHLORIDE",4,459.93,approved
CHEMBL3989563,CN1CCC[C@H]1c1cccnc1.O.O.O=C(O)C(O)C(O)C(=O)O.O=C(O)C(O)C(O)C(=O)O,"NICOTINE BITARTRATE",4,498.44,approved
CHEMBL3989566,COCCc1ccc(OCC(O)CNC(C)C)cc1.COCCc1ccc(OCC(O)CNC(C)C)cc1.O=C(O)/C=C/C(=O)O,"METOPROLOL FUMARATE",4,650.81,approved
CHEMBL3989567,Cc1onc(-c2ccccc2)c1C(=O)N[C@@H]1C(=O)N2[C@@H]1SC(C)(C)[C@@H]2C(=O)[O-].O.[Na+],"OXACILLIN SODIUM",4,441.44,approved
CHEMBL3989569,CCCCCN(C)CCC(O)(P(=O)([O-])O)P(=O)(O)O.O.[Na+],"IBANDRONATE SODIUM",4,359.23,approved
CHEMBL3989571,CN[C@@H]1[C@H](O)[C@H](NC)[C@H]2O[C@@]3(O)C(=O)C[C@@H](C)O[C@H]3O[C@@H]2[C@H]1O.Cl.Cl.O.O.O.O.O,"SPECTINOMYCIN HYDROCHLORIDE",4,495.35,approved
CHEMBL3989581,Cl.Cl.Oc1ccc(CCNCCCCCCNCCc2ccccc2)cc1O,"DOPEXAMINE HYDROCHLORIDE",4,429.43,approved
CHEMBL3989640,O.O.O=C([O-])[C@H](O)[C@@H](O)[C@H](O)[C@H](O)CO.O=C([O-])[C@H](O)[C@@H](O)[C@H](O)[C@H](O)CO.[Mg+2],"MAGNESIUM GLUCONATE",4,450.63,approved
CHEMBL3989646,CC(C)(C)NCC(O)c1ccc(O)c(CO)n1.Cl.Cl,"PIRBUTEROL HYDROCHLORIDE",4,313.23,approved
CHEMBL3989676,CCCCC1C(=O)N(c2ccccc2)N(c2ccc(O)cc2)C1=O.O,OXYPHENBUTAZONE,4,342.4,approved
CHEMBL3989677,COc1ccc2c3c1O[C@H]1C(=O)CC[C@H]4[C@@H](C2)N(C)CC[C@]314.O.O.O=C(O)C(O)C(O)C(=O)O,"HYDROCODONE BITARTRATE",4,485.49,approved
CHEMBL3989678,C1CNCCN1.C1CNCCN1.C1CNCCN1.O.O=C(O)CC(O)(CC(=O)O)C(=O)O.O=C(O)CC(O)(CC(=O)O)C(=O)O,"PIPERAZINE CITRATE",4,660.67,approved
CHEMBL3989691,CC1=NN(c2ccc(C)c(C)c2)C(=O)/C1=N\Nc1cccc(-c2cccc(C(=O)O)c2)c1O.NCCO.NCCO,"ELTROMBOPAG OLAMINE",4,564.64,approved
CHEMBL3989693,CC(C)(C)NC[C@H](O)c1ccc(O)c(CO)c1.CC(C)(C)NC[C@H](O)c1ccc(O)c(CO)c1.O=C(O)C(O)C(O)C(=O)O,"LEVALBUTEROL TARTRATE",4,628.72,approved
CHEMBL3989695,CNC(=O)c1cnn(-c2nc(N)c3ncn([C@@H]4O[C@H](CO)[C@@H](O)[C@H]4O)c3n2)c1.O,REGADENOSON,4,408.38,approved
CHEMBL3989697,Cc1cc2nc3c(=O)[nH]c(=O)nc-3n(C[C@H](O)[C@H](O)[C@H](O)COP(=O)([O-])O)c2cc1C.O.O.[Na+],"RIBOFLAVIN 5'-PHOSPHATE SODIUM",4,514.36,approved
CHEMBL3989698,N[C@@H]1C[C@H]1c1ccccc1.N[C@H]1C[C@@H]1c1ccccc1.O=S(=O)(O)O,"TRANYLCYPROMINE SULFATE",4,364.47,approved
CHEMBL3989716,CCC(=O)O[C@](Cc1ccccc1)(c1ccccc1)[C@H](C)CN(C)C.O.O=S(=O)(O)c1ccc2ccccc2c1,"PROPOXYPHENE NAPSYLATE",4,565.73,approved
CHEMBL3989724,CCN(CC)CCN1C(=O)CN=C(c2ccccc2F)c2cc(Cl)ccc21.Cl.Cl,"FLURAZEPAM HYDROCHLORIDE",4,460.81,approved
CHEMBL3989725,N#Cc1cc(NC(=O)C(=O)O)c(Cl)c(NC(=O)C(=O)O)c1.NC(CO)(CO)CO.NC(CO)(CO)CO,"LODOXAMIDE TROMETHAMINE",4,553.91,approved
CHEMBL3989728,Cc1cc(OP(=O)([O-])[O-])c2ccccc2c1OP(=O)([O-])[O-].O.O.O.O.O.O.[Na+].[Na+].[Na+].[Na+],"MENADIOL SODIUM DIPHOSPHATE",4,530.18,approved
CHEMBL3989750,N[C@H]1C(O)O[C@H](CO)[C@@H](O)[C@@H]1O.N[C@H]1C(O)O[C@H](CO)[C@@H](O)[C@@H]1O.O=S(=O)(O)O,"GLUCOSAMINE SULFATE",4,456.42,approved
CHEMBL3989754,CC(C(=O)[O-])c1ccc(-c2ccccc2)c(F)c1.O.O.[Na+],"FLURBIPROFEN SODIUM",4,302.28,approved
CHEMBL3989756,O.O=[Mg].O=[Mg].O=[Mg].O=[Si]=O.O=[Si]=O.O=[Si]=O.O=[Si]=O,TALC,4,379.26,approved
CHEMBL3989768,CN1CC[C@]23CCCC[C@H]2[C@H]1Cc1ccc(O)cc13.O.O.O=C(O)C(O)C(O)C(=O)O,"LEVORPHANOL TARTRATE",4,443.49,approved
CHEMBL3989777,Cl.Cl.NCCNCCNCCN,"TRIENTINE HYDROCHLORIDE",4,219.16,approved
CHEMBL3989786,CC(=O)OCCN1CCN(CCCN2c3ccccc3Sc3ccc(Cl)cc32)CC1.Cl.Cl,"THIOPROPAZATE HYDROCHLORIDE",4,518.94,approved
CHEMBL3989803,Cc1c(N(C)CS(=O)(=O)[O-])c(=O)n(-c2ccccc2)n1C.O.[Na+],DIPYRONE,4,351.36,approved
CHEMBL3989822,O.O=C([O-])CC(O)(CC(=O)[O-])C(=O)[O-].[K+].[K+].[K+],"POTASSIUM CITRATE",4,324.41,approved
CHEMBL3989824,CN1CCN(CC/C=C2/c3ccccc3Sc3ccc(S(=O)(=O)N(C)C)cc32)CC1.Cl.Cl.O.O,"THIOTHIXENE HYDROCHLORIDE",4,552.59,approved
CHEMBL3989830,CC(C)CC(N(C)C)C1(c2ccc(Cl)cc2)CCC1.Cl.O,"SIBUTRAMINE HYDROCHLORIDE",4,334.33,approved
CHEMBL3989833,CS(=O)(=O)O.O.O.O.O=C1Cc2cc(CCN3CCN(c4nsc5ccccc45)CC3)c(Cl)cc2N1,"ZIPRASIDONE MESYLATE",4,563.1,approved
CHEMBL3989843,N[C@@H]1C[C@H]1c1ccccc1.N[C@H]1C[C@@H]1c1ccccc1,TRANYLCYPROMINE,4,266.39,approved
CHEMBL3989844,C[C@H](N)Cc1ccccc1.O=C(O)[C@@H](O)[C@@H](O)[C@H](O)[C@@H](O)C(=O)O,"DEXTROAMPHETAMINE SACCHARATE",4,345.35,approved
CHEMBL3989850,CC1(C)C2CCC1(CS(=O)(=O)O)C(=O)C2=Cc1ccc(C=C2C(=O)C3(CS(=O)(=O)O)CCC2C3(C)C)cc1,ECAMSULE,4,562.71,approved
CHEMBL3989855,CN[C@@H](C)[C@@H](O)c1ccccc1.CN[C@@H](C)[C@@H](O)c1ccccc1.O=S(=O)(O)O,"PSEUDOEPHEDRINE SULFATE",4,428.55,approved
CHEMBL3989856,O.O.O.O.O.O.O.O.O.O.O=S(=O)([O-])[O-].[Na+].[Na+],"SODIUM SULFATE",4,322.19,approved
CHEMBL3989857,O.O.O.O.O.O.O.O=S(=O)([O-])[O-].[Mg+2],"MAGNESIUM SULFATE",4,246.47,approved
CHEMBL3989858,CC(=O)[O-].CC(=O)[O-].O.O.O.O.[Mg+2],"MAGNESIUM ACETATE TETRAHYDRATE",4,214.45,approved
CHEMBL3989859,CC(=O)Oc1c(C)c(C)c2c(c1C)CCC(C)(CCC[C@H](C)CCC[C@H](C)CCCC(C)C)O2,"TOCOPHEROL ACETATE",4,472.75,approved
CHEMBL3989861,CN(C)CC(c1ccc(O)cc1)C1(O)CCCCC1.O.O=C(O)/C=C/C(=O)O,"DESVENLAFAXINE FUMARATE",4,397.47,approved
CHEMBL3989866,O=C(NCc1c(F)cc(F)cc1F)c1cn2c(c(O)c1=O)C(=O)N1[C@H]3CC[C@H](C3)O[C@@H]1C2,BICTEGRAVIR,4,449.39,approved
CHEMBL3989867,O=C(NCc1c(F)cc(F)cc1F)c1cn2c(c([O-])c1=O)C(=O)N1[C@H]3CC[C@H](C3)O[C@@H]1C2.[Na+],"BICTEGRAVIR SODIUM",4,471.37,approved
CHEMBL3989868,Cc1cc(Nc2ncnc3ccc(NC4=NC(C)(C)CO4)cc23)ccc1Oc1ccn2ncnc2c1,TUCATINIB,4,480.53,approved
CHEMBL3989871,Cc1ccc(NC(=O)[C@H]2CCCN(C(=O)c3c(C)cccc3F)[C@H]2c2ccc(NC3CCCC3)cc2)cc1C(F)(F)F,AVACOPAN,4,581.65,approved
CHEMBL3989908,CC(C)(O)CNc1nc(Nc2ccnc(C(F)(F)F)c2)nc(-c2cccc(C(F)(F)F)n2)n1,ENASIDENIB,4,473.38,approved
CHEMBL3989909,CCC(=O)N1CC[C@H](Nc2ncnc3c2CN(c2cnc(OC)c(C(F)(F)F)c2)CC3)C1.O=P(O)(O)O,"LENIOLISIB PHOSPHATE",4,548.46,approved
CHEMBL3989917,Cc1ccccc1-c1cc(N2CC[N+](C)(COP(=O)([O-])O)CC2)ncc1N(C)C(=O)C(C)(C)c1cc(C(F)(F)F)cc(C(F)(F)F)c1,FOSNETUPITANT,4,688.61,approved
CHEMBL3989920,O=C([O-])C[C@H](O)C[C@H](O)/C=C/c1c(C2CC2)nc2ccccc2c1-c1ccc(F)cc1.[Na+],"PITAVASTATIN SODIUM",4,443.45,approved
CHEMBL3989921,CCOc1cc2ncc(C#N)c(Nc3ccc(OCc4ccccn4)c(Cl)c3)c2cc1NC(=O)/C=C/CN(C)C.O=C(O)/C=C\C(=O)O,"NERATINIB MALEATE",4,673.13,approved
CHEMBL3989922,Cc1ccc(S(=O)(=O)O)cc1.NC(=O)c1cccc2cn(-c3ccc([C@@H]4CCCNC4)cc3)nc12.O,"NIRAPARIB TOSYLATE MONOHYDRATE",4,510.62,approved
CHEMBL3989931,CC(C)(O)CNc1nc(Nc2ccnc(C(F)(F)F)c2)nc(-c2cccc(C(F)(F)F)n2)n1.CS(=O)(=O)O,"ENASIDENIB MESYLATE",4,569.49,approved
CHEMBL3989933,N=C(N)NCCC[C@@H](N)C(=O)O.O=C(O)C[C@H]1CCc2c1[nH]c1ccc(OCc3ccc(C4CCCC4)c(C(F)(F)F)c3)cc21,"ETRASIMOD ARGININE",4,631.7,approved
CHEMBL3989937,CNC(=O)c1ccc(-c2cnc3ncc(Cc4ccc5ncccc5c4)n3n2)cc1F.Cl.Cl.O,"CAPMATINIB HYDROCHLORIDE",4,503.37,approved
CHEMBL3989939,O=C(Nc1cnn2ccc(N3CCC[C@@H]3c3cc(F)ccc3F)nc12)N1CC[C@H](O)C1.O=S(=O)(O)O,"LAROTRECTINIB SULFATE",4,526.52,approved
CHEMBL3989944,COC(=O)/C=C/C(=O)OCCN1C(=O)CCC1=O,"DIROXIMEL FUMARATE",4,255.23,approved
CHEMBL3989949,NC(=O)O[C@@H](Cn1ncnn1)c1ccccc1Cl,CENOBAMATE,4,267.68,approved
CHEMBL3989958,N#Cc1ccnc(N2C(=O)CC[C@H]2C(=O)N(c2cncc(F)c2)[C@H](C(=O)NC2CC(F)(F)C2)c2ccccc2Cl)c1,IVOSIDENIB,4,582.97,approved
CHEMBL3989973,Cl.FC(F)(F)c1ccc(CNc2ccc(Cc3c[nH]c4ncc(Cl)cc34)cn2)cn1,"PEXIDARTINIB HYDROCHLORIDE",4,454.28,approved
CHEMBL3990047,CNc1ncc(-c2ccc3c(=O)c(C(=O)O)cn(C4CC4)c3c2C)cc1C,OZENOXACIN,4,363.42,approved
CHEMBL3990276,O=[Mg].O=[Mg].O=[Mg].O=[Si]=O.O=[Si]=O.O=[Si]=O.O=[Si]=O,TALC,4,361.25,approved
CHEMBL3990694,C1CNCCN1.C1CNCCN1.C1CNCCN1.O=C(O)CC(O)(CC(=O)O)C(=O)O.O=C(O)CC(O)(CC(=O)O)C(=O)O,"PIPERAZINE CITRATE",4,642.66,approved
CHEMBL3990987,O=S(O)(O)=S.[K]S[K],"POTASH, SULFURATED",4,224.41,approved
CHEMBL3991065,C[C@@H]1[C@H](c2c(F)ccc(F)c2F)C[C@H](NC(=O)c2cnc3c(c2)C[C@@]2(C3)C(=O)Nc3ncccc32)C(=O)N1CC(F)(F)F,ATOGEPANT,4,603.52,approved
CHEMBL4065616,CCC(CC)COC(=O)[C@H](C)N[P@](=O)(OC[C@H]1O[C@@](C#N)(c2ccc3c(N)ncnn23)[C@H](O)[C@@H]1O)Oc1ccccc1,REMDESIVIR,4,602.59,approved
CHEMBL4066936,COC(=O)Nc1c(N)nc(-c2nn(Cc3ccccc3F)c3ncc(F)cc23)nc1N,VERICIGUAT,4,426.39,approved
CHEMBL4071161,CC#CC(=O)N1CC[C@@H](n2c(=O)n(-c3ccc(Oc4ccccc4)cc3)c3c(N)ncnc32)C1,TIRABRUTINIB,4,454.49,approved
CHEMBL4085457,C=CC(=O)N1C[C@H](Nc2ncnc3[nH]ccc23)CC[C@@H]1C,RITLECITINIB,4,285.35,approved
CHEMBL4101807,CC(C)n1nccc1-c1ncccc1COc1cccc(O)c1C=O,VOXELOTOR,4,337.38,approved
CHEMBL4105630,C[C@@]1(O)CC[C@H]2[C@H](CC[C@@H]3[C@@H]2CC[C@]2(C)[C@@H](C(=O)Cn4cc(C#N)cn4)CC[C@@H]32)C1,ZURANOLONE,4,409.57,approved
CHEMBL4164059,Cl.Clc1ccc(CCCOCCCN2CCCCC2)cc1,"PITOLISANT HYDROCHLORIDE",4,332.31,approved
CHEMBL4204794,Cn1cc(-c2cc3c(N4CCN(c5ncc([C@@](C)(N)c6ccc(F)cc6)cn5)CC4)ncnn3c2)cn1,AVAPRITINIB,4,498.57,approved
CHEMBL4208229,O=C(Nc1ccc(OC(F)(F)Cl)cc1)c1cnc(N2CC[C@@H](O)C2)c(-c2cc[nH]n2)c1,ASCIMINIB,4,449.85,approved
CHEMBL4216467,CCn1c(=O)c(-c2cc(NC(=O)Nc3ccccc3)c(F)cc2Br)cc2cnc(NC)cc21,RIPRETINIB,4,510.37,approved
CHEMBL4297064,CCN(CC)C(=O)C1(c2ccccc2)CC1CN.Cl,"MILNACIPRAN HYDROCHLORIDE",4,282.81,approved
CHEMBL4297067,O=C1C=CC2C(=C1)Oc1cc(O)ccc1C21OC(=O)c2ccccc21,FLUORESCEIN,4,332.31,approved
CHEMBL4297109,CC[N+]1(C)[C@@H]2CC(OC(=O)[C@H](CO)c3ccccc3)C[C@H]1[C@@H]1O[C@@H]12.[Br-],"OXITROPIUM BROMIDE",4,412.32,approved
CHEMBL4297147,CC(O)C(=O)O.O=C(CCCN1CCC(O)(c2ccc(Cl)cc2)CC1)c1ccc(F)cc1,"HALOPERIDOL LACTATE",4,465.95,approved
CHEMBL4297165,CCN(CC)CCCC(C)Nc1ccnc2cc(Cl)ccc12.Cl.Cl,"CHLOROQUINE HYDROCHLORIDE",4,392.8,approved
CHEMBL4297185,CC(O)c1cc(C(=O)N[C@@H](C)Cn2ccc(-c3ccc(C#N)c(Cl)c3)n2)n[nH]1,DAROLUTAMIDE,4,398.85,approved
CHEMBL4297212,Cl.NC(=O)OC[C@H](N)Cc1ccccc1,"SOLRIAMFETOL HYDROCHLORIDE",4,230.69,approved
CHEMBL4297216,Cc1cnc(Nc2ccc(OCCN3CCCC3)cc2)nc1Nc1cccc(S(=O)(=O)NC(C)(C)C)c1.Cl.Cl.O,"FEDRATINIB HYDROCHLORIDE",4,615.63,approved
CHEMBL4297220,Cl.O=C(Nc1ccc(OC(F)(F)Cl)cc1)c1cnc(N2CC[C@@H](O)C2)c(-c2cc[nH]n2)c1,"ASCIMINIB HYDROCHLORIDE",4,486.31,approved
CHEMBL4297334,O=C(O)CC[C@H](NC(=O)N[C@@H](CCCCNC(=O)c1ccc([18F])nc1)C(=O)O)C(=O)O,"PIFLUFOLASTAT F18",4,441.4,approved
CHEMBL4297364,CC[N+]1(C)[C@@H]2CC(OC(=O)[C@H](CO)c3ccccc3)C[C@H]1[C@@H]1O[C@@H]12,OXITROPIUM,4,332.42,approved
CHEMBL4297378,CC1=C[C@@H]2CN(C(=O)N2OS(=O)(=O)[O-])[C@@H]1C(N)=O.[Na+],"DURLOBACTAM SODIUM",4,299.24,approved
CHEMBL4297403,CCOC(=O)[C@H](Cc1ccc(F)cc1)NC(=O)[C@@H](N)Cc1ccc(N(CCCl)CCCl)cc1.Cl,"MELPHALAN FLUFENAMIDE HYDROCHLORIDE",4,534.89,approved
CHEMBL4297503,COC(=O)OCOc1c2n(ccc1=O)N([C@@H]1c3ccccc3SCc3c1ccc(F)c3F)[C@@H]1COCCN1C2=O,"BALOXAVIR MARBOXIL",4,571.56,approved
CHEMBL4297509,CCNCCc1ccc(CN(CC)c2cc(OC)ccc2[C@@H]2CCc3cc(O)ccc3C2)cc1,ELACESTRANT,4,458.65,approved
CHEMBL4297517,CC(C)n1c(=O)cc(N[C@@H](C)c2ccccc2)[nH]c1=O,MAVACAMTEN,4,273.34,approved
CHEMBL4297522,CCN1C(=O)N(c2c(F)c(OC)cc(OC)c2F)Cc2cnc3[nH]c(CN4CCOCC4)cc3c21,PEMIGATINIB,4,487.51,approved
CHEMBL4297526,COC(=O)CC[C@@H]1N=C(c2ccccn2)c2cc(Br)ccc2-n2c(C)cnc21,REMIMAZOLAM,4,439.31,approved
CHEMBL4297528,Cc1cn2nc(-c3cc(=O)n4cc(N5CCNC6(CC6)C5)ccc4n3)cc(C)c2n1,RISDIPLAM,4,401.47,approved
CHEMBL4297534,CN1CC[C@@H](NC(=O)Nc2ccc(C#N)cc2)C[C@@H]1c1nc2ccccc2[nH]1.O=C(O)/C=C\C(=O)O,"GLASDEGIB MALEATE",4,490.52,approved
CHEMBL4297585,CCCCCCC(=O)OCC(COC(=O)CCCCCC)OC(=O)CCCCCC,TRIHEPTANOIN,4,428.61,approved
CHEMBL4297590,COc1ccc(-n2nccn2)c(C(=O)N2CCC[C@@]2(C)c2nc3c(C)c(Cl)ccc3[nH]2)c1,DARIDOREXANT,4,450.93,approved
CHEMBL4297610,C[C@H](Nc1ccc(C#N)n(C)c1=O)c1cc2cc(Cl)ccc2[nH]c1=O,OLUTASIDENIB,4,354.8,approved
CHEMBL4297620,NC(=O)OC[C@H](N)Cc1ccccc1,SOLRIAMFETOL,4,194.23,approved
CHEMBL4297666,CC(C)OC(=O)CNc1cccc(CN(Cc2ccc(-n3cccn3)cc2)S(=O)(=O)c2cccnc2)n1,"OMIDENEPAG ISOPROPYL",4,520.62,approved
CHEMBL4298128,Cc1nn(C)cc1S(=O)(=O)NC(=O)c1ccc(-n2ccc(OCC(C)(C)C(F)(F)F)n2)nc1N1C[C@@H](C)CC1(C)C,ELEXACAFTOR,4,597.66,approved
CHEMBL4298137,CC1=C[C@@H]2CN(C(=O)N2OS(=O)(=O)O)[C@@H]1C(N)=O,DURLOBACTAM,4,277.26,approved
CHEMBL4298138,C[C@H]1CNC(=O)c2cnn3ccc(nc23)N[C@H](C)c2cc(F)ccc2O1,REPOTRECTINIB,4,355.37,approved
CHEMBL4298139,COC(=O)[C@H](c1ccccc1)[C@H]1CCCCN1C(=O)OC[n+]1cccc(C(=O)N[C@@H](CO)C(=O)O)c1.[Cl-],"SERDEXMETHYLPHENIDATE CHLORIDE",4,535.98,approved
CHEMBL4298167,O=C(Nc1nc2cccc(-c3ccc(CN4CCS(=O)(=O)CC4)cc3)n2n1)C1CC1.O=C(O)/C=C\C(=O)O,"FILGOTINIB MALEATE",4,541.59,approved
CHEMBL4298171,COc1cc(F)c(-n2c(=O)[nH]c3csc(C(=O)[O-])c3c2=O)cc1OCc1c(OC)ccc(F)c1F.C[N+](C)(C)CCO,"LINZAGOLIX CHOLINE",4,611.6,approved
CHEMBL4299851,O=C(O)CC[C@H](NC(=O)N[C@@H](CCCCNC(=O)c1ccc(F)nc1)C(=O)O)C(=O)O,PIFLUFOLASTAT,4,442.4,approved
CHEMBL4299940,O=C(c1ccc(NS(=O)(=O)c2cccc3cccnc23)cc1)N1CCN(CC2CC2)CC1,MITAPIVAT,4,450.56,approved
CHEMBL4301162,COC(=O)[C@H](c1ccccc1)[C@H]1CCCCN1C(=O)OC[n+]1cccc(C(=O)N[C@@H](CO)C(=O)O)c1,SERDEXMETHYLPHENIDATE,4,500.53,approved
CHEMBL4303060,CCOC(=O)[C@H](Cc1ccc(F)cc1)NC(=O)[C@@H](N)Cc1ccc(N(CCCl)CCCl)cc1,"MELPHALAN FLUFENAMIDE",4,498.43,approved
CHEMBL4303214,CNC(=O)c1c(C)oc2cc(Oc3ncnc4cc(OC)c(OC)cc34)ccc12,FRUQUINTINIB,4,393.4,approved
CHEMBL4303288,Nc1nc(NC2CC2)c2ncn([C@H]3C=C[C@@H](CO)C3)c2n1.Nc1nc(NC2CC2)c2ncn([C@H]3C=C[C@@H](CO)C3)c2n1.O=S(=O)(O)O,"ABACAVIR SULFATE",4,670.76,approved
CHEMBL4303454,C[C@@H](O)[C@H]1C(=O)N2C(C(=O)O)=C(S[C@@H]3CN[C@H](CNS(N)(=O)=O)C3)[C@H](C)[C@H]12.O,"DORIPENEM MONOHYDRATE",4,438.53,approved
CHEMBL4303525,CC1(C)CC[C@]2(NC(=O)C(C)(F)F)CC[C@]3(C)[C@H](C(=O)C=C4[C@@]5(C)C=C(C#N)C(=O)C(C)(C)[C@@H]5CC[C@]43C)[C@@H]2C1,OMAVELOXOLONE,4,554.72,approved
CHEMBL4303669,O.O=P(O)(O)C(O)(Cn1ccnc1)P(=O)(O)O,"ZOLEDRONIC ACID",4,290.11,approved
CHEMBL4435170,[2H]C([2H])([2H])NC(=O)c1nnc(NC(=O)C2CC2)cc1Nc1cccc(-c2ncn(C)n2)c1OC,DEUCRAVACITINIB,4,425.47,approved
CHEMBL4535757,C=CC(=O)N1CCN(c2nc(=O)n(-c3c(C)ccnc3C(C)C)c3nc(-c4c(O)cccc4F)c(F)cc23)[C@@H](C)C1,SOTORASIB,4,560.61,approved
CHEMBL4559134,COc1ccc(CN2C3CC2CN(c2ccc(-c4cc(OCC(C)(C)O)cn5ncc(C#N)c45)cn2)C3)cn1,SELPERCATINIB,4,525.61,approved
CHEMBL4582651,CO[C@]1(C(=O)N[C@@H](C)c2ccc(-n3cc(F)cn3)nc2)CC[C@H](c2nc(C)cc(Nc3cc(C)[nH]n3)n2)CC1,PRALSETINIB,4,533.61,approved
CHEMBL4585668,CS(=O)(=O)c1ccc(Oc2cc(F)cc(C#N)c2)c2c1[C@H](O)[C@H](F)[C@@H]2F,BELZUTIFAN,4,383.35,approved
CHEMBL4594217,Cc1ccc([C@@H]2O[C@H](CO)[C@@H](O)[C@H](O)[C@H]2O)cc1Cc1ccc(-c2ccc(F)cc2)s1.O,CANAGLIFLOZIN,4,462.54,approved
CHEMBL4594250,Cc1ccc(C(=O)OCc2ccc([C@@H](CN)C(=O)Nc3ccc4cnccc4c3)cc2)c(C)c1,NETARSUDIL,4,453.54,approved
CHEMBL4594251,CS(=O)(=O)O.CS(=O)(=O)O.Cc1ccc(C(=O)OCc2ccc([C@@H](CN)C(=O)Nc3ccc4cnccc4c3)cc2)c(C)c1,"NETARSUDIL DIMESYLATE",4,645.76,approved
CHEMBL4594260,Br.CCN(c1cc(-c2ccc(CN3CCOCC3)cc2)cc(C(=O)NCc2c(C)cc(C)[nH]c2=O)c1C)C1CCOCC1,"TAZEMETOSTAT HYDROBROMIDE",4,653.66,approved
CHEMBL4594261,C[C@]12CC[C@@H]3c4ccc(O)cc4CC[C@H]3[C@@H]1C[C@@H]([18F])[C@@H]2O,"FLUOROESTRADIOL F-18",4,289.38,approved
CHEMBL4594262,CCOC(=O)C1=C(COCCN)NC(C)=C(C(=O)OC)C1c1ccccc1Cl.O=C(O)c1ccccc1,"AMLODIPINE BENZOATE",4,531.01,approved
CHEMBL4594271,N#Cc1cccc(C(NCC2CC2)c2ccc(F)c(NC(=O)c3cc(C(F)(F)F)nn3-c3cccc(CN)c3)c2)c1,BEROTRALSTAT,4,562.57,approved
CHEMBL4594272,Cl.Cl.N#Cc1cccc(C(NCC2CC2)c2ccc(F)c(NC(=O)c3cc(C(F)(F)F)nn3-c3cccc(CN)c3)c2)c1,"BEROTRALSTAT HYDROCHLORIDE",4,635.49,approved
CHEMBL4594273,CCNCCc1ccc(CN(CC)c2cc(OC)ccc2[C@@H]2CCc3cc(O)ccc3C2)cc1.Cl.Cl,"ELACESTRANT HYDROCHLORIDE",4,531.57,approved
CHEMBL4594288,CCOC(=O)C1=C(COCCN)NC(C)=C(C(=O)OC)[C@@H]1c1ccccc1Cl.O=C(O)/C=C\C(=O)O,"LEVAMLODIPINE MALEATE",4,524.95,approved
CHEMBL4594292,CN1CCC(COc2cnc(-c3cccc(Cn4nc(-c5cccc(C#N)c5)ccc4=O)c3)nc2)CC1.Cl.O,"TEPOTINIB HYDROCHLORIDE",4,547.06,approved
CHEMBL4594293,CC#CC(=O)N1CCC[C@H]1c1nc(-c2ccc(C(=O)Nc3ccccn3)cc2)c2c(N)nccn12.O=C(O)/C=C\C(=O)O,"ACALABRUTINIB MALEATE",4,581.59,approved
CHEMBL4594300,Br.Nc1nc(=O)c2c([nH]1)N[C@@H]1O[C@@H]3COP(=O)(O)O[C@@H]3C(O)(O)[C@@H]1N2.O.O,"FOSDENOPTERIN HYDROBROMIDE",4,480.17,approved
CHEMBL4594301,COC(=O)CC[C@@H]1N=C(c2ccccn2)c2cc(Br)ccc2-n2c(C)cnc21.O=S(=O)(O)c1ccccc1,"REMIMAZOLAM BESYLATE",4,597.49,approved
CHEMBL4594350,C=C(F)C(=O)N1CCN(c2nc(OC[C@@H]3CCCN3C)nc3c2CCN(c2cccc4cccc(Cl)c24)C3)C[C@@H]1CC#N,ADAGRASIB,4,604.13,approved
CHEMBL4594393,O=C([O-])CCCO.O=C([O-])CCCO.[Ca+2],"CALCIUM OXYBATE",4,246.27,approved
CHEMBL4594394,O=C([O-])CCCO.O=C([O-])CCCO.[Mg+2],"MAGNESIUM OXYBATE",4,230.5,approved
CHEMBL4594395,O=C([O-])CCCO.[K+],"POTASSIUM OXYBATE",4,142.19,approved
CHEMBL4594411,[129Xe],"XENON XE-129, HYPERPOLARIZED",4,128.9,approved
CHEMBL4596392,CNC(=O)c1nnc(NC(=O)C2CC2)cc1Nc1cccc(-c2ncn(C)n2)c1OC,CRAVACITINIB,4,422.45,approved
CHEMBL4650216,COc1ccc(-n2nccn2)c(C(=O)N2CCC[C@@]2(C)c2nc3c(C)c(Cl)ccc3[nH]2)c1.Cl,"DARIDOREXANT HYDROCHLORIDE",4,487.39,approved
CHEMBL4650220,Cc1cc(C[C@@H](NC(=O)N2CCC(c3cc4ccccc4[nH]c3=O)CC2)C(=O)N2CCN(C3CCN(C)CC3)CC2)cc2cn[nH]c12.Cl,"ZAVEGEPANT HYDROCHLORIDE",4,675.28,approved
CHEMBL4650272,CN1CCN(c2ccc(Nc3ncc4cc5n(c4n3)C3(CCCCC3)CNC5=O)nc2)CC1.Cl.Cl,"TRILACICLIB DIHYDROCHLORIDE",4,519.48,approved
CHEMBL4650319,C=CC(=O)Nc1cc(Nc2ncc(C(=O)OC(C)C)c(-c3cn(C)c4ccccc34)n2)c(OC)cc1N(C)CCN(C)C,MOBOCERTINIB,4,585.71,approved
CHEMBL4650485,COc1ccc(F)cc1C(=O)NCc1ccc(-c2nn([C@@H](C)C(F)(F)F)c(N)c2C(N)=O)cc1,PIRTOBRUTINIB,4,479.43,approved
CHEMBL4802130,CC(C)NC(=O)COc1cccc(-c2nc(Nc3ccc4[nH]ncc4c3)c3ccccc3n2)c1.CS(=O)(=O)O,"BELUMOSUDIL MESYLATE",4,548.63,approved
CHEMBL4802135,CC(C)(C)[C@H](NC(=O)C(F)(F)F)C(=O)N1C[C@H]2[C@@H]([C@H]1C(=O)N[C@H](C#N)C[C@@H]1CCNC1=O)C2(C)C,NIRMATRELVIR,4,499.53,approved
CHEMBL5095048,CC(N)Cc1ccccc1.C[C@H](N)Cc1ccccc1.C[C@H](N)Cc1ccccc1.NC(CC(=O)O)C(=O)O.O=S(=O)(O)O,"AMPHETAMINE ASPARTATE/DEXTROAMPHETAMINE SULFATE",4,636.81,approved
CHEMBL5095049,C1=C/COCc2cc(ccc2OCCN2CCCC2)Nc2nccc(n2)-c2cccc(c2)COC/1.O=C(O)CC(O)(CC(=O)O)C(=O)O,"PACRITINIB CITRATE",4,664.71,approved
CHEMBL5095050,CCCCCCCCCCCCOS(=O)(=O)O.CCCCCCCCc1ccc(CCC(N)(CO)CO)cc1,"FINGOLIMOD LAURYL SULFATE",4,573.88,approved
CHEMBL5095051,COc1ccc(C(CN(C)C)C2(O)CCCCC2)cc1.O=S(=O)(O)c1ccccc1,"VENLAFAXINE BESYLATE",4,435.59,approved
CHEMBL5095420,Cl.Cl.Cl.Cl.NCCNCCNCCN,"TRIENTINE TETRAHYDROCHLORIDE",4,292.08,approved
CHEMBL5095505,CC(N)Cc1ccccc1.C[C@H](N)Cc1ccccc1.C[C@H](N)Cc1ccccc1,AMPHETAMINE/DEXTROAMPHETAMINE,4,405.63,approved
CHEMBL5303393,O=C(O)C(O)C(O)C(=O)O.c1cnc2cc3c(cc2n1)[C@@H]1CNC[C@H]3C1,"VARENICLINE TARTRATE",4,361.35,approved
CHEMBL5314359,C[C@@H](O)[C@H]1C(=O)N2C(C(=O)[O-])=C(S[C@@H]3CN[C@H](C(=O)Nc4cccc(C(=O)O)c4)C3)[C@H](C)[C@H]12.O.[Na+],"ERTAPENEM SODIUM",4,515.52,approved
CHEMBL5314362,C=C1[C@H](CO)[C@@H](O)C[C@@H]1n1cnc2c(=O)[nH]c(N)nc21.O,ENTECAVIR,4,295.3,approved
CHEMBL5314373,C/C=C/C1=C(C(=O)O)N2C(=O)[C@@H](NC(=O)[C@H](N)c3ccc(O)cc3)[C@H]2SC1.O,"CEFPROZIL, (E)-",4,407.45,approved
CHEMBL5314375,Nc1ccn(C[C@@H](CO)OCP(=O)(O)O)c(=O)n1.O.O,CIDOFOVIR,4,315.22,approved
CHEMBL5314588,CCCCCCCCC(F)(F)C(F)(F)C(F)(F)C(F)(F)C(F)(F)C(F)(F)F,PERFLUOROHEXYLOCTANE,4,432.26,approved
CHEMBL5314600,CC#CC(=O)N1CC[C@@H](n2c(=O)n(-c3ccc(Oc4ccccc4)cc3)c3c(N)ncnc32)C1.Cl,"TIRABRUTINIB HYDROCHLORIDE",4,490.95,approved
CHEMBL5314649,C=CC(=O)N1C[C@H](Nc2ncnc3[nH]ccc23)CC[C@@H]1C.Cc1ccc(S(=O)(=O)O)cc1,"RITLECITINIB TOSYLATE",4,457.56,approved
CHEMBL5315049,N[C@@H](CC(=O)N1CCn2c(nnc2C(F)(F)F)C1)Cc1cc(F)c(F)cc1F.O=C(O)/C=C\C(=O)O,"SITAGLIPTIN FUMARATE",4,523.39,approved
CHEMBL5315052,C#CCN[C@@H]1CCc2ccccc21.C#CCN[C@@H]1CCc2ccccc21.O=C(O)C(O)C(O)C(=O)O,"RASAGILINE TARTRATE",4,492.57,approved
CHEMBL5315053,Nc1nc2[nH]cc(CCc3ccc(C(=O)N[C@@H](CCC(=O)O)C(=O)O)cc3)c2c(=O)[nH]1.O,"PEMETREXED MONOHYDRATE",4,445.43,approved
CHEMBL5315054,CCOc1ccc(Cc2cc([C@]34OC[C@](CO)(O3)[C@@H](O)[C@H](O)[C@H]4O)ccc2Cl)cc1.O=C1CC[C@@H](C(=O)O)N1,"ERTUGLIFLOZIN PIDOLATE",4,566,approved
CHEMBL5315055,C=C1CC[C@@]2(O)[C@H]3Cc4ccc(O)c5c4[C@@]2(CCN3CC2CC2)[C@H]1O5.Cl.O.O,"NALMEFENE HYDROCHLORIDE DIHYDRATE",4,411.93,approved
CHEMBL5315056,C=CCN1CC[C@]23c4c5ccc(O)c4O[C@H]2C(=O)CC[C@@]3(O)[C@H]1C5.Cl.O.O,"NALOXONE HYDROCHLORIDE DIHYDRATE",4,399.87,approved
CHEMBL5315117,CC(=O)N[C@H]1[C@H]([C@H](O)[C@H](O)CO)OC(C(=O)O)=C[C@@H]1NC(=N)N.O,"ZANAMIVIR HYDRATE",4,350.33,approved
CHEMBL5315118,CC#CCC(C)[C@H](O)/C=C/[C@@H]1[C@H]2C/C(=C/CCCC(=O)O)C[C@H]2C[C@H]1O.NC(CO)(CO)CO,"ILOPROST TROMETHAMINE",4,481.63,approved
CHEMBL5315121,O.O=C(NN1C(=O)[C@@H]2[C@@H]3C=C[C@@H]([C@H]4C[C@@H]34)[C@@H]2C1=O)c1ccc(C(F)(F)F)cc1,"TECOVIRIMAT MONOHYDRATE",4,394.35,approved
CHEMBL5315122,CC(C)C[C@H](NC(=O)[C@H](Cc1ccccc1)NC(=O)c1cnccn1)B1O[C@H]([C@H](O)CO)[C@@H]([C@H](O)CO)O1,"BORTEZOMIB D-MANNITOL",4,530.39,approved
CHEMBL5315125,C[C@H](Nc1ncnc2nc[nH]c12)c1cc2cccc(Cl)c2c(=O)n1-c1ccccc1.O,"DUVELISIB MONOHYDRATE",4,434.89,approved
CHEMBL543728,CN(CCCOc1ccc(NS(C)(=O)=O)cc1)CCc1ccc(NS(C)(=O)=O)cc1.Cl,,,492.06,random
CHEMBL1950966,CCO[C@H]1C[C@H](O)C2=C3c4cccc(O)c4C(=O)C[C@@H]3c3ccc(O)c1c32,"HYPOXYLONOL A",,364.4,random
CHEMBL1765635,CCCN(CCCCNC(C)=O)C1Cc2ccccc2C1,,,288.44,random
CHEMBL61027,COc1cc2c(cc1O)CN(/C(S)=N/CCc1ccc(Cl)cc1)C2,,,362.88,random
CHEMBL2425022,CCOC(=O)C(N)CSCP1(=O)OCC(OCn2cnc3c(=O)[nH]c(N)nc32)CO1,,,462.43,random
CHEMBL88409,Cc1cc(O)c2c(c1)O[C@@]1(C(N)=O)C(=CC=C[C@H]1O)C2=O,,,287.27,random
CHEMBL1732865,CN(C)c1ccc(C(=O)Nc2nc3ccccc3n2Cc2ccc(Cl)cc2)cc1,,,404.9,random
CHEMBL1173397,COc1ccc(C2CC(c3ccc(C)c(C)c3)=NN2C(C)=O)cc1,,,322.41,random
CHEMBL138136,CN(C)CCCOc1cccc2ccccc12,,,229.32,random
CHEMBL1794291,CCN(C(=O)Cn1nc(C)c([N+](=O)[O-])c1C)c1c(N)n(Cc2ccccc2)c(=O)[nH]c1=O,,,441.45,random
CHEMBL3263783,CCCP(=O)(Oc1cc(Nc2cc(-c3cccc(N)c3)ncn2)ccc1C)OC(C)C,,,440.48,random
CHEMBL303588,CC1SC(OC2CCCCC2)C(O)C(O)C1O,,,262.37,random
CHEMBL532373,Cc1ccc(Cc2cnc(CN3CCCCC3)c(O)c2)cc1,,,296.41,random
CHEMBL1471057,O=C(COC(=O)c1[nH]nc2ccccc12)Nc1ccccc1,,,295.3,random
CHEMBL3400697,CC(=S)NC[C@@H]1OC(=O)N2c3ccc(-c4ccc(C#N)nc4)cc3SC[C@@H]12,,,396.5,random
CHEMBL1433954,Cc1ccc(C(=O)c2oc3ccccc3c2NC(=O)COc2ccc(C(C)(C)C)cc2)cc1,,,441.53,random
CHEMBL1976806,N#Cc1c(N2CCCC2)nsc1Nc1ccc(F)cc1,,,288.35,random
CHEMBL3489093,COc1ncccc1C(=O)NC1CCOc2ccccc21,,,284.31,random
CHEMBL1643535,CCN1CCC(n2cc(-c3nnc(-c4cccc(OC)c4)o3)nn2)CC1,,,354.41,random
CHEMBL513035,Cc1cc(CNC(=O)c2cc(-c3ccc(N4CCCC4)cc3)n(C)n2)ccc1OC(C)(C)C(=O)O,,,476.58,random
CHEMBL2437415,Nc1cc(CN2CCC(C(=O)N3CCC(n4c(=O)n(Cc5ccccc5)c5cc(F)ccc54)CC3)CC2)ccn1,,,542.66,random
CHEMBL311177,CCCOC(=O)[C@@H]1C2CC[C@H](C[C@@H]1OC(=O)c1ccccc1)N2C,,,331.41,random
CHEMBL3475475,Cn1cnnc1SCC(=O)NC1CC(=O)N(CCc2cccc(Cl)c2)C1,,,393.9,random
CHEMBL32994,C[Si](C)(C)c1cc(C(=O)Nc2ccc(C(=O)O)cc2)cc([Si](C)(C)C)c1,AMSILAROTENE,2,385.61,random
CHEMBL4289630,COC(=O)c1cc2c3ccccc3n(Cc3ccccc3C(F)(F)F)c2c(-c2cn(C(C)=O)c3ccccc23)n1,,,541.53,random
CHEMBL13541,NS(=O)(=O)c1ccc(NNSC(=S)N2CCOCC2)cc1,,,348.48,random
CHEMBL88271,NC1CCN(CC(CO)OCP(=O)(O)O)C(=O)N1,,,283.22,random
CHEMBL202215,COc1ccc(C2=C(c3cc(OC)c(OC)c(OC)c3)C(=O)NC2=O)cc1,,,369.37,random
CHEMBL455549,NC(=O)c1ccccc1OCc1ccc(F)c(C(=O)N2CCNCC2)c1,,,357.39,random
CHEMBL4301589,Fc1cccc(C[n+]2ccc(Cn3c4ccccc4c4ccccc43)cc2)c1,,,367.45,random
CHEMBL1701145,CCOc1ccc(S(=O)(=O)NCC2(N3CCCCC3)CCCCC2)cc1,,,380.55,random
CHEMBL3556937,Cc1noc(C)c1CN1CCO[C@H]2CN(Cc3nccn3C)C[C@H]21,,,331.42,random
CHEMBL10661,COc1ccc(C2(O)OC(=O)C(c3ccc4c(c3)OCO4)=C2Cc2ccc(S(C)(=O)=O)cc2)cc1,,,494.52,random
CHEMBL3929001,CC1(C)CC(=O)N(Cc2ccc3c(-c4ccc(F)cc4)cc(C(N)=O)nc3c2)C(=O)C1,,,419.46,random
CHEMBL1453477,COC(=O)[C@H](CCSC)NC(=O)N1CCN(Cc2ccccc2)CC1,,,365.5,random
CHEMBL1467033,Cn1c(SCc2ccccc2F)nc2cccnc21,,,273.34,random
CHEMBL3622623,C=CC(=O)Nc1cc2c(Nc3ccc(OCc4ccccn4)c(Cl)c3)ncnc2cc1O[C@H]1CCOC1,,,517.97,random
CHEMBL106942,CC1Cc2cc(O)c3c(c2C(=O)O1)C(=O)C=C(C1=CC(=O)c2c(c(O)cc4c2C(=O)OC(C)C4)C1=O)C3=O,,,514.44,random
CHEMBL293677,CC(C)NC(=O)OCc1cn2c(c1COC(=O)NC(C)C)CCC2,,,337.42,random
CHEMBL305208,CC(=O)N1C[C@@H](CCl)c2c1cc(O)c1ccccc21,,,275.74,random
CHEMBL1642882,Cl.O=S(=O)(c1cccc(Cl)c1)c1n[nH]c2ccc(NC3CCNCC3)cc12,,,427.36,random
CHEMBL62946,CC(C)(C)c1cc(NC(=O)Nc2ccc(C(F)(F)F)cc2)on1,,,327.31,random
CHEMBL491846,c1nn(C2CCNCC2)cc1-c1cc(C2CCCCC2)no1,,,300.41,random
CHEMBL3191954,Cc1cc(/C=c2\sc3nc4ccccc4n3c2=O)c(C)n1-c1ccc(C(=O)O)cc1,,,415.47,random
CHEMBL2376724,Cc1ccc(S(=O)(=O)NCCCN2c3ccc(C)cc3Sc3cc4ccccc4nc32)cc1,,,475.64,random
CHEMBL2397831,CCN1CCN(c2nc(N)c3cc(OC)c(OC)cc3n2)CC1,,,317.39,random
CHEMBL1407996,O=C(CCCN1C(=O)/C(=C/c2cccc(Br)c2)SC1=S)NCCCN1CCOCC1,,,512.5,random
CHEMBL364084,O=C(N[C@@H]1C2CCN(CC2)[C@@H]1Cc1cccnc1)c1ccsc1,,,327.45,random
CHEMBL4225838,Cc1cccc([C@@H]2[C@@H](C(=O)NCc3ccccc3)OCC(=O)N2c2ccc(F)c(Cl)c2)c1,,,452.91,random
CHEMBL1645243,CC1CCCCN1C(C)CNC(=O)C(=O)Nc1ccc(Cl)c(F)c1,,,355.84,random
CHEMBL1823178,C=C(C(=O)OCCO)C(O)c1ccccc1[N+](=O)[O-],,,267.24,random
CHEMBL2041869,C=C(CC[C@@H](C)[C@H]1CC[C@@H]([C@@H]2C[C@H]3O[C@]34C[C@@H](O)CC[C@]4(C)C2=O)[C@]1(C)CCO)C(C)C,,,446.67,random
CHEMBL1499510,O=C(CSc1nc2cc(Cl)c[nH]c-2n1)N(Cc1ccccc1)C1CCS(=O)(=O)C1,,,450.97,random
CHEMBL1405795,O=C(O)[C@H]1[C@H]2C[C@H]3c4[nH]c5ccccc5c4CCN3C[C@@H]2CC[C@@H]1O,,,340.42,random
CHEMBL3663534,O=C(c1nc2ccccc2[nH]1)N1C2CCC1C(Nc1cnc(C(F)(F)F)cn1)C2,,,402.38,random
CHEMBL1871115,Cc1cccc(C(=O)NC2CCN(S(=O)(=O)c3cccc(F)c3)CC2)c1,,,376.45,random
CHEMBL507197,NC(=O)NC(=O)c1ccc(NC(=O)CBr)o1,,,290.07,random
CHEMBL2088157,Cc1cc(C)c(-n2c(SCC(=O)Nc3ccc(C)cc3Br)nc3cnccc32)c(C)c1,,,495.45,random
CHEMBL556760,Cl.O=S(=O)(c1ccc(NO)cc1)c1cccc2ccccc12,,,335.81,random
CHEMBL4071020,COc1cc2nc(S)n(-c3cccc(S(N)(=O)=O)c3)c(=O)c2cc1OC,,,393.45,random
CHEMBL603478,CN1CCC(C(=O)N2Cc3c(NC(=O)c4ccc(F)c(F)c4)n[nH]c3C2(C)C)CC1,,,417.46,random
CHEMBL2030127,CCCCOSSOCCCC,,,210.36,random
CHEMBL1392087,COC(=O)C(NC(C)=O)(Nc1nc2ccc(C)cc2s1)C(F)(F)F,,,361.35,random
CHEMBL3436808,CC[C@H]1CN2CC[C@H]1C[C@@H]2CNCc1cccc(C#N)c1,,,283.42,random
CHEMBL389902,Oc1cc(O)cc([C@H](O)CNCCc2ccccc2)c1,,,273.33,random
CHEMBL1851667,N=c1ccc(-c2ccc(OCc3ccccc3)cc2)nn1CCCC(=O)O,,,363.42,random
CHEMBL114114,O=C(O)c1ccc(C=C2CCN(C(=O)C34CC5CC(CC(C5)C3)C4)CC2)cc1,,,379.5,random
CHEMBL3753480,CCCN(CC)CCCCOc1cc2oc3cc(OCCCCN(CC)CCC)c(OC)c(CC=C(C)C)c3c(=O)c2c(O)c1CC=C(C)C,,,692.98,random
CHEMBL4214630,COc1cc(NC(C)CCCNCC2CCC3(CC2)OOC2(OO3)C3CC4CC(C3)CC2C4)c2ncccc2c1-c1ccoc1,,,617.79,random
CHEMBL1347394,O=C(NCc1ccccc1)Nc1cccc2ccccc12,,,276.34,random
CHEMBL1258831,Cc1cc(/C=C2\C(=O)Nc3ccc(F)c(F)c32)c2ccccc(OCCCN3CCOCC3)c1-2,,,464.51,random
CHEMBL66388,c1ccc2c(NCCCN3CCCC3)c3c(nc2c1)CCCCC3,,,323.48,random
CHEMBL255303,CCN(CC)C(=O)[C@@]1(c2ccc3sccc3c2)C[C@H]1CN,,,302.44,random
CHEMBL3488578,NS(=O)(=O)c1ccc(C(=O)N2CCCC2c2ccccc2)o1,,,320.37,random
CHEMBL3207840,COC(=O)N/N=C/C1=CCC2CC1C2(C)C,,,222.29,random
CHEMBL1319313,O=c1c2cc([N+](=O)[O-])ccc2nc2n1CCC2,,,231.21,random
CHEMBL1979289,Cl.NCCCNCCSSCc1ccccc1CSSCCNCCCN,,,471.23,random
CHEMBL1985432,COc1ccc(NCC(=O)Nn2c(C)nc3ccc(S(=O)(=O)Nc4ccc(OC)cc4)cc3c2=O)cc1,,,523.57,random
CHEMBL498352,Cc1ccccc1-c1nnc(C2(c3ccc(Cl)cc3)CCC2)n1C,,,337.85,random
CHEMBL2426011,CCOC(=O)c1cn(Cc2ccc(Cl)cc2Cl)c2cc(C(F)(F)F)ccc2c1=O,,,444.24,random
CHEMBL2137710,Cc1cc(Nc2ccc(F)cc2)c2ccccc2n1,,,252.29,random
CHEMBL3949347,CN(C)C/C=C/C(=O)Nc1cc2c(Nc3ccc4c(cnn4Cc4ccccc4)c3)ncnc2cn1,,,478.56,random
CHEMBL42950,CC(C)(C)NC(=O)N[C@@H]1C(O)c2cc(C(F)(F)F)ccc2OC1(C)C,,,360.38,random
CHEMBL1917620,CN(c1cccc(C#Cc2cc(Cl)ccc2OCC(=O)O)c1)S(C)(=O)=O,,,393.85,random
CHEMBL4213514,COc1ccc(N2C(=O)CN(Cc3ccccc3)C2=S)cc1,,,312.39,random
CHEMBL3972455,O=C(Nc1ccc(C#Cc2ccc3nc(NC(=O)Nc4ccc(F)c(Cl)c4)cn3n2)cc1)Nc1ccc(F)c(Cl)c1,,,592.39,random
CHEMBL232723,CC(=O)c1ccc(Nc2nc3ccc(C(=O)N(CCC(C)C)CCC(C)C)cc3n2CCCCN)cc1,,,505.71,random
CHEMBL3941235,N#CCC1(n2cc(C(N)=O)c(Nc3ccccc3)n2)CCN(C(=O)c2cccc3ccccc23)CC1,,,478.56,random
CHEMBL125882,CO[C@H]1C(=O)N2C(C(=O)N3CCC(O)C3)=C(COC(C)=O)CS(=O)(=O)[C@H]12,,,388.4,random
CHEMBL3703962,Cn1cc(-c2ccc3nnc(Sc4ccc5ncc(N6CCN(CC(F)(F)F)CC6)cc5c4)n3c2)cn1,,,524.58,random
CHEMBL479662,CC(=O)[C@H]1CC[C@H](NC(=O)c2cc3cc(Cl)ccc3[nH]2)[C@H](NC(=O)c2nc3c(s2)CN(C)CC3)C1,,,514.05,random
CHEMBL318989,Cn1c(-c2ccc(Cl)cc2)c(CCC(=O)N2CCC(CO)(c3ccccc3)CC2)c2cc(Cl)ccc21,,,521.49,random
CHEMBL3735250,CCC(C)n1cnc2cnc(Nc3ccnc(N4CCC(OC)CC4)n3)cc21,,,381.48,random
CHEMBL218634,C[C@@]12CC(C(F)(F)F)=NN1S(=O)(=O)N(c1ccc(C#N)c(C(F)(F)F)c1)C2=O,,,426.3,random
CHEMBL1470973,O=C(CSc1nc(-c2ccccc2)c(-c2ccccc2)o1)NCCCO,,,368.46,random
CHEMBL1778556,CC(=O)OCCc1sc(S(=O)(=O)NC(=O)Nc2cc(C(F)(F)F)c(F)c(N)n2)cc1C,,,484.45,random
CHEMBL3421762,c1ccc(Nc2nc3cccnc3[se]2)cc1,,,274.19,random
CHEMBL1476817,O=C(CCN1C(=O)c2ccccc2S1(=O)=O)NCc1ccccc1,,,344.39,random
CHEMBL2165699,O=C(NC(Cc1ccccc1)(c1cccc(C(F)(F)F)c1)c1ccccn1)c1cccc(C(F)(F)F)c1,,,514.47,random
CHEMBL2236890,CCCc1cc(-c2nc3c(s2)CCCO3)ccc1OCCCOc1ccc2c(c1)CC[C@H]2CC(=O)O,,,507.65,random
CHEMBL1204669,C[C@H]1[C@@H](C(=O)OCCC(=O)O)O[C@@H]2O[C@]3(C)CC[C@H]4[C@H](C)CC[C@@H]1C24OO3,,,384.43,random
CHEMBL1731397,CCOCCc1nn2c(=O)cc(COC(=O)CNC(=O)c3cccc(C)c3)nc2s1,,,430.49,random
CHEMBL1277162,COc1cc2ncnc(Oc3ccc(NC(=O)Nc4ccccc4)cc3)c2cc1OC,,,416.44,random
CHEMBL1257016,NP(=O)(OCc1ccc([N+](=O)[O-])cc1C(F)(F)F)N(CCCl)CCCl,,,424.14,random
CHEMBL2314421,[17F]CCC1OC2(CCN(Cc3ccccc3)CC2)c2ccccc21,[18F]FLUSPIDINE,,323.43,random
CHEMBL3244935,O=[N+]([O-])c1cc[n+]([O-])c2c([N+](=O)[O-])cccc12,,,235.16,random
CHEMBL96595,c1ccc2c(c1)OCC(CN1CCN(c3cccc4ccoc34)CC1)O2,,,350.42,random
CHEMBL1572571,CC(=O)c1ccc(Nc2nc(C)nc3c2oc2ccccc23)cc1.Cl,,,353.81,random
CHEMBL1704074,COC(=O)c1cnn(-c2ccccc2)c1/C=N/NC(=S)Nc1ccc(Cl)cc1,,,413.89,random
CHEMBL1333410,O=C(Oc1ccc2ccccc2c1Br)N1CCCCCC1,,,348.24,random
CHEMBL3441296,CC(=O)N1CC[C@@H](N2CCN(C)CC2)[C@@H]1Cc1ccccc1,,,301.43,random
CHEMBL2235436,O=C1N/C(=N\c2ccc(F)c(Cl)c2)S/C1=C\c1ccc(O)cc1,,,348.79,random
CHEMBL3582482,Cc1cncc(-c2nc3cc(F)c(F)cc3n2C2CC2)c1C,,,299.32,random
CHEMBL1419795,COCC1CCCN(Cc2nc(C(c3ccccc3)c3ccccc3)no2)C1,,,377.49,random
CHEMBL3640774,NCCCc1ccc(-c2cccnc2)o1,,,202.26,random
CHEMBL1339267,CCOC(=O)c1c(C)c(C(=O)N2CCN(C(=O)c3ccco3)CC2)c(C)n1C,,,387.44,random
CHEMBL333215,NNC(=O)Nc1csc(Cc2c(Cl)cccc2Cl)n1,,,317.2,random
CHEMBL1374071,Cl.O=C(CNCc1cccs1)NC12CC3CC(CC(C3)C1)C2,,,340.92,random
CHEMBL480830,CCOc1cc2ncc(C(N)=O)c(Nc3ccc(F)cc3F)c2cc1N1CCN(C(C)C)CC1,,,469.54,random
CHEMBL3774506,Cc1csc2ncnc(SCC(=O)O)c12,,,240.31,random
CHEMBL369141,COc1ccc(S(=O)(=O)N(CC(=O)NO)Cc2ccc(C)cc2)cc1,,,364.42,random
CHEMBL398036,O=S(=O)(c1cccc2ccccc12)N1CCOc2c(N3CCNCC3)cc(Cl)cc21,,,443.96,random
CHEMBL1451557,CCc1ccc(NC(=O)C(=O)NCCc2csc(-c3cccc(F)c3)n2)cc1,,,397.48,random
CHEMBL1188284,CCCN(CCc1ccc2ccccc2c1)CC(O)c1cccnc1,,,334.46,random
CHEMBL538811,Cc1ccc(-c2nnc(N=C(N)N)s2)cc1.Cl,,,269.76,random
CHEMBL3556537,c1ccc(CO[C@@H]2CC[C@H]3[C@H]2OCCN3Cc2ccsc2)nc1,,,330.45,random
CHEMBL2164359,O=C(NCc1ccc(OC(F)(F)F)cc1)C1c2ccccc2C(=O)N1Cc1ccc(C(F)(F)F)cn1,,,509.41,random
CHEMBL1601295,COC(=O)c1ccc(C(=O)NC2CCCc3c2cnn3-c2ccc(C)c(C)c2)cc1,,,403.48,random
CHEMBL593763,CNCc1cc(=O)oc2cc(OCc3cccc(Cl)c3)ccc12.CS(=O)(=O)O,,,425.89,random
CHEMBL352627,O=C(Nc1ccc(C[C@H](NC(=O)C2(S(=O)(=O)c3ccccc3)CCOCC2)C(=O)O)cc1)c1c(Cl)cccc1Cl,,,605.5,random
CHEMBL1400673,C=C(C)CN(CC)C(=O)CSc1nc(O)cc(=O)n1C1CCCC1,,,351.47,random
CHEMBL4228331,CCc1ccc(N(CC(C)C)S(=O)(=O)c2ccc(OCC3CCOCC3)c(S(C)(=N)=O)c2)cc1,,,508.71,random
CHEMBL4095709,O=C(OCc1cc(=O)n2nc(C3CC3)sc2n1)c1ccc(NC(=O)c2cccc3ccccc23)cc1,,,496.55,random
CHEMBL3694767,CCN(Cc1ccc(-c2nccnc2NS(=O)(=O)c2ccccc2Cl)cc1)c1ccccn1,,,479.99,random
CHEMBL2387397,CCCC[C@]1(CC)CS(=O)(=O)c2cc(CNCC(=O)O)c(OC)cc2[C@@H](c2ccccc2)N1,,,474.62,random
CHEMBL1808942,O=C(/C=C/[C@@H]1CC[C@@H](CC(=O)OCc2ccccc2)OO1)OCc1ccccc1,,,396.44,random
CHEMBL2373647,CCC(C)C(=O)OC1C2CC3=C4CC(=O)OC(c5ccoc5)[C@]4(C)CCC3[C@@](C)(C2=O)C(CC(=O)OC)C1(C)C,,,554.68,random
CHEMBL4212660,O=C(Oc1cccc(/C=C2\Cc3ccccc3C2=O)c1)c1ccccc1,,,340.38,random
CHEMBL3911572,O=C1NC(c2ccc(OCCCC(F)(F)F)cc2)(C(F)(F)F)CC(c2ccc(Cl)cc2)=C1c1nn[nH]n1,,,545.87,random
CHEMBL2251222,CCOC(=O)/C=C1\NCCN1Cc1ccc(Cl)nc1,,,281.74,random
CHEMBL475537,O=c1[nH]cnc2c(CN[C@H](CO)[C@H](O)CO)c[nH]c12,,,268.27,random
CHEMBL1300897,CC(=O)C1=C(O)C(=O)N(Cc2cccnc2)C1c1ccc(O)cc1,,,324.34,random
CHEMBL147788,O=C(CCc1ccccc1)c1ccccc1OCC(O)CN1CCN(c2ccccc2)CC1,,,444.58,random
CHEMBL310803,CSc1nc(O)c(C)c(C(C)c2c(F)cccc2F)n1,,,296.34,random
CHEMBL524019,CCN(CC)C(=O)c1c(Cl)c2cccnc2n2c(C(=O)N(C(C)C)C(C)C)nnc12,,,430.94,random
CHEMBL113336,CN1CCC(C#N)(c2ccc(Cl)c(Cl)c2)CC1,,,269.17,random
CHEMBL3486549,COC(=O)c1cc(OCC2CCC2)cc(C(=O)N[C@H]2CC[C@H](O)CC2)c1,,,361.44,random
CHEMBL1193268,COc1ccc2c(c1)C1(CCC2)CCNC1,,,217.31,random
CHEMBL4066340,Cc1cc2c(c(CO)c1CCO)C(=O)[C@H](C)[C@@H]2O,,,250.29,random
CHEMBL152446,COc1cc2c(c(OC)c1OC)-c1ccc(SC)c(=S)cc1[C@@H](/N=C(/C)S)CC2,,,447.65,random
CHEMBL3330337,Cl.N[C@]1(c2ccccc2)C[C@H]1c1ccccc1,,,245.75,random
CHEMBL1570041,O=C(O)C1CCCN1S(=O)(=O)c1ccc(Cl)cc1,,,289.74,random
CHEMBL142863,Cc1cnc(O)c([N+](=O)[O-])c1Sc1nc2ccccc2o1,,,303.3,random
CHEMBL1439010,Cc1ccc(C(=O)N2CCCC(Nc3ccc(F)cc3)C2)cc1C,,,326.42,random
CHEMBL2147735,C[C@H](OC(=O)c1coc(-c2ccccc2)n1)c1ccccc1,,,293.32,random
CHEMBL274240,O=C(Nc1nccs1)c1c(O)c2cccnc2n(-c2ccccc2)c1=O,,,364.39,random
CHEMBL136305,O=C(Cc1cc(C(F)(F)F)cc(C(F)(F)F)c1)NCC(c1cccc2c1OCO2)N1CCC(N2CCCCC2)CC1,,,585.59,random
CHEMBL2358290,Cc1cnc2ccc(F)cc2c1,,,161.18,random
CHEMBL29802,CN(Cc1ccccc1)CC1CN(c2c(F)cc3c(=O)c(C(=O)O)cn(C4CC4)c3c2F)CCO1,,,483.52,random
CHEMBL213933,COc1ccncc1-c1ccc2c(=O)c(-c3ccc(N4CCC(N(C)C)C4)nc3)coc2c1,,,442.52,random
CHEMBL321922,O=C(O)c1cn(C2CC2)c2cc(N3C[C@@H]4CCCN[C@@H]4C3)c(F)cc2c1=O,,,371.41,random
CHEMBL46046,O=C(COc1ccc(OCCNCC(O)COc2ccccc2)cc1)N1CCCC1,,,414.5,random
CHEMBL2170707,COC(=O)[C@H]1[C@@H](O)[C@@]2(O)c3c(OC)cc(C)cc3O[C@@]2(c2ccc(OC)cc2)[C@@H]1c1ccccc1,,,476.53,random
CHEMBL511819,CCCCC(/C=C1/CC(CO)(COC(=O)c2ccc(OC)cc2)OC1=O)CC,,,390.48,random
CHEMBL164360,CCOc1nc(NC)c(Cl)cc1C(=O)NC1CN(C)CCN(CC)C1,,,369.9,random
CHEMBL1452579,COc1cc(NC(=O)c2nc3cc(C)c(C)cc3n(C)c2=O)cc(OC)c1OC,,,397.43,random
CHEMBL4128775,O=c1c2oc3nc(-c4ccccc4)cc(C(F)(F)F)c3c2ncn1/N=C/c1ccc(Br)cc1,,,513.27,random
CHEMBL1178152,CNCc1ccc(C(F)(F)F)cc1,,,189.18,random
CHEMBL3971178,O=c1c2c[nH]nc2c2ccc(Oc3cccnc3)cc2n1CC(F)(F)F,,,360.3,random
CHEMBL3195080,CCCCNC(=O)CCCCC(=O)N/N=C/c1ccc(Cl)cc1,,,337.85,random
CHEMBL4086489,O=[N+]([O-])c1ccc(-c2ncncc2-c2cc(F)cc(F)c2)o1,,,303.22,random
CHEMBL1569997,COCCn1nnnc1C(c1cc2ccc(OC)cc2nc1O)N1CCc2ccccc2C1,,,446.51,random
CHEMBL1579322,Cc1cc(=O)oc2cc(OCCSCCN3CCOCC3)ccc12,,,349.45,random
CHEMBL3464718,O=C(c1ccccn1)N(CCO)Cc1cc(Br)ccc1F,,,353.19,random
CHEMBL1567816,CCCc1c(O)nc2ccccc2c1C,,,201.27,random
CHEMBL1436617,CCN(CC)C(=O)c1sc2c(c1C)c(=O)n(-c1ccc(C)c(C)c1)c(=O)n2Cc1cc(=O)n2ccccc2n1,,,543.65,random
CHEMBL3144070,Nc1ncc([C@@H]2O[C@H](COP(=O)(O)CC(=O)O)[C@@H](O)[C@H]2O)c(=O)[nH]1,,,365.24,random
CHEMBL582033,CCc1ccc(NC(=O)c2ccc(CN3CCCN(CC4CCCCC4)CC3)cc2)cc1.O=C(O)C(F)(F)F,,,547.66,random
CHEMBL2358489,CCOC(=O)[C@]12CCC=C1N(Cc1cccc3ccccc13)C(=O)[C@H](CC(=O)NCCCOC)C2,,,478.59,random
CHEMBL1318224,CN(CC(=O)Nc1ccc(Cl)cc1)C(=O)CNC(=O)c1ccc2c(c1)OCO2,,,403.82,random
CHEMBL3347696,Nc1ccccc1NC(=O)CCCCCCC(=O)Nc1cccc(-c2cn(-c3ccccc3)nn2)c1,,,482.59,random
CHEMBL1098231,CCOC(=O)C1=C(C)NC(C)=C(C(=O)OCC)C1c1cc(C(F)(F)F)cc(C(F)(F)F)c1,,,465.39,random
CHEMBL3440865,COC(=O)CCC(=O)N1CCc2nc(C(=O)N3CCOCC3)sc2CC1,,,381.45,random
CHEMBL1427667,COc1cccc(N(CC(=O)O)S(=O)(=O)c2ccccc2)c1,,,321.35,random
CHEMBL1733833,Cc1noc(C)c1COc1ccc(C(=O)OCC(=O)Nc2ccc(C(=O)N(C)C)cc2)cc1,,,451.48,random
CHEMBL94093,CN(C)CCc1cn(S(=O)(=O)c2ccc(N)cc2)c2ccccc12,,,343.45,random
CHEMBL1347007,COc1ccc(S(=O)(=O)N2CCC(C(=O)Nc3cccc(C(C)=O)c3)CC2)cc1,,,416.5,random
CHEMBL3925380,COc1ccc(-c2cn(Cc3ccccc3)nc2-c2cc(OC)c(OC)c(OC)c2)cc1O,,,446.5,random
CHEMBL1221658,CCN1c2cccc(F)c2C(N)=NC12CCN(C(=O)c1ccc(C#N)cc1)CC2,,,391.45,random
CHEMBL1455887,O=C(Nc1ccc(S(=O)(=O)N2CCC(c3nc4ccccc4s3)CC2)cc1)c1ccccc1F,,,495.6,random
CHEMBL2237226,CCN1CCN(C(=O)c2ccc3[nH]c(=O)c4c(c3c2)CCSC4)CC1,,,357.48,random
CHEMBL1889192,CC(=O)NC12CC3CC(C1)CC(C(=O)Nc1nccs1)(C3)C2,,,319.43,random
CHEMBL3260733,Cc1nn2c(=O)n(Cc3ccc(C(F)(F)F)nc3)nc2c(-c2ccncc2)c1-c1ccc(Cl)cc1,,,496.88,random
CHEMBL1683311,COCCNCc1ccc(-c2cc(-c3cccc(C(=O)NC(C)C)c3)n[nH]2)cc1,,,392.5,random
CHEMBL377636,O=C(Nc1c(-c2ccccc2)cnn1-c1ccccc1)c1ccc([N+](=O)[O-])cc1,,,384.4,random
CHEMBL4282662,CC12CC3CC(C)(C1)CC(C(=O)Nc1nc4ccccc4s1)(C3)C2,,,340.49,random
CHEMBL4243521,Cc1ccc(NC(=O)c2ccc(CN(CCN(C)C)C(=O)c3cccs3)cc2)cc1Nc1nccc(-c2cccnc2)n1,,,591.74,random
CHEMBL1381044,Cc1nc(NCCN2CCOCC2)c2oc3ccccc3c2n1.Cl,,,348.83,random
CHEMBL336637,O=c1ccn([C@@H]2O[C@H](CF)[C@@H](O)[C@H]2O)c(=O)[nH]1,,,246.19,random
CHEMBL3450862,Cc1cc(NCCSc2nccn2C)n2ncnc2n1,,,289.37,random
CHEMBL3665357,Cn1c2c(c3ccc(-n4ccc(OCc5ccc(F)cc5F)cc4=O)cc31)CCNCC2,,,435.47,random
CHEMBL354295,C[C@@H](NCc1cc(I)cc2nc(O)c(O)nc12)P(=O)(O)O,,,425.12,random
CHEMBL587615,O=C(Nc1ccc(SC(F)(F)F)cc1)Nc1ccc(Cl)c(Cl)c1,,,381.21,random
CHEMBL12706,O=C(O)Cc1cccc2nc(O)c(O)nc12,,,220.18,random
CHEMBL3655424,CCOC(=O)c1ccc2c(C(=O)NCc3cncc(F)c3)c(C(C)C)n(Cc3ccccc3)c2c1,,,473.55,random
CHEMBL2297668,O=C1C(SCc2ccc(Cl)cc2)=C(N2CCN(c3ccccc3F)CC2)C(=O)c2ccccc21,,,493,random
CHEMBL40992,Cc1sc(/C=C/c2cccc([C@@H](CCc3ccccc3C(C)(C)O)SCC3(CC(=O)O)CC3)c2)nc1C(C)C,,,563.83,random
CHEMBL4111612,Cc1ccc([C@H]2C[C@@H]2COc2nc(C)ncc2-c2ccc(=O)n(C3CC3)c2)nc1,,,388.47,random
CHEMBL371725,COc1ccc(Cn2c(Br)nc3c(=O)nc(NCc4ccccc4)[nH]c(=O)c32)cc1,,,468.31,random
CHEMBL333312,COc1ccc(S(=O)(=O)N(CC2CCCC2)C[C@@H](O)CN(CCc2ccccc2)C(=O)NCc2ccccc2)cc1,,,579.76,random
CHEMBL4070940,O=C(Nc1ccc2c(c1)Cc1ccccc1-2)c1cccnc1NCc1ccncc1,,,392.46,random
CHEMBL421397,CC(=O)O[C@H]([C@@H](O)C[C@@H](C)C1=C2C[C@H](O)C3[C@@]4(C)CCC(=O)C(C)(C)C4CC[C@]3(C)[C@@]2(C)CC1)C(C)(C)O,,,532.76,random
CHEMBL2299305,COc1ccccc1-n1c(-c2sc(N3CCN(C)CC3)nc2-c2ccccc2)nc2ccccc2c1=O,,,509.64,random
CHEMBL575403,NC1CCN(c2c(F)cc3c(=O)c(C(=O)O)cn4c3c2Oc2ccccc2-4)C1,,,381.36,random
CHEMBL3114488,CN1CCN(c2ccccc2C2SC(CC(=O)N3CCC(N4CCc5ccccc5NC4=O)CC3)C(=O)N2CCC(C)(C)C)CC1,,,646.9,random
CHEMBL3647518,C=CC(=O)N1CCC2(CC(n3nc(-c4ccc(Oc5ccccc5)cc4)c4c(N)ncnc43)C2)C1,,,466.55,random
CHEMBL1494037,CCOC(=O)c1sc(-c2ccc(C)cc2)c(C#N)c1C,,,285.37,random
CHEMBL457601,C/C(=C\CC[C@@H](C)[C@H]1CC[C@@]2(C)C3=C(CC[C@]12C)[C@@]1(C)CCC(=O)C(C)(C)[C@@H]1CC3=O)CO,"GANODERONE A",,454.7,random
CHEMBL1630952,CC(=O)OC[C@@H](OC(C)=O)[C@H]1O[C@@H](n2cnc3c(-c4ccccc4)ncnc32)[C@H](OC(C)=O)[C@@H]1OC(C)=O,,,526.5,random
CHEMBL438696,Cc1c(OCCCN(C)C)cn2ncnc(Oc3ccc(NC(=O)NC(=O)Cc4ccc(F)cc4)cc3F)c12,,,538.56,random
CHEMBL460812,C[C@@H](CO)NC(=O)c1cnc2ccccc2c1Cl,,,264.71,random
CHEMBL54127,Nc1nc(O)cc(Nc2ccc(Cl)c(Cl)c2)n1,,,271.11,random
CHEMBL169319,N[C@H](CC1CCCCC1)[C@H](O)C(=O)NNC(=O)c1cc(Cl)ccc1Cl,,,388.3,random
CHEMBL534830,CN(C)[C@@H]1C(O)=C(C(N)=O)C(=O)[C@@]2(O)C(O)=C3C(=O)c4c(O)ccc(C#Cc5ccccn5)c4C[C@H]3C[C@@H]12,,,515.52,random
CHEMBL1407750,Cc1nn2c(-c3cccc(NC(=O)c4ccc(Cl)cc4)c3)nnc2c2ccccc12,,,413.87,random
CHEMBL1324476,CC1CC(=O)c2cnc(NCC3CCCO3)nc2C1,,,261.32,random
CHEMBL415763,O=c1cc(NCC(O)c2cccc(O)c2)nc2c3ccccc3ccn12,,,347.37,random
CHEMBL3634085,CCc1ccc(OCc2ccc(C(=O)N(C)c3ccccc3)cc2)cc1,,,345.44,random
CHEMBL1575301,COc1ccc(-c2ocnc2C(=O)N2CCN(C(=O)C(c3ccccc3)c3ccccc3)CC2)cc1,,,481.55,random
CHEMBL1300664,CCc1ccccc1N(C(=O)c1snc(C(N)=O)c1N)C(C(=O)NCC1CCCO1)c1ccc(C)o1,,,511.6,random
CHEMBL472779,COCCOc1cc(C(=N)N(C)C)ccc1C(=O)Nc1ccc(Cl)cc1C(=O)Nc1ccc(Cl)cn1,,,530.41,random
CHEMBL4205458,CC(=O)N1CC(CC(=O)NO)(NS(=O)(=O)c2ccc(SCc3cc(C)nc4ccccc34)cc2)C1,,,514.63,random
CHEMBL521645,N#Cc1ccc2[nH]c(-c3ccnc(Cl)c3)c(-c3ccc(F)cc3)c2n1,,,348.77,random
CHEMBL550714,CCN(CC)Cc1c(O)c(OC)cc2nc3c(cc12)CSc1ccc(C)cc1-3,,,394.54,random
CHEMBL1564003,COc1ccc(NC(=O)C2OCCc3ccccc32)c(OC)c1,,,313.35,random
CHEMBL2431252,CN1C[C@@](C)(c2cc(F)cc(F)c2)N(C/C=C/c2ccc3c(c2)C[C@@]2(C3)C(=O)Nc3ncccc32)C(=O)C12CCCC2,,,568.67,random
CHEMBL3446323,Cc1nc(N2CCN(C(=O)C3CC3)CC2)c2c(n1)c(C)nn2C,,,314.39,random
CHEMBL4226836,COc1ccc(/C=C/C(=O)c2nccc3c2[nH]c2ccccc23)cc1,,,328.37,random
CHEMBL1836578,CC1=Nc2ccc(-c3cccc4ccccc34)cc2C(c2ccccc2)N1CCN1CCCCC1,,,459.64,random
CHEMBL3647039,CCc1cccc(CC)c1-c1cc(C)c2c(n1)CCN(c1c(C)ccnc1C)C2,,,385.56,random
CHEMBL1079669,CCOC(Cc1ccc(OCc2nc(-c3ccc(OC)cc3)c(-c3ccc(C(F)(F)F)cc3)s2)cc1)C(=O)O,,,557.59,random
CHEMBL1995792,CCCN.CCOP1(=O)N/C(=N/C#N)N(C)C1(C)C,,,289.32,random
CHEMBL3824365,COc1cc(-c2ncn(C)c2-c2ccc3c(c2)c(Cl)cn3C)cc(I)c1OC,,,507.76,random
CHEMBL2047706,O=C(NCCSSCCNC(=O)/C(Cc1ccc(F)cc1)=N/O)/C(Cc1ccc(F)cc1)=N/O,,,510.59,random
CHEMBL2010997,Cc1cc(C)nc(SCC(=O)c2ccc(Cl)c(S(N)(=O)=O)c2)n1,,,371.87,random
CHEMBL1450204,COCCN1C(=O)/C(=C/c2c(OC)cc(OC)cc2OC)C(=O)N(c2ccccc2)C1=O,,,440.45,random
CHEMBL1999630,Cc1ccccc1NC1=C/C(=N\S(=O)(=O)c2ccc(C(=O)O)cc2)c2ccccc2C1=O,,,446.48,random
CHEMBL3184559,CCCCc1c(-c2ccccc2OC)ncn1C(C)c1ccccc1.O=C(O)C(F)(F)F,,,448.49,random
CHEMBL4100622,CNCc1cc(-c2cccc(F)c2)n(S(=O)(=O)c2ccc(C)cc2)c1,,,358.44,random
CHEMBL4105490,COc1ccc(-c2ccc3nccc(Nc4cccc(C(=O)N5CCN(C)CC5)c4)c3c2)cc1C(N)=O,,,495.58,random
CHEMBL2260926,CNC(C)COc1ccc(Cl)cc1Cl.O=C(O)C(=O)O,,,324.16,random
CHEMBL246242,O=C(O)c1ccc2nc(-c3ccc(F)cc3)c(-c3ccc(F)cc3)nc2c1,,,362.33,random
CHEMBL1410217,COc1ccc(C)cc1S(=O)(=O)Nc1cccc(-c2cn3cccnc3n2)c1,,,394.46,random
CHEMBL3260250,Cc1ccccc1C(=O)O/N=C/C1=CC(=O)C(C(C)C)=CC1=O,,,311.34,random
CHEMBL1330152,CCn1c2ccc(C)cc2c2nc3cc(C(=O)O)ccc3nc21,,,305.34,random
CHEMBL3652684,NC1=N[C@@H](CCOc2ccccc2)CO1,,,206.25,random
CHEMBL1731325,COc1ccc2sc(-c3ccc(N(C)C)cc3)c(-c3cnc(OC)nc3)c2c1,,,391.5,random
CHEMBL84098,CCOC(=O)N(CC(=O)O)C(=O)c1c(OCC(F)(F)F)ccc2c(C(F)(F)F)c(OC)ccc12,,,497.34,random
CHEMBL2335033,CC(=O)O[C@@H]1[C@@H]2OC[C@]3(C)C=CC(=O)[C@](C)([C@H]4CC[C@]5(C)C(=CC[C@H]5c5ccoc5)[C@@]41C)[C@@H]23,,,450.58,random
CHEMBL1893092,CCOc1ccc(CCNC(=O)Cn2nc(CC)n3c(cc4ccccc43)c2=O)cc1,,,418.5,random
CHEMBL1173519,COC[C@@]12CNC[C@H](F)[C@]1(c1ccc(Cl)c(Cl)c1)C2,,,304.19,random
CHEMBL114581,O=C(Nc1cnccn1)C1=C(O)CCn2c1nc1ccccc12,,,307.31,random
CHEMBL1977495,ClCc1nc2cc(Cl)ccc2o1,,,202.04,random
CHEMBL3311069,c1coc(-c2nnc3sc(-c4ccc5c(c4)OCCO5)nn23)c1,,,326.34,random
CHEMBL368694,Nc1c(Br)c(=O)[nH]c(=O)n1CCCCCCCCP(=O)(O)O,,,398.19,random
CHEMBL1703252,COc1ccc(CNC(=O)CN(C)S(=O)(=O)c2ccc3c(c2)n(C)c(=O)c(=O)n3C)cc1,,,460.51,random
CHEMBL2048324,C[C@H](CCCBr)[C@H]1CC[C@H]2[C@@H]3CC=C4C[C@@H](O)CC[C@]4(C)[C@H]3CC[C@]12C,,,423.48,random
CHEMBL3471802,COCC(=O)N1CCCC2(CCN(c3ccsc3)C2=O)C1,,,308.4,random
CHEMBL1513097,Cc1ccc(C)c(NC(=O)CN(C)C(=O)c2oc3c(Cl)cccc3c2C)c1,,,384.86,random
CHEMBL275520,Cc1nc(N)ccc1CNC(=O)Cn1c(C)cc2c(c1=O)NC(=O)[C@H](CC(C)C)C2,,,411.51,random
CHEMBL1387000,O=S(=O)(c1cccs1)N1CCN(Cc2nc3ccccc3s2)CC1,,,379.53,random
CHEMBL3931067,O=C(NCC(=O)N1CCCC1)c1ccc2cc(Oc3ccc(C(F)F)cn3)ccc2n1,,,426.42,random
CHEMBL259405,CCC(C(C)C)[C@H]1O[C@@H]1[C@@H](C)[C@H]1CC[C@H]2[C@@H]3[C@H](O)C=C4C[C@@H](O)CC[C@]4(C)[C@H]3CC[C@]12C,,,444.7,random
CHEMBL1872759,CN(C(=O)CSc1nnc(O)nc1O)c1ccccc1,,,292.32,random
CHEMBL1707130,COc1ccc(Nc2nc(CN3CCOCC3)nc3sc4c(c23)CCC(C)C4)cc1OC,,,454.6,random
CHEMBL1163018,Nc1ncnc2c1N=CC2,,,134.14,random
CHEMBL2179583,CC(C)n1c(=O)n(C(=O)NCC2CCN(CC3(O)CCOCC3)CC2)c2cc(F)ccc21,,,448.54,random
CHEMBL253794,COc1cc(C(=O)OCC(C)(C)CC2=CC(=O)c3ccccc3C2=O)c(OC)c2ccccc12,,,458.51,random
CHEMBL3927605,N#CCC1(COC(=O)N2CC[C@@H](C#N)[C@H](n3cc(C(N)=O)c(Nc4ccc(F)cc4)n3)C2)CC1,,,465.49,random
CHEMBL1336922,COc1cc(/C=C(\C#N)c2nc3cc(C)ccc3[nH]2)cc([N+](=O)[O-])c1O,,,350.33,random
CHEMBL3084449,CCOC(=O)N1C[C@H]2CC[C@@H](C1)[C@H]2NCCNC(=O)c1cccc(Cl)c1,,,379.89,random
CHEMBL499803,C=CCOc1ccc(NC(=O)c2cccc(OC)c2)cc1,,,283.33,random
CHEMBL3213136,CCCNc1c(NS(=O)(=O)c2ccc(OC)c(OC)c2)c(=O)oc2ccccc12,,,418.47,random
CHEMBL1971974,CN(Cc1cnc2nc(N)nc(N)c2n1)c1ccc(C(=O)NCCCC(=O)O)cc1,,,410.44,random
CHEMBL451880,Cc1cc(Nc2ccc3ncccc3c2)n2ncnc2n1,,,276.3,random
CHEMBL3359405,Cc1nc2c(=O)n(Cc3ccccc3)nc(-c3ccsc3)c2c2cc(-c3ccccc3)nn12,,,449.54,random
CHEMBL321062,Cc1ccc(C2=NC(C(=O)NO)CO2)cc1,,,220.23,random
CHEMBL2019022,COc1ccc2[nH]c(SCc3ccccn3)nc2c1,,,271.35,random
CHEMBL1222679,COc1ccc(/C=C/C(=O)N2CCN(Cc3ccc(Cl)c(Cl)c3)CC2)cc1OC,,,435.35,random
CHEMBL209785,C[S+]([O-])c1ccccc1-c1cc2[nH]c3ccc(O)cc3c2c2c1C(=O)NC2=O,,,390.42,random
CHEMBL3561557,Cn1c(NC(=O)c2ccc3ccccc3c2)nc2ccccc21,,,301.35,random
CHEMBL3648936,Cc1nc(N)nc2c1cc(Br)c(=O)n2[C@H]1CC[C@H](O)CC1,,,353.22,random
CHEMBL4280830,O=C1NC(=O)C(Cc2ccc(OCC(=O)c3ccccc3)cc2)S1,,,341.39,random
CHEMBL1323094,O=C(CCc1nnc2ccc(NCc3ccco3)nn12)N1CCN(c2ccccc2F)CC1,,,449.49,random
CHEMBL1365377,CCc1ccc(OCCOCC(O)CN(CCO)CCO)cc1.Cl,,,363.88,random
CHEMBL271107,Cc1ccc(N2CCN(Cc3ccccc3)C2)cc1,,,252.36,random
CHEMBL3730102,Cc1nc(NC(C)c2cccc(-c3cnn(C)c3)c2)cc(-c2ccc3[nH]ccc3c2)n1,,,408.51,random
CHEMBL282126,CCN1C(=O)C(Cc2ccccc2)C(=O)N2N=CSC12,,,289.36,random
CHEMBL3490945,CC(NC(=O)NCCn1ccnc1)c1ccc2c(c1)OCCO2,,,316.36,random
CHEMBL173226,CCOc1c(C)cc2c(c1C)C=CC(C)(C)N2,,,231.34,random
CHEMBL4245261,O=C(COc1ccccc1F)NO,,,185.15,random
CHEMBL1098580,CC(=O)O[C@@H]1CC[C@@]2(C)[C@@H]3C[C@@H]4[C@H]5C[C@@]3(CC[C@@H]2[C@]1(C)C=O)C[C@@]45C,,,344.5,random
CHEMBL2407897,CN(C)Cc1ccc(/C=C/c2n[nH]c3cc(/C=C4/C(=O)Nc5ccccc54)ccc23)cc1,,,420.52,random
CHEMBL1907565,CNC(=N)NCC1CCOC1,,,157.22,random
CHEMBL1195594,COCCc1nccn1CC1CC(c2ccccc2)(c2ccccc2)C(=O)O1,,,376.46,random
CHEMBL205576,Cc1cc(C(=O)N(C)Cc2cccnc2)cc(OCc2cccc(Cl)c2)n1,,,381.86,random
CHEMBL2069777,O=C(O)c1ccc(N2C(=O)[C@@H]3[C@@H](ON(c4ccccc4)[C@H]3c3ccccc3O)C2=O)cc1,,,430.42,random
CHEMBL1473964,CCN1CCOC(=O)C1CC(=O)Nc1cccc(OC)c1,,,292.33,random
CHEMBL1331278,COc1cc(-c2nnc(-c3ccc(S(=O)(=O)c4ccccc4)cc3)o2)cc(OC)c1OC,,,452.49,random
CHEMBL100560,Cc1cc(C)c(OCC(O)C[C@@H](O)CC(=O)[O-])c(C(C)c2ccc(F)cc2)c1.[Na+],,,412.43,random
CHEMBL1955965,CC(O)(CS(=O)(=O)c1ccc(Br)cc1)c1nc(-c2ccc(Cl)cc2)no1,,,457.73,random
CHEMBL313990,O=C1c2cc(Cl)ccc2S(=O)(=O)N1CCCCN1CCC(n2c(=O)oc3ccccc32)CC1,,,489.98,random
CHEMBL583416,Cc1cnc(NC(=O)Nc2ccc(-c3ccc(NC(=O)Nc4ncc(C)s4)c(C)c3)cc2C)s1,,,492.63,random
CHEMBL1373405,c1ccc(Cn2nnnc2-c2cccs2)cc1,,,242.31,random
CHEMBL12027,C/C=C(\NC(=O)CCCCCCCCC)C(=O)O,,,255.36,random
CHEMBL240626,COC(C)COc1ccc(N2CCN(CCn3ncc4c3nc(N)n3nc(-c5ccco5)nc43)CC2)cc1,,,517.59,random
CHEMBL1829790,O=C1COc2ccc(-c3nn(-c4ccc(Cl)cc4)cc3-c3ccccc3)cc2N1,,,401.85,random
CHEMBL165160,Cc1cc2c(c(C#N)c1C)NC(=O)NC2C,,,215.26,random
CHEMBL3120388,CSc1ccc(/C=C2\SC(=O)N(C(C(=O)C3CC3)c3ccccc3F)C2=O)cc1,,,427.52,random
CHEMBL127389,N=C(N)c1ccc(CNC(=O)Cn2c(-c3ccccc3O)c(Cl)nc(NC3CCC3)c2=O)cc1,,,480.96,random
CHEMBL3640275,COc1nc(N2C[C@H]3C(=O)N(C)C(N)=N[C@@]3(c3c(F)cc(F)c(F)c3F)C2)nc(C)c1F,,,456.38,random
CHEMBL3792642,CNC[C@@H](Cc1ccccc1)N1CCN(CCC23CC4CC(CC(C4)C2)C3)[C@H](C(C)C)C1,,,437.72,random
CHEMBL1706298,CN(C)CCN1C(=O)C(O)=C(C(=O)c2ccc(S(=O)(=O)N3CCOCC3)cc2)C1c1ccc(F)cc1,,,517.58,random
CHEMBL78799,CCCCCCCCCCCCC/C=C1\C[C@@H](OC(C)=O)[C@H](CO)OC1=O,,,382.54,random
CHEMBL392553,CC(C)[C@H]1NC(=O)[C@@H](Cc2cccc(Cl)c2)NCCOc2ccccc2CCCNC(=O)[C@H](CNC(=N)N)NC1=O,,,586.14,random
CHEMBL1452192,NC(=O)C1(N2CCCCC2)CCN(C(=O)c2cccn3c(=O)c4cc(Cl)ccc4nc23)CC1,,,467.96,random
CHEMBL3672655,NS(=O)(=O)CCNC(=O)C(c1nc2ccc(-c3ccc(C(=O)NCC(F)(F)F)cc3)cc2s1)S(=O)(=O)Cc1ccc(F)cc1,,,672.7,random
CHEMBL1358726,CCOC(=O)c1ccccc1NC(=O)c1cc2c(s1)-c1ccccc1SC2,,,395.51,random
CHEMBL70377,CN1CCN(C2=Nc3cc(O)ccc3Nc3ccccc32)CC1,,,308.38,random
CHEMBL1947092,CN1[C@H]2CC[C@@H]1[C@@H](C(=O)OCCc1ccccc1)[C@@H](c1ccc(Cl)c(Cl)c1)C2,,,418.36,random
CHEMBL2047319,COc1cc(O)c2c(c1O)C(=O)c1cc(C)c(O)cc1C2=O,,,300.27,random
CHEMBL1807971,O=[N+]([O-])c1ccc(-c2nnc3n2NC(c2cccs2)S3)o1,,,321.34,random
CHEMBL143503,O=C(NCc1ccc(O)cc1)c1cc2cc(O)ccc2[nH]1,,,282.3,random
CHEMBL406917,Brc1ccc(-n2c(SCc3ccccc3)nnc2-c2ccncc2)cc1,,,423.34,random
CHEMBL245877,Cc1cccc(NC(=O)c2cc(-c3cccc4ccccc34)ccn2)n1,,,339.4,random
CHEMBL2418919,C=CCOC(=O)C1=C(C)NC(SCC(=O)Nc2cccc(Cl)c2)=C(C#N)C1c1ccc(O)c(OC)c1,,,526.01,random
CHEMBL2314612,CS(=O)(=O)CC[C@@H]1OCC[C@@]2(S(=O)(=O)c3ccc(C#N)c(C#N)c3)c3c(F)ccc(F)c3OC[C@@H]12,,,522.55,random
CHEMBL3494612,Nc1nc(CN2CCCC(Cn3cncn3)C2)nc2ccccc12,,,323.4,random
CHEMBL561813,O=c1c2cc(Br)cc(Br)c2nc(-c2ccccc2)n1/N=C/c1ccc([N+](=O)[O-])cc1,,,528.16,random
CHEMBL477739,CC(C)C(O)(CO)CC[C@@H](C)[C@H]1CC[C@H]2[C@@H]3[C@H](O)C=C4C[C@@H](O)CC[C@]4(C)[C@H]3CC[C@]12C,,,448.69,random
CHEMBL2235656,O=C1CCC(c2ccc(-c3ccccc3)cc2)=NN1c1ccc(S(=O)(=O)NC(=S)Nc2ccccc2)cc1,,,540.67,random
CHEMBL243952,S=C(N1CCC(Cc2ccccc2)CC1)N1N=C(c2ccccc2)CC1c1ccccc1,,,439.63,random
CHEMBL145977,O=C(O)CC[C@H](NC(=O)Oc1ccc(N(CCCl)CCCl)cc1Cl)C(=O)O,,,441.7,random
CHEMBL1454406,Cc1ncc([N+](=O)[O-])n1CC(=O)Nc1ccc(F)cc1F,,,296.23,random
CHEMBL2393052,CC(C)=C[C@H]1C[C@H](C)[C@]2(CC[C@]3(C)C[C@@H]4C(C)=CC(=O)[C@@H]4/C(C=O)=C\C[C@H]32)O1,,,382.54,random
CHEMBL1496239,CCCOc1cccc(C(=O)N(Cc2ccc(OC)c(OC)c2)C2CCS(=O)(=O)C2)c1,,,447.55,random
CHEMBL2325463,CN(Cc1cc(=O)n(Cc2ccccc2)[nH]1)c1cc(Cl)cc(Cl)c1,,,362.26,random
CHEMBL1868134,Cn1c(=O)c2c(nc(SCC(=O)NCc3ccco3)n2C)n(C)c1=O,,,363.4,random
CHEMBL2314012,C#Cc1ccc(NC(=O)c2cn(Cc3ccccc3)nn2)cc1,,,302.34,random
CHEMBL59048,N=C(N)c1ccc(C(=O)NCCC(=O)N[C@@H](CC(=O)O)C(=O)N[C@H](Cc2ccc(O)cc2)C(=O)O)cc1,,,513.51,random
CHEMBL3764644,Cc1cc2ccc(OCCNC3CCN(Cc4ccccc4)CC3)cc2oc1=O,,,392.5,random
CHEMBL566724,Cc1c(CN2CCSCC2)cc(-c2ccccc2)n1-c1ccccc1,,,348.52,random
CHEMBL33984,COc1ccc(-c2cc3nc(C(F)(F)F)ccc3c(NCCCN)n2)cc1,,,376.38,random
CHEMBL60031,Cc1cc2c(cc1C)N(C)CC(C1=NCCN1)O2,,,245.33,random
CHEMBL1707703,COCCn1c(SCC(=O)Nc2ccccc2F)nc2c(oc3ccccc32)c1=O,,,427.46,random
CHEMBL1607079,Cc1cc(C)n2ncc(C(=O)O)c2n1,,,191.19,random
CHEMBL1332476,CC(C)C(OC(=O)c1ccccc1)c1nccc2ccccc12,,,305.38,random
CHEMBL291498,CN1C2CCC1C(c1ccc(Cl)nc1)C2,,,222.72,random
CHEMBL21964,COc1ccc(-c2ccc(C(=O)O)cc2)cc1OC1CCCC1,,,312.37,random
CHEMBL54429,O=C(Cc1ccc(OCc2ccccc2)cc1)NO,,,257.29,random
CHEMBL3194363,Cc1c(C(=O)N/N=C/c2ccc(N3CCOCC3)cc2)nc2ccccn12,,,363.42,random
CHEMBL1557380,CCCCOC(=O)Nc1nnc(CC)s1,,,229.3,random
CHEMBL350276,CCCc1cc(Cl)c(O)c(C(=O)NC[C@@H]2CCCN2CC)c1OC,,,354.88,random
CHEMBL1740216,COc1ccc2c(c1)CC(N1CCN(C)CC1)c1cc(OC)ccc1S2,,,370.52,random
CHEMBL440295,COc1cc(C(=O)O)ccc1Cn1ccc2ccc(NC(=O)Cc3ccccc3)cc21,,,414.46,random
CHEMBL477744,CC(=O)Oc1ccc(OC(C)=O)c(OC(C)=O)c1CCC(C)CCCC(C)CCCC(C)CCCC(C)C,,,532.76,random
CHEMBL1494018,CCOC(=O)C1CCN(C(=O)CSc2cc(=O)n(C)c3ccccc23)CC1,,,388.49,random
CHEMBL3444557,CNC(=O)[C@H]1CCS(=O)(=O)[C@@H]2CN(Cc3ccc(OC)cc3)C[C@H]12,,,352.46,random
CHEMBL355566,CNc1cc(OC)c(C(=O)NC[C@@H]2CN(Cc3ccccc3)C[C@@H]2C)cc1Cl,,,401.94,random
CHEMBL43712,CCCCCCCN(CCCCCSc1ncc[nH]1)C(=O)Nc1ccc(F)cc1F,,,438.59,random
CHEMBL486569,O=C(Nc1nc2ccccc2[nH]1)c1ccc(Cl)cc1,,,271.71,random
CHEMBL4163601,CCCn1c(-c2ccccc2)nc2c(NC3CCCCC3)ncnc21,,,335.46,random
CHEMBL483605,CN(C)c1ccc([C@H]2CC(c3cc4ccccc4oc3=O)=NN2c2ccccc2)cc1,,,409.49,random
CHEMBL97880,C=C(C)[C@@]12C[C@@H](C)C34OC(Cc5ccccc5)(OC1[C@@H]3C=C(CNC(=O)Cc1ccc(O)c(OC)c1)C[C@]1(O)C(=O)C(C)=C[C@@H]41)O2,,,627.73,random
CHEMBL3444461,Cc1occc1C(=O)N1CCC2(CCC(C(=O)NCC3CC3)O2)CC1,,,346.43,random
CHEMBL3986560,O=C(CC1CCOCC1)N1CCC(Oc2ccc(NC(=O)N3Cc4ccncc4C3)cc2)CC1,,,464.57,random
CHEMBL4229106,CN(C)C1=NC(c2ccc3cc(OCC(=O)c4ccc(Br)cc4)ccc3c2)N=C(N)N1,,,480.37,random
CHEMBL1188498,COc1ccc(C(c2ccc(OC)cc2)[S+]([O-])CCN2CCC[C@@H](C(=O)O)C2)cc1,,,431.55,random
CHEMBL324090,COc1cc2c(cc1OC)CN(c1cc(N)c3cc(OC)c(OC)cc3n1)CC2,ABANOQUIL,2,395.46,random
CHEMBL235929,Cc1ccc(NS(=O)(=O)c2ccc(OCC(=O)N3CCOCC3)cc2)cc1,,,390.46,random
CHEMBL293851,COC12[C@@H]3N[C@@H]3CN1C1=C(C(=O)/C(=N/CCO)C(C)=C1O)[C@@H]2COC(N)=O,,,378.39,random
CHEMBL1723737,CSc1ccc(S(=O)(=O)NCC(=O)OCC(=O)N(C)C2CCCCC2)cc1[N+](=O)[O-],,,459.55,random
CHEMBL1890872,CC1CCN(C(=O)Cn2cc(SCC(=O)NCc3ccccc3Cl)c3ccccc32)CC1,,,470.04,random
CHEMBL12065,COC(=O)C1CC2=C(CN1)N(C)c1ccccc1C2,,,258.32,random
CHEMBL1877462,CCn1cnnc1SCC(=O)Nc1ccccc1C(=O)NC1CC1,,,345.43,random
CHEMBL3422752,CO/N=C1C(=C2/C(=O)Nc3ccc([N+](=O)[O-])cc32)/Nc2cc(F)c(F)cc2/1,,,372.29,random
CHEMBL1974625,NC(=O)COc1ccc(/C=N/NS(=O)(=O)c2ccccc2)cc1,,,333.37,random
CHEMBL1088462,COc1ccc2c(c1CC=C(C)C)O[C@H]1c3cc(CC=C(C)C)c(O)cc3OC[C@@]21O,"ERYSTAGALLIN A",,422.52,random
CHEMBL1483848,Cn1c(CNC(=O)c2ccc(Cl)c(Cl)c2)nnc1SCC(=O)Nc1sc2c(c1C#N)CCCC2,,,535.48,random
CHEMBL343975,CCCCC/C=C\C/C=C\C/C=C\C/C=C\CCCC(=O)NCC(O)CC,,,375.6,random
CHEMBL310300,NCCCN1C(=O)C(CN)N=C(c2ccccc2)c2cc(N(Cc3ccccc3)Cc3ccccc3)ccc21,,,517.68,random
CHEMBL3115096,COC1COCCC1N[C@@H]1C[C@H]2CN(C(N)=O)C[C@@]2(C(=O)N2CCc3ncc(C(F)(F)F)cc3C2)C1,,,511.55,random
CHEMBL4206626,COc1ncc(-c2ccc3ncn(CCCCCC(=O)N4CCOCC4)c(=O)c3c2)cc1NS(=O)(=O)c1ccc(F)cc1F,,,627.67,random
CHEMBL4103422,COC(=O)[C@@H]1C[C@H](CC(C)C)N(C(=O)c2ccccc2)[C@@]12C(=O)Nc1ccc(F)cc12,,,424.47,random
CHEMBL581575,O=C(COc1cnc2ccccc2n1)Nc1ccccc1Sc1ccc(Cl)cc1,,,421.91,random
CHEMBL3457904,COCC(C)NC(=O)CN1CCC2(CC1)OCCO2,,,272.35,random
CHEMBL3473852,Cn1ccnc1CN1CC[C@@H]2[C@@H](CCC(=O)N2CCc2c[nH]cn2)C1,,,342.45,random
CHEMBL219430,O=C(O)c1c(O)c(Cc2ccc(Cl)cc2)nc2c(-c3ccsc3)cccc12,,,395.87,random
CHEMBL1538596,Cc1cc(C)c2c(-n3cccc3)c(NC(=O)OCc3ccccc3)sc2n1,,,377.47,random
CHEMBL39950,CCN1c2ncccc2C(=O)N(C)c2cc(C)cnc21,,,268.32,random
CHEMBL1588192,CCOC(=O)Cn1c(=O)c2c(nc(Br)n2Cc2ccccc2)n(C)c1=O,,,421.25,random
CHEMBL3794249,O=C1OCc2cc(CCC3C4CN(C(=O)Cc5ccc(-n6cnnn6)cc5)CC34)ccc21,,,429.48,random
CHEMBL1275888,COc1cc(C(=O)Nc2c(O)c3ccc(O[C@@H]4OC(C)(C)[C@H](OC)[C@@H](OC(=O)c5ccc(C)[nH]5)[C@H]4O)cc3oc2=O)ccc1O,,,624.6,random
CHEMBL1824900,Cc1c(F)cccc1Cc1c(C(=O)N2CCN[C@@H](C)C2)c2cnc(O)cc2n1C1CCCCC1,,,464.59,random
CHEMBL4080218,COC(=O)C1=C(C)NC(c2ccccn2)=NC1Cc1ccccc1,,,321.38,random
CHEMBL580818,CCCn1c(O)nnc1SCC(=O)Nc1cc(Cl)ccc1Cl,,,361.25,random
CHEMBL3342389,CCOC(=O)c1cnc2scc(-c3ccc(Br)cc3)n12,,,351.23,random
CHEMBL4112075,COC(=O)[C@@H](C)NC(=O)c1cnc(Nc2ccc(OC(C)C)c(F)c2)n(Cc2ccc(Cl)cc2)c1=O,,,516.96,random
CHEMBL3542404,O=C(O)CCCc1nc2ccc(N(CCO)CCO)cc2[nH]1,,,307.35,random
CHEMBL1172473,Nc1nc(=S)[nH]c2c1c(-c1ccccc1)c(-c1ccccc1)n2Cc1ccccc1,,,408.53,random
CHEMBL1530640,OC[C@@H]1O[C@@H](n2cnc3c(SCc4ccccc4)ncnc32)[C@@H](O)[C@H]1O,,,374.42,random
CHEMBL1454205,Cc1cccc(N2CCN(C(=O)c3ccccn3)CC2C)c1,,,295.39,random
CHEMBL4129232,COc1ccc(Cl)cc1-c1nnc(S)[nH]1,,,241.7,random
CHEMBL1097773,O=C(CCc1ccccc1)CC(O)Cc1ccc(O)cc1,,,284.36,random
CHEMBL1497983,O=C1SC(SCc2ccccc2)=N/C1=C\c1ccco1,,,301.39,random
CHEMBL3698636,O=C(O)CCCCn1cc(-c2cccc3c(=O)cc(N4CCOCC4)[nH]c23)nn1,,,397.44,random
CHEMBL4210400,N#Cc1ccc(Nc2cc3[nH]c(-c4cccc(C(F)(F)F)c4)nc3cn2)nc1,,,380.33,random
CHEMBL42872,Cc1nn(C)c(N(C)C(=O)C(F)(F)F)c1C(=O)c1ccccc1F,,,343.28,random
CHEMBL1602782,O=S(=O)(c1ccccc1)N1CCN=C1SCc1ccccc1Cl,,,366.89,random
CHEMBL3561281,COc1cccc(-c2ccc(CN(C)C[C@@H]3Oc4cc(C#C[C@@H](C)O)ccc4S(=O)(=O)N([C@@H](C)CO)C[C@@H]3C)cc2)c1,,,592.76,random
CHEMBL2160208,O=C(NC1CCN(Cc2ccc(N3CCC(NC(=O)c4cccc(-c5cccnc5)c4)CC3)nc2)CC1)c1cccc(-c2cccnc2)c1,,,651.82,random
CHEMBL1221835,CC(=O)N[C@@H](CC[S+](C)[O-])C(=O)O,,,207.25,random
CHEMBL3485834,COC1CCCN(c2nc(C)nc3c2CCN(Cc2ccco2)CC3)C1,,,356.47,random
CHEMBL1965437,CC(C)(C)c1ccc2nc(-c3n[nH]c4ccc(Br)cc34)[nH]c2c1,,,369.27,random
CHEMBL1800332,N=C(N)c1ccc2cc(C#Cc3ccccc3)ccc2c1,,,270.33,random
CHEMBL133277,CN1C(=O)N(Cc2ccccc2)S(=O)(=O)c2nn(C)cc21,,,306.35,random
CHEMBL567160,CC(=O)OCO/N=[N+](\[O-])N1CCC[C@H]1COC(=O)Cc1ccc(-c2cc(C(F)(F)F)nn2-c2ccc(S(N)(=O)=O)cc2)cc1,,,640.6,random
CHEMBL608464,Nc1nc(OCCCCC2CCCCC2)nc2c1ncn2C1O[C@H](CO)[C@@H](O)[C@H]1O,,,421.5,random
CHEMBL1553387,Cc1cc(C)cc(NC(=O)CCc2nc(O)c3c4c(sc3n2)CCCC4)c1,,,381.5,random
CHEMBL1169443,COC(CCOCCCCCCCCCCCCc1cccc([125I])c1)COP(=O)([O-])OCC[N+](C)(C)C,,,653.6,random
CHEMBL2408975,CC(C)(CO)[C@@H](O)C(=O)NCCC(=O)NCC1CC1,,,272.35,random
CHEMBL2042952,Fc1ccc(-c2cc(-c3nc4ccc(Cl)cc4[nH]3)c3ccccc3n2)cc1,,,373.82,random
CHEMBL1076548,CC(C)c1ccc(NC(=O)Oc2ccc3c(c2)[C@]2(C)CCN(C(Cc4ccccc4)c4ccccc4)[C@@H]2N3C)cc1,,,545.73,random
CHEMBL1431195,CCC(C)NC(=O)CN(c1cc(Cl)ccc1OC)S(C)(=O)=O,,,348.85,random
CHEMBL2314770,Nc1nc(N2CCNCC2)c2cc[nH]c2n1,,,218.26,random
CHEMBL2430523,O=c1[nH]nc2n1-c1ccc(OCc3cccc(C(F)(F)F)c3)cc1SC2,,,379.36,random
CHEMBL315619,C[C@@H]1CCC2[C@]34OO[C@](C)(CCC13)O[C@H]4OC(=O)[C@]21CO1,,,296.32,random
CHEMBL1480846,O=Cc1c[nH]c2ccc(S(=O)(=O)N3CCOCC3)cc12,,,294.33,random
CHEMBL65289,CCOC(=O)CC1=NCC(c2cccc(OCc3ccc4ccccc4n3)c2)O1,,,390.44,random
CHEMBL1534086,Nc1cc(O)nc(SCC(=O)NNC(=O)Cc2ccccc2)n1,,,333.37,random
CHEMBL30810,CCCCCCCCCCCCCCCCNc1ccc(C(=O)OCC)c(C(=O)OCC)c1,,,461.69,random
CHEMBL525082,C=CCN1C[C@@H]2C(=O)CC[C@H]1CN2Cc1ccc(OC)cc1,,,300.4,random
CHEMBL3628258,NCCCC[C@H](NC(=O)[C@H](Cc1ccc(N)cc1)NC(=O)c1ccccc1)C(=O)N[C@H](C(N)=O)c1ccccc1,,,544.66,random
CHEMBL3327046,CO[C@H]1CC(=O)[C@@H]2C[C@@]34SS[C@]5(C[C@H]6C(=O)C[C@H](O)[C@H](O)[C@H]6N5C3=O)C(=O)N4[C@@H]2[C@H]1O,,,470.53,random
CHEMBL3937432,Cc1cc(Nc2cc(C(F)(F)F)ccn2)nc(-c2ccc(N3CCC4CCC(C(=O)O)CC4C3)nc2)c1,,,511.55,random
CHEMBL211443,CC(C)C[C@@H]1C(=O)N[C@H](C2Cc3ccccc3C2)C(=O)N1[C@@H](C(=O)N1CCOCC1)c1ccc(F)cc1F,,,525.6,random
CHEMBL4203931,CC(C)c1ccc(CNC(=O)c2ccn(Cc3ccc(F)c(F)c3)n2)cc1,,,369.42,random
CHEMBL1575679,Cl.c1ccc(CN2C3=NCCCN3c3ccccc32)cc1,,,299.81,random
CHEMBL3040224,Cc1cc(NCCCc2ccc(N)cc2)c2n[nH]c(=O)n2c1,,,297.36,random
CHEMBL383040,O=C(N[C@H](C(=O)NCC1CC1)c1ccccc1)C1CCN(C(=O)c2ccccc2-c2ccc(C(F)(F)F)cc2)CC1,,,563.62,random
CHEMBL4227573,c1ccc2cc([C@]34CNCC3C4)ccc2c1,,,209.29,random
CHEMBL3981917,CCCCN1C(=O)/C(=N/NC(=S)N[C@@H]2O[C@H](COC(C)=O)[C@@H](OC(C)=O)[C@H](OC(C)=O)[C@H]2OC(C)=O)c2ccccc21,,,606.65,random
CHEMBL3447375,Nc1nc(N)c2c(n1)OC1(CCN(C(=O)CC3CCCNC3)CC1)C2,,,346.44,random
CHEMBL3634789,Cc1n[nH]c2ccc(-c3cn[nH]c3)cc12,,,198.23,random
CHEMBL2178837,Oc1cccc(Oc2ccc(-c3cccc(O)c3)nc2)c1,,,279.3,random
CHEMBL1190707,NC1=Nc2c(F)cccc2CN1,,,165.17,random
CHEMBL3628594,O=C(O)c1ccc(Cn2nnc3c2C(=O)c2ccccc2C3=O)cc1,,,333.3,random
CHEMBL200794,CC(=O)Nc1cc(Cl)cc2cc(C(=O)N3CCN(Cc4ccc(F)cc4)C[C@H]3C)[nH]c12,,,442.92,random
CHEMBL2436761,CC(C)CCC(=O)NC1CCN(c2ncnc3c2nc(-c2ccccc2Cl)n3-c2ccc(Cl)cc2)CC1,,,537.5,random
CHEMBL407594,O=C1C(Cl)=C(Sc2ccccc2)C(=O)c2[nH]c(-c3ccccc3)nc21,,,366.83,random
CHEMBL214117,O=C(Cc1ccccc1)NCc1ccc(-c2nc(C(=O)N3CCCC(F)C3)co2)cc1,,,421.47,random
CHEMBL1462144,CCOc1ccc(C2(C)CC(=O)N(C)C2=O)cc1,,,247.29,random
CHEMBL1778707,Cc1[nH]c(/C=C2\C(=O)Nc3ccc(F)cc32)c(C)c1C(=O)O,,,300.29,random
CHEMBL1332817,Cl.O=C1CN=C(Nc2ccccc2F)N1c1ccccc1,,,305.74,random
CHEMBL4301779,Cc1ccc(C(N)Cc2c(C)[nH]c3ccc(Br)cc23)cc1,,,343.27,random
CHEMBL1202778,COc1cc(NCCCCCCN2CCN(CCO)CC2)c2nccc(C)c2c1Oc1cccc(C(F)(F)F)c1.Cl,,,597.12,random
CHEMBL2205077,CC1(C)[C@H]2CC=C(C[N+](C)(C)Cc3ccc(Oc4ccccc4)cc3)[C@@H]1C2.[I-],,,489.44,random
CHEMBL1198240,C1#Cc2ccc[n+](c2)CCCCCCCCCCC[n+]2cccc(c2)C#CCCCCCCCC1,,,470.75,random
CHEMBL1197715,COc1ccc(C(=O)C[N+]2=C(C)c3ccc(C)n3CC2)cc1,,,297.38,random
CHEMBL1766774,Nc1ncc(-c2cccc(O)c2)nc1C(=O)Nc1ccccc1,,,306.32,random
CHEMBL1965428,c1ccc2cc3c(cc2c1)OP1(Oc2cccc4cccnc24)(O3)Oc2cc3ccccc3cc2O1,,,491.44,random
CHEMBL2011082,O=C(O)c1c(-c2ccc[nH]c2=O)c2cc(C(F)(F)F)ccc2n1Cc1cc(F)ccc1F,,,448.35,random
CHEMBL3695337,CS(=O)(=O)c1cccc(-c2ccc(C[C@@H](C#N)NC(=O)[C@H]3NC4CCC3CC4)cc2)c1,,,437.57,random
CHEMBL2316910,O=C(O)c1cc2c(C#Cc3ccc(F)cc3F)c(-c3ccccc3)oc2cc1O,,,390.34,random
CHEMBL185208,O=C1Nc2c(Cl)cc(-c3ccncc3)cc2C2(CCCCC2)N1,,,327.82,random
CHEMBL1915467,O=C(NCCNc1nccc(-c2c(-c3cccc(O)c3)nc3sccn23)n1)Nc1cc(C(F)(F)F)cc(C(F)(F)F)c1,,,607.54,random
CHEMBL3437039,Cc1cccc2c1nc1n2[C@@H](CNC(=O)c2ccccn2)COC1,,,322.37,random
CHEMBL1290125,COc1c2occc2c(/N=C/c2ccccc2)c2ccc(=O)oc12,,,319.32,random
CHEMBL92271,CC(C)CNC(=O)c1ccc(C(=O)N2CCN(c3ncccc3NC(C)C)CC2)nc1,,,424.55,random
CHEMBL249232,CN(C)CCOc1ccc(C(c2ccccc2)c2ccc(Cl)cc2)c2ccccc12,,,415.96,random
CHEMBL3892928,COc1ccc(CC(=O)O)cc1-c1ccc(F)c2c1CN(C(=O)C1COc3ccccc3C1)CC2,,,475.52,random
CHEMBL1529446,CC(=O)C1=C(O)C(=O)N(Cc2ccco2)C1c1ccc2c(c1)OCO2,,,341.32,random
CHEMBL3695875,Cc1c(C)n(Cc2ccc(-c3ccccc3)cc2)c2ccc(C(=O)N[C@@H](C)c3cccc4ccccc34)cc12,,,508.67,random
CHEMBL140422,CCP(=O)(CC)[C@H](O)[C@H](CC1CCCCC1)NC(=O)[C@H](CC(C)C)NC(=O)[C@H](Cc1ccccc1)NC(=O)C1CCCC1,,,617.81,random
CHEMBL1598760,Cc1cccc(N2CCN(C(=O)c3ccoc3C)CC2)c1C,,,298.39,random
CHEMBL565940,CCCOc1c(C(=O)N/N=C/c2cccnc2N)sc(C(=O)N/N=C/c2cccnc2N)c1OCCC,,,524.61,random
CHEMBL571631,OC[C@H]1O[C@@H](n2cc(F)c3c(-c4ccoc4)ncnc32)[C@H](O)[C@@H]1O,,,335.29,random
CHEMBL3330546,COc1ccc2cc(-c3ccc(N)c(C)c3)ccc2c1,,,263.34,random
CHEMBL3912040,CC(C)(C)OC(=O)N1[C@@H]2CC[C@@H]1CC(Nc1ncnc(Nc3ccc(C#N)cc3F)c1[N+](=O)[O-])C2,,,483.5,random
CHEMBL61641,CCCN1CCC[C@H]2c3ccc(CO)c(O)c3CC[C@@H]21,,,275.39,random
CHEMBL611948,CC(C)(C(=O)Nc1ncc(F)s1)c1ccc(Cl)cc1,,,298.77,random
CHEMBL314826,CCC(=O)NC1c2cc(C#N)ccc2OC(C)(C)[C@H]1O,,,274.32,random
CHEMBL477373,CN1CCN(Cc2c3c(nc4ccccc24)-c2cc4ccccc4c(=O)n2C3)CC1,,,396.49,random
CHEMBL1580595,CC(C)N1C(=O)CC2(CC[N+](C)(CCOC(=O)C(O)(c3ccccc3)c3ccccc3)CC2)C1=O.[I-],,,606.5,random
CHEMBL1391926,CCS(=O)(=O)n1nc(-c2ccc(OC)cc2)nc1N,,,282.33,random
CHEMBL3476238,Cn1ccnc1-c1cn(CCCc2csc(N)n2)nn1,,,289.37,random
CHEMBL1944938,CCOC(=O)[C@H](C)NC(=O)N1C(c2ccc(OC)cc2OC(C)C)=N[C@H](c2ccc(Cl)cc2)[C@@H]1c1ccc(Cl)cc1,,,598.53,random
CHEMBL51490,CCCc1ccc(NCc2ccc3c(n2)NCCC3)c(=O)n1CC(=O)N[C@@H](CC(=O)O)c1cccnc1,,,504.59,random
CHEMBL4111149,C[C@]1(CC(=O)O)C[C@H](c2cccc(Cl)c2)[C@@H](c2ccc(Cl)cc2)N([C@H](CN(c2cccnc2)S(C)(=O)=O)C2CC2)C1=O,,,630.59,random
CHEMBL542953,CCN1CC[C@@](O)(/C=C/c2ccc(OC)cc2)[C@H](C(=O)/C=C/c2ccc(OC)cc2)C1.Cl,,,458,random
CHEMBL3485601,COc1cccc(N2CCN(C(=O)CCO)CC2=O)c1,,,278.31,random
CHEMBL568110,C[C@@H](Nc1cc(-c2nc3ccccc3nc2-c2ccc(F)cc2)ccn1)c1ccccc1,,,420.49,random
CHEMBL4112046,c1cnc2[nH]c3ccc([C@H]4CNCCO4)cc3c2c1,,,253.31,random
CHEMBL1320048,CC(=O)Nc1ccc(NC(=O)CSc2nnc(-c3ccco3)o2)cc1,,,358.38,random
CHEMBL96900,COC(=O)c1sc(C(C)(C)C)cc1NC(=O)Nc1cc(C)on1,,,337.4,random
CHEMBL3604632,Cc1cc(Nc2ncc(Cl)c(Nc3cn(C)nc3S(=O)(=O)C(C)C)n2)c(OC(C)C)cc1C1CCN(C)CC1,,,576.17,random
CHEMBL94492,CCCCCCCC/C=C\CCCCCCCC(=O)OCC1(CO)CCC(=O)O1,,,410.6,random
CHEMBL3771067,O=C(NO)[C@@H]1O[C@@H](c2ccc(C#Cc3ccccc3)cc2)[C@@H](O)[C@H]1O,,,339.35,random
CHEMBL1464413,CC(C)c1ccc(N(CC(=O)NCc2cccnc2)S(=O)(=O)c2ccccc2)cc1,,,423.54,random
CHEMBL467054,CC(C)c1onc(COc2c(F)cc(F)cc2F)c1COc1ccc(/C=C/c2cccc(C(=O)O)c2)c(Cl)c1,,,557.95,random
CHEMBL4115954,NCC1OB(O)c2cc(OCCO)cc(Br)c21,,,301.93,random
CHEMBL3687538,COc1cc(C(F)(F)F)ccc1-c1ncnc2cc(S(=O)(=O)Nc3nccs3)ccc12,,,466.47,random
CHEMBL1893416,Cc1sc2ccccc2[n+]1C,,,164.25,random
CHEMBL3985583,CNc1ncccc1-c1ccc2c3[nH]ncc3c(=O)n(CC(F)(F)F)c2c1,,,373.34,random
CHEMBL1322758,Cc1c(CNC2CCC(C)CC2)c(C(=O)O)c(C)n1Cc1ccccc1,,,354.49,random
CHEMBL1423892,CN1CCN(C(=O)C23CCC(C(Br)Br)(C2Br)C3(C)C)CC1,,,487.07,random
CHEMBL1380894,O=C(c1cc2cc(Br)ccc2o1)N1CCCCC1,,,308.18,random
CHEMBL2287732,CCC(=O)C1=C(c2c(C)cc(C)cc2C)C(=O)OC12CCCC2,,,312.41,random
CHEMBL1570042,COc1cc2c(cc1OC)CN(Cc1cccs1)CC2,,,289.4,random
CHEMBL222389,COc1ccc(C2=C(c3cc(OC)c(OC)c(OC)c3)C(=O)CC2C)cc1C(=O)[O-].[Na+],,,434.42,random
CHEMBL329007,COc1ccc(N(C)S(C)(=O)=O)cc1CN[C@H]1CCCN[C@H]1c1ccccc1,,,403.55,random
CHEMBL3104993,C[C@H]1CC[C@H]2C(C)(C)[C@H](O)CC[C@]2(C)[C@@]12Cc1c(O)cc3c(c1O2)CN(CCO)C3=O,,,429.56,random
CHEMBL1333482,COCCn1c(=O)[nH]c2cc(C(=O)NCCN3CCN(c4ccccc4F)CC3)ccc2c1=O,,,469.52,random
CHEMBL2138677,Cc1cc(C)cc(C(=O)NCC(=O)OCC(=O)N2CCCC2)c1,,,318.37,random
CHEMBL2004709,COc1cc(C2SCCCCCCCCCCSC(c3ccc(O)c(OC)c3)SCCCCCCCCCCS2)ccc1O,,,681.11,random
CHEMBL3109306,COc1cc(/C=C/c2cc(O)c(O)c(CC=C(C)C)c2)c(C/C=C(\C)CCC=C(C)C)c(OC)c1,,,476.66,random
CHEMBL3678361,O=C(O)C1(Cc2nc3cc(OCc4ccc5ccccc5n4)ccc3n2Cc2ccc(Cl)cc2)CCCC1,,,526.04,random
CHEMBL2178361,CN1CCN(c2ccc(Nc3ncc4nc(Nc5cccc([N+](=O)[O-])c5)n(C5CCCC5)c4n3)cc2)CC1,,,513.61,random
CHEMBL4300466,C[C@@H](O)[C@H]1C(=O)N2C(C(=O)[O-])=C(c3ccc4c(c3)-c3ccc(C[N+]56CC[N+](CC(N)=O)(CC5)CC6)cc3C4=O)[C@H](C)[C@H]12,,,571.65,random
CHEMBL1378441,COc1ccc(Nc2ncc(C(=O)N3CCN(c4ccc(OC)cc4)CC3)c3ccccc23)cc1,,,468.56,random
CHEMBL3496804,COc1ccccc1OCC(=O)NS(=O)(=O)c1ccccc1Br,,,400.25,random
CHEMBL1586337,CC1=C(C(=O)OCCOc2ccccc2)C(c2ccsc2)NC(=O)N1C,,,372.45,random
CHEMBL3446800,Cc1nccc(CN2Cc3nccn3CC2c2ccccc2)n1,,,305.39,random
CHEMBL372790,Cc1c(CCS(=O)(=O)c2ccc(C(=O)O)cc2)c2cc(Cl)ccc2n1C(c1ccccc1)c1ccccc1,,,544.07,random
CHEMBL1506223,CNCCOCC(O)CSc1ccccc1,,,241.36,random
CHEMBL1256309,COc1ccc(OC)c(/C=C/C(=O)c2cc(Cl)c[nH]2)c1,,,291.73,random
CHEMBL3218694,O=C(Nc1c(Cl)cncc1Cl)C(=O)c1cc(Cc2ccc(O)cc2)n2ccc(Cl)cc12,,,474.73,random
CHEMBL3899835,COc1cc2c(cc1F)N(Cc1ccccc1)C[C@@H](C)N(C(=O)Nc1cccnc1)[C@H]2C,,,434.52,random
CHEMBL564730,CC[C@@H](Nc1c(Nc2cccc(C(=O)N(C)C)c2OC)c(=O)c1=O)c1ccccc1,,,407.47,random
CHEMBL475634,N#C[C@@H]1CCCN1C(=O)[C@@H](N)CCC(=O)N1CCOCC1.O=C(O)C(F)(F)F,,,408.38,random
CHEMBL3827767,COc1ncccc1C(=O)Nc1cc2c(cc1OC(C)C)n(C)c(=O)n2C,,,370.41,random
CHEMBL3093470,COC(=O)CCc1ccc(O)c(O)c1,,,196.2,random
CHEMBL167697,CS(=O)(=O)NC(=O)c1ccc(C(=O)O)nc1,,,244.23,random
CHEMBL1342446,O=C(c1ccccc1)c1cc2ccccc2o1,,,222.24,random
CHEMBL3325517,CCOC(=O)c1[nH]c2ccc(Cl)cc2c1C(OCC)c1ccccc1,,,357.84,random
CHEMBL391332,CN1CCN([C@@H]2CN[C@H](C(=O)N3CCSC3)C2)CC1,,,284.43,random
CHEMBL2420461,COc1ccc(-c2csc(NC(=O)c3ccccc3)c2)cc1OC,,,339.42,random
CHEMBL1495155,CC(=O)Oc1ccc(C(=O)Nc2nccs2)cc1,,,262.29,random
CHEMBL1650949,COc1cc(CCCOC(=O)C2CCCCN2S(=O)(=O)c2cccc([N+](=O)[O-])c2)cc(OC)c1OC,,,522.58,random
CHEMBL1369931,CCOc1ccc(S(=O)(=O)NCc2ccc3c(c2)OCO3)cc1C(=O)O,,,379.39,random
CHEMBL2349412,CCn1c(SCCOC)nc2c(c1=O)C(C)(C)Cc1ccccc1-2,,,344.48,random
CHEMBL484021,COc1cc(O)c(-c2c(CO)cc(O)c3c2C(=O)c2cccc(O)c2C3=O)c(O)c1C(C)=O,"GABOROQUINONE B",,450.4,random
CHEMBL1573706,CCOc1ccc(-c2nc(CCl)cs2)cc1OC.Cl,,,320.24,random
CHEMBL358290,NS(=O)(=O)c1ccc(N/C(S)=N\CCc2ccccc2)cc1,,,335.45,random
CHEMBL461317,CCCCCCCCCCCCCCC(=O)C(=O)NCCCC(=O)CCCC,,,395.63,random
CHEMBL4170403,CCCCN1C(=O)c2cccc3c(CNCCCNCCCN)ccc1c23.Cl.Cl.Cl,,,477.91,random
CHEMBL586251,CCN1CCN(Cc2ccc(-c3ccc(NS(=O)(=O)c4cccc5cccnc45)cc3)cc2)CC1.O=C(O)C(F)(F)F,,,600.66,random
CHEMBL2314207,O=C(O)c1[nH]c2cccc(Cl)c2c1CCCOc1cccc2ccccc12,,,379.84,random
CHEMBL4239634,C=CC(=O)N[C@@H]1CCCN(c2ccc(C(N)=O)c(Oc3ccc(Oc4ccccc4)cc3)n2)C1,,,458.52,random
CHEMBL1593191,Fc1cccc(/C=N\N=C/c2cccc(F)c2)c1,,,244.24,random
CHEMBL548071,CCOc1cc(CNCCCCCCNCc2cc(OCC)c(OCC)c3ccccc23)c2ccccc2c1OCC,,,572.79,random
CHEMBL267101,CC(C)(C)C/C=C(\NC(=O)C1CC1(C)C)C(=O)O,,,253.34,random
CHEMBL352343,N[C@H](C(=O)N1CCSC1)[C@H]1CC[C@@H](OC(=O)Nc2ccc(Cl)c(Cl)c2)C1,,,418.35,random
CHEMBL1399643,NS(=O)(=O)c1ccc(NCc2ccccc2OCc2ccc(F)cc2)cc1,,,386.45,random
CHEMBL24632,CCCc1cc2c(cc1O)C(C)(C)C(CCc1ccc(SC)cc1)O2,,,356.53,random
CHEMBL3694931,CC(=O)NC(C)Cc1ccc(C#Cc2cnc(OC(C)CF)nc2)cc1,,,355.41,random
CHEMBL4061100,COc1ccccc1CN(C)CCCCCCN1C(=O)c2ccccc2C1=O,,,380.49,random
CHEMBL1767113,CCc1oc2cc(O)c(Br)cc2c1C(=O)c1cc(Br)c(O)c(Br)c1,,,518.98,random
CHEMBL4247561,O=C(CCN1CCC(Cc2ccc(F)cc2)CC1)c1c[nH]c2cc(O)c(O)cc12,,,396.46,random
CHEMBL1464166,CCC(CC)NC(=O)c1cc(OC)c(OC)cc1[N+](=O)[O-],,,296.32,random
CHEMBL2281484,O=C(c1ccncc1)n1nc(-c2ccc(F)cc2)cc1-c1cc2ccccc2oc1=O,,,411.39,random
CHEMBL279404,Nc1ccccc1C(=O)Nc1cccc(C(F)(F)F)c1,,,280.25,random
CHEMBL1562683,COC(=O)c1cc2occc2n1CC(=O)Nc1ccc(N(C)C)cc1,,,341.37,random
CHEMBL1318262,c1ccc(N2CC[C@@]3(CCCNC3)C2)cc1,,,216.33,random
CHEMBL1400027,CC(C)c1c(O)cc(-c2ccncc2)n(-c2ccc(Cl)cc2)c1=O,,,340.81,random
CHEMBL4128610,O=[N+]([O-])c1ccc2c(cnn2S(=O)(=O)c2ccc(Cl)cc2)c1,,,337.74,random
CHEMBL1727972,Cc1ccc(NC(=O)CN2CCCC2)c2c1CC(C)(C)O2,,,288.39,random
CHEMBL3134277,N#Cc1ccc(F)c([S+]([O-])c2nc(-c3cnn4ccc(Br)cc34)cs2)c1,,,447.31,random
CHEMBL1468269,COC(=O)c1cc(S(=O)(=O)N2CCN(c3ccc(F)cc3)CC2)c[nH]1,,,367.4,random
CHEMBL202324,C=CCN[C@@H](C)Cn1ccc2ccc3ncccc3c21,,,265.36,random
CHEMBL296392,CC[C@H]1C[C@@H](n2cnc3c(N)ncnc32)[C@H](O)[C@@H]1O,,,263.3,random
CHEMBL479450,CC[C@H](NC(=O)c1c(N)c(-c2ccc(F)cc2)nc2ccccc12)c1ccccc1,,,399.47,random
CHEMBL1514848,COc1ccc(CCNC(=O)Cc2ccc(NC3=NC4CS(=O)(=O)CC4S3)cc2)c(OC)c1,,,489.62,random
CHEMBL1357187,COc1ccc(CNC(=O)[C@H](C)N2C(=O)N3CCc4c([nH]c5ccc(OC)cc45)[C@@]3(C)C2=O)cc1,,,476.53,random
CHEMBL553807,Cl.N[C@@H]1C[C@H]2CC[C@@H](C1)N2c1c(F)cc2c(=O)c(C(=O)O)cn(C3CC3)c2c1F,,,425.86,random
CHEMBL1171287,COc1ccc(CCC(=O)Oc2ccc3c(c2)C(=O)N(C)C3=O)cc1,,,339.35,random
CHEMBL1096781,C=C1CC[C@H](C(C)C)[C@@H]2[C@H]1[C@H]1CC(=C)[C@@H](OC(C)=O)CC[C@@](C)(O)[C@@H]2O1,"PACHYCLADIN C",,362.51,random
CHEMBL312886,COc1ccc(C2=NN(C3CCCCCC3)C(=O)C3CC=CCC23)cc1OCCCCCCOc1ccc(C(N)=O)cc1,,,587.76,random
CHEMBL582636,Cc1cc(O)c(-c2ccc(Sc3ccc(Cl)cc3)cc2)c(C)n1,,,341.86,random
CHEMBL38465,Cc1[nH]cnc1Cc1nc(-c2ccccc2)cs1,,,255.35,random
CHEMBL381169,COC(=O)N[C@H](C(=O)NN(Cc1cccc(-c2cccnc2)c1)C[C@@](O)(Cc1ccccc1)C(=O)N[C@H]1c2ccccc2C[C@H]1O)C(C)(C)C,,,679.82,random
CHEMBL2375655,C[C@@H]1CCCC(=O)CCCC(=O)Cc2cc(O)cc(O)c2C(=O)O1,,,334.37,random
CHEMBL1532361,Nc1n[nH]c(SCC(=O)c2ccc(Oc3ccccc3)cc2)n1,,,326.38,random
CHEMBL3704837,CC(C)=CCOc1ccc(C2=C(CC(C)C)C(=O)N(C(CC(C)C)C(=O)O)C2=O)cc1,,,427.54,random
CHEMBL1418455,Cc1cccc(NC(=O)N2CCC(n3c(C)nc4cccnc43)CC2)c1,,,349.44,random
CHEMBL326952,CC(C)C(C)NC1=NS(=O)(=O)c2cc(F)ccc2N1,,,285.34,random
CHEMBL3193756,COc1cccc(/C=N/n2c(S)nnc2COc2ccccc2)c1OC,,,370.43,random
CHEMBL387829,COc1cc(Nc2ncc(C#N)c(-c3ccccc3)n2)ccc1CN1CCCC1,,,385.47,random
CHEMBL1489288,CSc1cccc(NC(=O)c2ccco2)c1,,,233.29,random
CHEMBL2269769,CCONC(=O)c1cn(C)nc1Oc1cccc(C(F)(F)F)c1,,,329.28,random
CHEMBL1927980,O=C(NC1CC1)c1cnn2c1N(C(=O)Nc1ccccc1)C(c1ccccc1)C2,,,387.44,random
CHEMBL3330440,C=CCOc1c(Cl)cccc1C(=O)c1cccnc1,,,273.72,random
CHEMBL3460430,Cc1ccc(-c2ccc(C(=O)NCCC(=O)N(C)C)c(F)c2)cc1,,,328.39,random
CHEMBL1087593,COC(=O)N(CC(=O)O)Cc1cccc(OCc2csc(-c3ccc(C)cc3)n2)c1,,,426.49,random
CHEMBL4170027,CCS(=O)(=O)c1ccc(CC(=O)Nc2cc(-c3ccc(C#N)cc3Cl)cs2)cc1,,,444.97,random
CHEMBL370851,COc1ccc(/C=C(\C#N)C(=O)NCCNC(=O)/C(C#N)=C/c2ccc(OC)cc2)cc1,,,430.46,random
CHEMBL3526875,CC[C@](O)(C(=O)NNC(=O)NCc1ccc2c(-c3ccc(F)cc3)cc(=O)oc2c1)C(F)(F)F,,,481.4,random
CHEMBL4202497,Cn1cc2c3c(c[nH]c3c1=O)CN(CC1CC1)c1ccc(S(C)(=O)=O)cc1-2,,,383.47,random
CHEMBL2365952,COc1ccc2cc3[n+](cc2c1OCCN(CCn1cncn1)Cc1ccc(F)cc1F)CCc1cc2c(cc1-3)OCO2,,,586.62,random
CHEMBL480026,CSc1ccc(-c2ccnc(NCc3ccc(C(=O)Nc4ccccc4N)cc3)n2)cn1,,,442.55,random
CHEMBL2001169,CCOC(=O)CC(N1CC1)N1CC1,,,184.24,random
CHEMBL1199159,N[C@@H](Cc1ccccc1)C(=O)N[C@H]1CCC(=O)N(CC(=O)O)C1=O,,,333.34,random
CHEMBL579021,NS(=O)(=O)c1ccc(N2C(=O)S/C(=C\c3ccc(Cc4ccccc4)o3)C2=O)cc1,,,440.5,random
CHEMBL3666113,Cc1nn(-c2ccccc2)c2cc(NC(=O)c3ccc4nc[nH]c4c3)ccc12,,,367.41,random
CHEMBL380313,CC1(c2cccc3ccccc23)C(=O)N(CCCn2ccnc2)C(=O)N1Cc1cccc(Cl)c1,,,472.98,random
CHEMBL1801359,COc1cccc2c1C(CC1CCOCC1)(c1ccc(Cl)cc1)n1ccnc1-2,,,394.9,random
CHEMBL2418137,CCC[C@@H]1C[C@@H](C(=O)N[C@H]([C@H]2O[C@H](SC)[C@H](O)[C@@H](O)[C@H]2O)[C@@H](C)SCCOCCS)N(C)C1,,,526.79,random
CHEMBL506619,COc1ccc(CCN(CC(O)COc2ccc3c(c2)CCCN3S(=O)(=O)c2ccc(F)cc2)C(=O)OC(C)(C)C)cc1OC,,,644.76,random
CHEMBL1978614,COc1ccc(-c2nc(-c3cc4ccccc4oc3=O)cs2)cc1,,,335.38,random
CHEMBL2179682,CCCCN1CCC(CNC(=O)c2nn(C)c3ccccc23)CC1.Cl,,,364.92,random
CHEMBL4293874,O=C(Nc1ccc(Sc2nc3ccccc3s2)c(Cl)c1)c1cccc(Br)c1O,,,491.82,random
CHEMBL1515766,CCOC(=O)c1ccc(NC(=O)c2c(NCc3sccc3C)sc3c2CCCCC3)cc1,,,468.64,random
CHEMBL1204675,CC1CCCCC1NS(=O)(=O)O,,,193.27,random
CHEMBL1459773,CCN(C(=O)Cc1ccc(Br)cc1)C1CCCCC1,,,324.26,random
CHEMBL1995167,COc1cc2c(cc1O)CC13CCC(=O)N1CCc1cc(OC)c(O)c-2c13,,,367.4,random
CHEMBL3679921,CNC(=O)COc1ccccc1C1c2c(n[nH]c2C(C)(C)C)C(=O)N1c1ccc(-c2ccon2)cc1,,,485.54,random
CHEMBL3944446,CN(CC1(C)COC1)C1CCN(C(=O)Cn2cc(NC(=O)c3cnn4cccnc34)c(-c3cc(Cl)ccc3OC(F)F)n2)CC1,,,643.1,random
CHEMBL1852531,CN1Cc2ccccc2[C@@H]1C[C@@H](O)c1ccc(Cl)cc1,,,287.79,random
CHEMBL1707800,O=C(NCC1CCN(Cc2ccc(F)cc2)CC1)C1CCCN(c2ncnc3c2nc2n3CCCCC2)C1,,,519.67,random
CHEMBL3503391,Cc1ccc(CN2CC[C@]3(C[C@H](OCc4ccccn4)CO3)C2)o1.O=C(O)C(F)(F)F.O=C(O)C(F)(F)F,,,556.46,random
CHEMBL192485,O=C(OCC#CCN1CC2CC2C1)C(O)(c1ccccc1)C1CCCC1,,,353.46,random
CHEMBL1357285,Cc1ccc(C(=O)NC2CC2)cc1S(=O)(=O)N1CCOCC1,,,324.4,random
CHEMBL365671,CN1CCN(CCCOc2ccc(-c3nc(-c4ccc(Cl)cc4)no3)cc2)CC1,,,412.92,random
CHEMBL3558575,CN(C)c1ccc2c(-c3ccccc3)c3ccc(=[N+](C)C)cc-3[se]c2c1,,,406.41,random
CHEMBL220117,CCCc1cc(-c2nc(C(C)(C)C)cs2)ccc1OCCCOc1ccc2c(c1)CC[C@H]2CC(=O)O,,,507.7,random
CHEMBL3809546,COc1cccc(-c2ccc3c(c2)CC[C@H](CN(C)C)[C@@]3(O)c2cccc(O)c2)c1,,,403.52,random
CHEMBL3235677,COC(=O)/C=C/c1ccc(CCc2c(-c3c(Cl)cccc3Cl)noc2C(C)C)c(Cl)c1,,,478.8,random
CHEMBL3481573,OCc1cn([C@@H]2c3ccccc3C3(CCNCC3)[C@H]2O)nn1,,,300.36,random
CHEMBL209318,COc1cc(C(=O)c2c(-c3ccccc3)csc2N)cc(OC)c1OC,,,369.44,random
CHEMBL82608,O=C1NC(=O)C2(CCS(=O)(=O)c3c(Cl)cc(Cl)cc32)N1,,,335.17,random
CHEMBL242957,O=C(Nc1ccc(Cl)cc1)c1cc(Cl)ccc1NC(=O)c1scc(CN2CCSCC2)c1Cl,,,540.93,random
CHEMBL318681,O=C(O)[C@@H](C1CC1)N1C[C@H](CN2CCC(CCCc3ccccc3)CC2)[C@@H](c2ccccc2)C1,,,460.66,random
CHEMBL211373,O=C1NCN(c2ccccc2)C12CCN(C1CCCCC1(O)c1ccccc1)CC2,,,405.54,random
CHEMBL2414727,Cc1c(/C=N/N2CCN(C)CC2)c2ccccc2n1S(=O)(=O)c1ccc(I)cc1,,,522.41,random
CHEMBL4067114,CNS(=O)(=O)c1cccc(Nc2cc(Nc3ccccc3)ncn2)c1,,,355.42,random
CHEMBL1901983,Cc1cccc(C)c1-n1nnnc1C(c1ccccc1)N1CCC2(CC1)C(=O)NCN2c1ccccc1,,,493.62,random
CHEMBL4112953,O=C([C@@H]1CCCN(c2ccc3nc(-c4cccc(OC(F)F)c4)[nH]c3n2)C1)N1CCCC1,,,441.48,random
CHEMBL2146977,CCCCCCCCCCCCCCCC(=O)N[C@@H](CO)[C@H](O)/C=C/CCCCCCCCCNc1ccc([N+](=O)[O-])c2nonc12,,,659.91,random
CHEMBL3488246,CC1CCCCN1CCNC(=O)c1scnc1Cl,,,287.82,random
CHEMBL1352579,CC(=O)c1ccc(NC(=O)NNS(=O)(=O)c2ccc([N+](=O)[O-])cc2)cc1,,,378.37,random
CHEMBL225086,CC(O)[C@H](CO)NC(=O)CCC1CCCC1,,,229.32,random
CHEMBL1498213,O=C(NCCNC(=O)c1cnccn1)c1ccc(Cl)c(Cl)c1,,,339.18,random
CHEMBL1163630,O=C(CC(Nc1ccc([N+](=O)[O-])cc1)c1ccco1)c1ccc(Cl)cc1,,,370.79,random
CHEMBL3438585,CN1CCN(CCCNC(=O)c2nc3ccccc3c(=O)[nH]2)CC1,,,329.4,random
CHEMBL1455561,O=C(O)C(F)(F)F.O=C1C(Cc2ccccc2)Nc2ncnc(N3CCOCC3)c2N1Cc1ccc(Cl)cc1,,,563.96,random
CHEMBL147622,O=C(O)C[C@H](NC(=O)c1ccc(CNS(=O)(=O)c2ccc(O)c(C(=O)O)c2)nc1)C(=O)c1nc2ccccc2o1,,,568.52,random
CHEMBL508299,Cc1oc(-c2ccc(-c3ccccc3)cc2)nc1CCOc1ccc(C[C@H](OCC(F)(F)F)C(=O)O)c2ccccc12,,,575.58,random
CHEMBL1711562,O=C(NNC(=O)C12CC3CC(CC(Cl)(C3)C1)C2)c1csc(N2CCOCC2)n1,,,424.95,random
CHEMBL511240,C=C1C[C@@]23CC[C@H]4[C@@](C)(CCC[C@@]4(C)C(=O)OC)[C@@H]2C[C@H](OC(C)=O)[C@H]1C3,,,374.52,random
CHEMBL1258976,CC(C)Nc1ncc(-c2cc(-c3ccccc3Cl)nc(NCCN(C)C)n2)s1,,,416.98,random
CHEMBL1420839,COc1ccc(C(C)=O)cc1CSc1nnc(-c2ccc(Cl)cc2)n1-c1ccccc1,,,449.96,random
CHEMBL3890148,COc1cc(-c2ccccc2Cl)c(F)cc1-n1c(=O)ccc2cc(S(=O)(=O)Nc3ccon3)ccc21,,,525.95,random
CHEMBL4286456,CNC(=O)Nc1sc2c(C(C)C)cc(NS(=O)(=O)c3cccc(C)c3)cc2c1C(N)=O,,,460.58,random
CHEMBL544896,COc1ccc(OC2(C3=NCCN3)COc3ccccc3O2)cc1.Cl,,,362.81,random
CHEMBL3441870,Cn1cnc(S(=O)(=O)N2CCO[C@H]3[C@H](OCC4CC4)CC[C@@H]32)c1,,,341.43,random
CHEMBL3971670,Cc1ccccc1Oc1ccc(C(=O)N(CCc2ccccc2)Cc2ccc(C(=O)O)cc2)cc1,,,465.55,random
CHEMBL3103213,CC(=O)N/N=C/c1ccccc1,,,162.19,random
CHEMBL3649482,COc1ccc(Nc2ncc([C@H](O)C(F)(F)F)cc2-c2nc(C)nc(N)n2)cn1,,,407.36,random
CHEMBL474584,COC(=O)c1cc(-c2ccccc2)[nH]c1NNC(C)=O,,,273.29,random
CHEMBL1917713,COc1cccc(/C(C)=C/CN2CCC(Cc3ccccc3)CC2)c1.Cl,,,371.95,random
CHEMBL3948186,NS(=O)(=O)NC[C@H]1O[C@@H](n2cnc3c(N[C@@H]4CCc5ccccc54)ncnc32)[C@H](O)[C@@H]1O,,,461.5,random
CHEMBL2362678,C[C@H](CO)N1C[C@H](C)[C@H](CN(C)S(=O)(=O)c2ccccc2)Oc2ccc(NS(=O)(=O)c3ccccc3)cc2CC1=O,,,601.75,random
CHEMBL519659,C=C[C@@H]1[C@H]2C=C(C(=O)O)C[C@]1(N(C)C)c1ccc(=O)[nH]c1C2,"LYCOPARIN A",,300.36,random
CHEMBL1206150,Nc1c(N=Nc2ccc(-c3ccc(N=Nc4cc(S(=O)(=O)O)c5ccccc5c4N)cc3)cc2)cc(S(=O)(=O)O)c2ccccc12,,,652.71,random
CHEMBL1417316,Cc1cc(-n2c(C)cc(C(=O)COc3ccccc3[N+](=O)[O-])c2C)no1,,,355.35,random
CHEMBL2271640,CCCCCCC(O)C(O)/C=C/C(O)CCCCCCC(=O)OCC(O)CO,,,404.54,random
CHEMBL2078976,NC1C2C3CC4C2C(O)C2C1C3C42,,,177.25,random
CHEMBL2332527,COc1ccccc1NC(=O)N[C@@H](CC(C)C)C(=O)NO,,,295.34,random
CHEMBL1191681,COc1cc2nc(N3CCC(C(=O)C4CCCCC4)CC3)nc(N)c2cc1OC,,,398.51,random
CHEMBL2023828,c1ccc(C(c2ccc(N3CCOCC3)cc2)C23CC4CC(CC(C4)C2)C3)cc1,,,387.57,random
CHEMBL1916070,CC=C(c1ccc(OC)c(N)c1)c1ccc(OC)c(OCC)c1,,,313.4,random
CHEMBL2376309,O=C1NC2(CCCC2)C(=O)Nc2ccc(S(=O)(=O)Nc3ccc(Cl)cc3)cc21,,,419.89,random
CHEMBL307961,COC1=Nc2ccccc2C2=NC(CN3CCN(c4ccccc4)CC3)CN12,,,375.48,random
CHEMBL1535548,O=C(Cn1cc2c(n1)CCCC2)N1CCCC1,,,233.31,random
CHEMBL3422278,OCc1cc(O)c2nc3ccccc3cc2c1,,,225.25,random
CHEMBL4064328,Fc1ccc2[nH]c([C@@H]3CCN(CC4NC=CN4)C3)nc2c1,,,287.34,random
CHEMBL1885045,Cc1cccc(C)c1NC(=O)Cn1c(=O)n(Cc2ccccc2)c(=O)c2c(C)c(C(=O)N(C)C)sc21,,,504.61,random
CHEMBL1276275,COc1ccccc1COCCCOc1ccc([C@H]2CCNC[C@@H]2OCc2ccc3c(c2)N(CCNC(C)=O)CCC3)cc1,,,601.79,random
CHEMBL1871661,Cc1nc(-c2ccc(F)cc2)c(CC(=O)N(C)CC(=O)Nc2ccccc2Br)s1,,,476.37,random
CHEMBL2385798,Cc1ncc([N+](=O)[O-])n1CC(=O)N/N=C/c1ccccc1[N+](=O)[O-],,,332.28,random
CHEMBL4286055,COc1cc(-c2cc(=O)c3ccc(OCCCCn4c(C)nc5ccccc54)cc3o2)cc(OC)c1OC,,,514.58,random
CHEMBL1086120,Cc1ccc(N2C(=S)N(c3ccc(C#N)c(C(F)(F)F)c3)C(=O)C2C)cc1,,,389.4,random
CHEMBL3458528,COc1ccc(NC(=O)N(C)Cc2ccc(Br)o2)cn1,,,340.18,random
CHEMBL98018,CCCc1nccnc1OC,,,152.2,random
CHEMBL3703687,CC1(C)C(=O)Nc2nc(-n3nc(Cc4ccccc4F)c4ncc(F)cc43)nnc21,,,407.38,random
CHEMBL1683451,C[C@@H](C[C@@](C)(CS(=O)(=O)N1CCC(CCc2ccc(F)cc2Br)CC1)N(O)C=O)c1ncc(F)cn1,,,589.5,random
CHEMBL2113686,Cn1cnc2c(NCc3cccc(I)c3)nc(Sc3ccncc3)nc21,,,474.33,random
CHEMBL30469,C[C@@H](O)[C@H]1C(=O)N2C(C(=O)O)=C(S[C@@H]3CN[C@H](Cc4cc[n+](C)n4C)C3)[C@H](C)[C@H]12.[Cl-],,,457,random
CHEMBL1921841,NC(=O)c1ccc(Oc2ccc(CN3CCCC3c3cccnc3)cc2)c(Cl)c1,,,407.9,random
CHEMBL1221536,CC(=O)N1C[C@H](C(=O)Nc2ccc(Cl)cc2)[C@@H](C(=O)Nc2ccc(-n3ccccc3=O)cc2F)C1,,,496.93,random
CHEMBL1974815,COc1ccc(NC(=O)C2(C)Cc3c(-c4cccc(NC(C)=O)c4)ccnc3O2)cc1OC,,,447.49,random
CHEMBL557422,Cn1ccc2c3nc4cc(Br)ccc4c4c3c(c(=O)c-2c1)[N+](C)(C)CC4=O.[Cl-],PETROSAMINE,,458.74,random
CHEMBL3600823,CCN(CC)CCOc1ccc(CCc2ccc(-c3ccc(OC)cc3)cn2)cc1,,,404.55,random
CHEMBL3040521,CN[C@@H](C)C(=O)N[C@H]1CN(C(=O)c2ccc([N+](=O)[O-])cc2)c2ccccc2N(Cc2c(OC)ccc3cc(Br)ccc23)C1=O,,,660.53,random
CHEMBL195421,O=C(O)c1ccccc1C(=O)NCCO/C(S)=N\c1ccc(F)cc1,,,362.38,random
CHEMBL3914700,CCNC(=O)Nc1n[nH]c2ccc(-c3cn(Cc4ccccc4)nn3)cc12,,,361.41,random
CHEMBL3730358,CC(=O)CCCCNC(=O)[C@H]1[C@H](C(=O)NCCCCN2CCCC2)[C@H]2C=C[C@@H]1C21CC1,,,429.61,random
CHEMBL224084,CCc1cccc(-n2cnc3c(sc4nccc(N(C)C)c43)c2=O)c1,,,350.45,random
CHEMBL576191,O=C1NC(=O)/C(=C/c2ccc(OCc3ccc(C(F)(F)F)cc3)cc2)S1,,,379.36,random
CHEMBL1508368,O=C(CN1CCN(c2ccc(C(F)(F)F)cn2)CC1)NCc1ccc2c(c1)OCO2,,,422.41,random
CHEMBL3356257,NS(=O)(=O)c1ccc2nc(-n3cc(C=O)c(-c4ccccc4)n3)sc2c1,,,384.44,random
CHEMBL4095609,O=C(CN1CCCC2=C1C(=O)N(C1CC1)C2=O)Nc1ccc(-c2cncc(F)c2)nn1,,,422.42,random
CHEMBL283831,Fc1ccc2c(c1)[C@H]1OCC[C@H]1[C@@H](c1c[nH]c3ccc(Br)cc13)N2,,,387.25,random
CHEMBL3955268,O=C(Nc1ccc(C2CCNC2)cc1)NC1CCCCC1,,,287.41,random
CHEMBL1476421,O=C(NCCS(=O)(=O)NCc1ccc(F)cc1)c1ccccc1,,,336.39,random
CHEMBL2283478,COc1ccc(Br)c(C(=O)N/N=C\c2ccc(C)cc2)c1,,,347.21,random
CHEMBL2036320,Cc1ccc(-c2cccc(C[C@H](O)/C=C/[C@H]3CCC(=O)N3CCSc3nc(C(=O)O)cs3)c2)c(C)c1,,,522.69,random
CHEMBL1541551,Cc1ccc(C)c(N2CCN(CCCNC(=O)Cn3cccc3C(=O)c3ccccc3C)CC2)c1,,,472.63,random
CHEMBL1928922,COc1ccc(/C=C/C(=O)c2cc(C(=O)/C=C/c3ccc(OC)cc3)c(O)cc2O)cc1,,,430.46,random
CHEMBL597908,CCCCCc1cc(NS(C)(=O)=O)c2c(c1)OC(C)(C)[C@@H]1CCC(C)=C[C@@H]21,,,391.58,random
CHEMBL1574874,O=C1CCCc2c1nc(-c1ccccc1F)n2O,,,246.24,random
CHEMBL1556154,O=C(Nc1cc(Cl)ccc1Cl)c1ccc(OC(=O)c2ccco2)cc1,,,376.2,random
CHEMBL3208312,Cc1ccc(S(=O)(=O)Oc2ccc(/C=N/NC(=O)c3ccncc3)cc2)cc1,,,395.44,random
CHEMBL2289004,CCOC(=O)c1cn[nH]c1S(=O)(=O)NC(=O)Nc1nc(OC)cc(OC)n1,,,400.37,random
CHEMBL1800658,CC(C)N(CCNCCc1ccc(O)c2[nH]c(=O)sc12)C(=O)CCOCCc1ccccc1,,,471.62,random
CHEMBL1631844,CC1(C)CC[C@]2(COC(=O)c3ccccc3C(=O)O)CC[C@]3(C)C(=CC[C@@H]4[C@@]5(C)CCC(=O)C(C)(C)[C@@H]5CC[C@]43C)[C@@H]2C1,,,588.83,random
CHEMBL1907526,CCCSc1ccc([C@@H]2[C@H]3C(=O)N(CC)C(=O)[C@H]3[C@]3(C(=O)OC)CCCN23)cc1OC,,,446.57,random
CHEMBL1909401,O=C([O-])c1ccc(Oc2nccc(-c3c(-c4ccc(F)cc4)ncn3C3CCNCC3)n2)cc1.[Li+],,,465.41,random
CHEMBL3116354,Cn1nnc(NC(Cc2ccccc2)(c2cc(F)cc(C(F)(F)F)c2)c2ccc(Cl)cn2)n1,,,476.87,random
CHEMBL42713,CCCOc1ccccc1-c1nc2nc[nH]c2c(=O)[nH]1,,,270.29,random
CHEMBL2058095,C[C@H]1[C@@H](OCCN2CCCCC2)O[C@@H]2O[C@@]3(C)CC[C@H]4[C@H](C)CC[C@@H]1[C@@]24OO3.O=C(O)C(=O)O,,,485.57,random
CHEMBL1191120,S/C(=N\CCN1CCCC1)c1cccnc1S,,,267.42,random
CHEMBL381912,c1ccc(C2CCCC3c4[nH]c5ccccc5c4CCN23)cc1,,,302.42,random
CHEMBL1881746,O=C(Nc1cccc(C(F)(F)F)c1)C1Cc2c(-c3ccccc3)ccnc2O1,,,384.36,random
CHEMBL431378,Cc1cc(C)c(Nc2nc(Nc3ccc(C#N)cc3)ncc2C)c(C)c1,,,343.43,random
CHEMBL4289313,OC(Cn1cncn1)Cn1c2ccc(Cl)cc2c2cc(Cl)ccc21,,,361.23,random
CHEMBL1086420,Cc1c(Nc2c(C#N)cncc2/C=C/c2cccc(CN3CCCCC3)c2)ccc2[nH]ccc12,,,447.59,random
CHEMBL1443202,CCOC1(OCC)N=C(N)C2(C#N)C(c3cccc(C)c3)C12C#N,,,324.38,random
CHEMBL1381599,Cc1ccc(S(=O)(=O)CCC(=O)c2cccc([N+](=O)[O-])c2)cc1,,,333.37,random
CHEMBL4284066,Cc1cc(O)c(C(=O)/C=C/c2ccc(C(F)(F)F)cc2)c(=O)o1,,,324.25,random
CHEMBL210780,CCN(C)[C@H](C)[C@@H](c1ccc2cc(OCC(C)(C)C(=O)O)ccc2c1)n1ccnc1,,,409.53,random
CHEMBL2392717,Cc1ccc(NC(=O)NC2CCCCCC2)cc1Cl,,,280.8,random
CHEMBL1336763,CC1CC(C)CN(C(=O)C2CCCN(S(=O)(=O)c3cccc4nonc34)C2)C1,,,406.51,random
CHEMBL561828,O=c1c2cc(Br)cc(Br)c2nc(-c2ccccc2)n1/N=C/c1cccc([N+](=O)[O-])c1,,,528.16,random
CHEMBL1564830,O=C(NCCN1CCOCC1)c1c(F)c(F)c(F)c(F)c1F,,,324.25,random
CHEMBL2107443,Cl.NCCSC(C[N+](=O)[O-])c1ccccc1Cl,"NITRALAMINE HYDROCHLORIDE",-1,297.21,random
CHEMBL3451354,Cc1sc(NC(=O)CN(C)CCOc2cccc(F)c2)c(C)c1C,,,350.46,random
CHEMBL603664,CCc1cc(C2(c3cccc(-c4cncnc4)c3)N=C(N)N(C)C2=O)cc(C)n1,,,386.46,random
CHEMBL3452005,Cc1nnc2n1CC(CNCc1nc(-c3ccsc3)no1)CC2,,,330.42,random
CHEMBL1372785,CCSc1ccc(C(=O)Nc2ccc(Br)cn2)cc1[N+](=O)[O-],,,382.24,random
CHEMBL1986834,Cc1ccc(NC(=O)CC2C(=O)Nc3ccccc3S2(=O)=O)cc1C,,,358.42,random
CHEMBL498799,Cc1cc(O)cc(C)c1C[C@H](N)C(=O)N1Cc2ccccc2C[C@H]1C(=O)N[C@H](CC(=O)O)C(=O)Nc1ccccc1,,,558.64,random
CHEMBL130846,O=C(O)c1ccc(CCOCc2ccc3ccc(OCc4ccc5ccccc5n4)cc3c2)cc1,,,463.53,random
CHEMBL392402,O=C1N/C(=C\c2ccc(CN3CCOCC3)cc2)C(=O)N1c1ccc(Oc2ccccc2)cc1,,,455.51,random
CHEMBL3357838,COc1cc(Cn2cnc3cc(OC)c(OC)cc3c2=O)ccc1O,,,342.35,random
CHEMBL1508466,SC1=NC2=C(CCCC2=C2SCCCS2)C(c2ccccc2)N1,,,360.57,random
CHEMBL2133962,CC(C)OC(=O)N(C)C[C@@H]1OCc2ccccc2-c2c(n(C)c3ccccc23)C(=O)N([C@H](C)CO)C[C@H]1C,,,521.66,random
CHEMBL331566,Cc1cc2c(cc1C)NC(=O)CC(c1ccc(-n3c(C)nc4cnccc43)cc1)=N2,,,395.47,random
CHEMBL1879799,C[C@@H]1CN([C@@H](C)CO)C(=O)CCCn2cc(nn2)CO[C@H]1CN(C)S(=O)(=O)c1cn(C)cn1,,,483.6,random
CHEMBL3692261,CC(C)[C@H](CO)NCc1nc(-c2ccc(C(F)(F)F)c(Cl)c2)ccc1F,,,390.81,random
CHEMBL2425583,O=C(CNC(=O)c1cc(Cl)ccc1O)Nc1ccc(Cl)c(Cl)c1,,,373.62,random
CHEMBL1802341,O=C(Nc1ccc(N2CCN(CC(O)(Cn3cncn3)c3ccc(F)cc3F)CC2)cc1)C(F)(F)F,,,510.47,random
CHEMBL1436389,Cn1nnnc1Sc1ncnc2scc(Br)c12,,,329.21,random
CHEMBL115933,O=C(Cc1ccc(-c2ccccc2)cc1)Nc1cc(C2CC2)[nH]n1,,,317.39,random
CHEMBL1290099,CC1(C)C(=O)N(c2ccc(C#N)c(C(F)(F)F)c2)C(=S)N1c1ccnc(S(N)(=O)=O)c1,,,469.47,random
CHEMBL80471,COc1ccc2c(c1)[C@@]13C[C@@H]1CN(C(=O)c1cc4cc(NC(=O)c5cc6ccccc6[nH]5)ccc4[nH]1)C3=CC2=O,,,528.57,random
CHEMBL82757,O=C(O)c1cc(=O)c2ccc(OCCCN3CCC(=C(c4ccccc4)c4ccccc4)CC3)cc2o1,,,495.58,random
CHEMBL3897864,COc1ccc(C(=O)C2CCN(C3CCN(CC(=O)Nc4nnc5n4CCS5)C3=O)CC2)cc1,,,484.58,random
CHEMBL2283237,CCOC(=O)CSc1nnc(-c2nc(C(C)C)cs2)n1-c1ccccc1,,,388.52,random
CHEMBL602644,CCCCCCCCCCCCCCCCC(=O)OC1CCC1,"CYCLOBUTYL HEPTADECANOATE",,324.55,random
CHEMBL3704893,CC(C)CC1C(=O)N(CCC(=O)C(=O)NC(Cc2ccccc2)C(=O)O)C(=O)C1c1ccc(O)cc1,,,494.54,random
CHEMBL195111,NC1=NCc2c(ncn2[C@H]2CC[C@@H](COP(=O)(O)OP(=O)(O)OP(=O)(O)O)O2)C1=O,,,490.2,random
CHEMBL308069,COc1ccc(C(=O)NC(C(=O)NCC2CCN(C(C)C)CC2)c2ccsc2)cc1,,,429.59,random
CHEMBL4229127,COc1cc2ccc(Br)cc2cc1[C@@H](c1cccnc1OC)[C@@](O)(CCN(C)C)c1cccc2ccoc12,,,575.5,random
CHEMBL277782,CN1C2CCC1CN(C(=O)N1Cc3c(C(=O)OC(C)(C)C)ncn3-c3ccc(Cl)cc31)C2,,,457.96,random
CHEMBL3917525,COc1c(Cl)cccc1-c1cccc(C(CC(=O)O)c2nccs2)c1,,,373.86,random
CHEMBL103203,Nc1nc(N)c2nc(-c3ccc(-c4ccccc4)cc3)[nH]c2n1,,,302.34,random
CHEMBL3905739,CNC(=O)c1cc(C(=O)N2CCC(c3ccn4ccnc4c3)CC2)c(C)cc1C1CCC1,,,430.55,random
CHEMBL1996114,Nc1nc(=O)c(/N=N/c2ccccc2)c(C(=O)O)[nH]1,,,259.23,random
CHEMBL3415909,COc1cc2nc(C)n(-c3ccccc3Cn3cc(-c4cccnc4)nn3)c(=O)c2cc1OC,,,454.49,random
CHEMBL3248943,CCC(=O)C(CCCCCCOc1ccc(OC(C)=O)cc1Cl)C(=O)CC,,,396.91,random
CHEMBL3245624,O=C(O)c1cnc2c(c1)[nH]c(=O)n2-c1ccccc1F,,,273.22,random
CHEMBL2153096,CN(C)c1ccccc1/C=C/c1c(F)cccc1F,,,259.3,random
CHEMBL3342526,Cc1cccc(N(C)C(=O)c2ccc(-c3ccc(C)c(C)c3)o2)c1,,,319.4,random
CHEMBL449946,CCCCC#C[C@@H](O)[C@H](C)N,,,155.24,random
CHEMBL3622996,C[C@@H]1Cc2c([nH]c3ccc(O)cc23)[C@@H](c2ccc(Cl)cc2)N1CCO,,,356.85,random
CHEMBL1099243,CCN1C(=O)[C@H]2Cc3c([nH]c4ccccc34)[C@H](c3ccccc3Br)N2C1=O,,,424.3,random
CHEMBL3661439,COCCNC(=O)c1ccc(Nc2ncc(C(F)(F)F)c(Oc3cccc4c3C(=O)N(C)C4)n2)c(OC)c1,,,531.49,random
CHEMBL1310648,COc1ccc(CN2C(=O)c3cccnc3C2=O)cc1S(=O)(=O)NC1CCCCC1C,,,443.53,random
CHEMBL1482329,COc1cc(C)c(Cl)c(C)c1S(=O)(=O)NCc1ccc2c(c1)OCO2,,,383.85,random
CHEMBL319396,N=C(N)NCCCC(C=O)NC(=O)C1CCCN1C(=O)N[C@H](Cc1ccccc1)C(=O)O,,,446.51,random
CHEMBL337914,C#CCN(Cc1cc2c(O)nc(C)nc2cc1C)c1ccc(C(=O)N[C@@H](CCC[S+]([O-])c2nn[nH]n2)C(=O)O)c(F)c1,,,594.63,random
CHEMBL484778,CC(C)c1nccc2c1c(Sc1ccc(Cl)c(Cl)c1)c1n2CC[C@H]1CC(=O)O,,,435.38,random
CHEMBL589407,O=C1Nc2ccc(Cl)cc2/C1=N/Nc1nc2ccccc2[nH]c1=O,,,339.74,random
CHEMBL2111247,Nc1ncnc2c1cnn2[C@@H]1CC[C@@H](O)[C@H]1O,,,235.25,random
CHEMBL3952346,Cc1ccccc1Nc1cc(CN(CCCl)CCCl)nc2c(C#N)cnn12,,,403.32,random
CHEMBL1651789,N#C/C(=N\O)C(=O)Nc1ccc(C(F)(F)F)cc1,,,257.17,random
CHEMBL487159,CC[C@H](C)[C@H](NC(=O)OCc1ccccc1)C(=O)N[C@@H](CCC(=O)C[S+](C)C)C(=O)O.[Br-],,,533.49,random
CHEMBL472252,Cn1cnc(-c2ccc(N)c(NC(=O)c3ccc(N4CCC5(CCNC5)CC4)nc3)c2)c1,,,431.54,random
CHEMBL260243,O=C(Nc1n[nH]c2cc(-c3ccoc3)ccc12)C1CC1,,,267.29,random
CHEMBL1553964,O=C(NCc1ccc(OC(F)(F)F)cc1)C1CC2Cn3c(nc4ccccc43)C2N1c1ccccc1,,,492.5,random
CHEMBL167016,CCN(CC)C(C)(C)CNc1cc(-c2ccccc2)c(-c2ccccc2)nn1,,,374.53,random
CHEMBL1621585,COc1ccc(-[n+]2c(-c3ccc(Cl)cc3)cn3c2CCc2ccccc2-3)cc1,,,387.89,random
CHEMBL4205332,COc1cc(C[C@H](CO)[C@H](C)Cc2ccc(O)c(OC)c2)ccc1O,,,346.42,random
CHEMBL1630346,O=C1c2ccccc2C(=O)N1CCCOCCCCOCCCN1C(=O)c2ccccc2C1=O,,,464.52,random
CHEMBL1326788,Cc1cc(O)nc(SCCCOc2ccccc2Cl)n1,,,310.81,random
CHEMBL1567382,COc1ccccc1NC(=O)C1=C(C)Nc2nc(-c3ccccc3)nn2C1c1ccccn1,,,438.49,random
CHEMBL515968,COc1ccc([C@@H]2O[C@@]2([Si](C)(C)C)P(=S)(N(C(C)C)C(C)C)N(C(C)C)C(C)C)cc1,,,484.76,random
CHEMBL3334583,C[S+](C)CC(=O)Nc1ccccc1.[Br-],,,276.2,random
CHEMBL600229,COCCn1c(SCC(=O)Nc2cccc(F)c2)nc2c(c1=O)SC(C)C2,,,409.51,random
CHEMBL1412785,O=C1NC(=O)N(c2ccccc2)C(=O)/C1=C\c1ccccc1[N+](=O)[O-],,,337.29,random
CHEMBL1591700,CCCCCSc1ncnc2c1sc1nc(N3CCOCC3)c3c(c12)CCCC3,,,428.63,random
CHEMBL3667883,C=CCN(CC(=O)O)C(=O)C(C)(C)Cc1ccc(C(=O)Oc2ccc(C(=N)N)cc2F)s1,,,461.52,random
CHEMBL1978296,Cc1cccc(C(C)(C)C)c1NC(=O)C(=O)C(C(=O)/C=C\c1ccccc1)C1OC(=O)c2ccccc21,,,495.58,random
CHEMBL3098382,COc1ccc(-c2sc(N)c(C(=O)c3ccc(Cl)c(Cl)c3)c2CC(C)(C)C)cc1,,,448.42,random
CHEMBL168550,COc1cccc(-c2cn(C3CC(CNCCO)C3)c3ncnc(N)c23)c1,,,367.45,random
CHEMBL1224053,O=C(NCCCN1CCN(C(=O)/C=C/c2ccc(Cl)cc2)CC1)c1cc(O)c(O)c(O)c1,,,459.93,random
CHEMBL3470296,Cn1c2c(ccc1=O)CC(NC(=O)c1ccsc1)CC2,,,288.37,random
CHEMBL3039692,CC(C)OC(=O)CCCNC1(c2ccccc2Cl)CCCCC1=O,,,351.87,random
CHEMBL2237411,COC(=O)C1=C(C)NC(=O)NC1c1ccc(O)c(OC)c1,,,292.29,random
CHEMBL3805254,COCC(COC)Nc1cc(N2CCN(C)CC2)ccc1C(=O)Nc1n[nH]c2ccc(Cc3cc(F)cc(F)c3)cc12,,,578.66,random
CHEMBL3676069,CC(C)(C)NC(=O)c1cnn2ccc(N3CCC[C@@H]3c3cc(F)c[nH]c3=O)nc12,,,398.44,random
CHEMBL3686034,CCc1nn(Cc2ccc(OCc3cc(Cl)cc(Cl)c3)cc2)c(CC)c1CC(=O)O,,,447.36,random
CHEMBL3977927,COc1cccc2c1ncc1c(=O)n(C)c(=O)n(C3CCCC3)c12,,,325.37,random
CHEMBL3741004,Cc1ccc2nc(-c3cccnc3)c(NCc3ccc(NC(=N)N)cc3)n2c1,,,371.45,random
CHEMBL378882,CCN(CC)CCOc1ccc(Nc2cc(N(C)C(=O)Nc3cc(C(=O)Nc4cc(C(C)(C)C)on4)ccc3C)ncn2)cc1,,,614.75,random
CHEMBL1476807,O=C(NCCc1ccccc1)c1cnc2sc(N3CCOCC3)nn2c1=O,,,385.45,random
CHEMBL1572960,C[C@H](NC(=O)[C@H]1N2C(=O)c3ccccc3C2SC1(C)C)C(=O)N1CCC[C@H]1C(=O)O,,,431.51,random
CHEMBL517194,CSc1ccc(-c2csc(N/N=C/c3cc(Cl)cc(Cl)c3Cl)n2)cc1,,,428.8,random
CHEMBL185176,CN1CCC(COc2ccc(-c3cc(-c4ccccc4)on3)cc2)CC1,,,348.45,random
CHEMBL1851846,O=C(O)CCNc1sc2c(c1CC(=O)NNC(=S)S)CCCC2,,,373.53,random
CHEMBL1381781,CN1CCN(c2ccc(Cl)cc2N)CC1,,,225.72,random
CHEMBL3953541,CN1CCC(C(=O)N2CCC(c3ccc(NC(=O)N4Cc5ccccc5C4)cc3)CC2)C1,,,432.57,random
CHEMBL3785262,Cc1noc(C)c1-c1ccc2c(c1)C(C)(c1ccccc1)N(C)C(=O)N2,,,347.42,random
CHEMBL2283566,S=c1oc(-c2ccncc2)nn1CN1CCN(c2cccc(Cl)c2)CC1,,,387.9,random
CHEMBL330434,CC(NCC(=O)O)P(=O)(O)O,,,183.1,random
CHEMBL1078225,COC(=O)C(C)NC(=O)NC(C)C(=O)OC,,,232.24,random
CHEMBL3799298,O=C1Nc2cc(Cl)ccc2[C@]12ON=C(c1ccccc1)N2c1ccccc1,,,375.82,random
CHEMBL3245204,C[N+](C)(C)CCCN1C(=O)NC(c2cc(Cl)c(Cl)cc2Cl)C1=O.[I-],,,506.6,random
CHEMBL3040751,CCCCCCCCc1ccc(CO[C@@H]2CN[C@@H](C)C2)cc1,,,303.49,random
CHEMBL3252098,CCCN(C)/N=N/c1ccc2c(Nc3ccc(NS(C)(=O)=O)cc3)c3ccccc3nc2c1.CS(=O)(=O)O,,,558.69,random
CHEMBL379129,COc1cc(C2=NN(C(=O)COc3ccc4ccccc4c3)C(c3ccc(O)cc3)C2)c(C)cc1OCC(=O)O,,,540.57,random
CHEMBL334877,C=C(C)c1ccc(C2CC3CCC(N3)C2C(=O)OC)cc1,,,285.39,random
CHEMBL3765992,NOCc1cccc(Cl)c1Cl,,,192.04,random
CHEMBL141339,COc1ccc(S(=O)(=O)N2Cc3cc(N)ccc3CC2C(=O)C(=O)O)cc1,,,390.42,random
CHEMBL4112789,Nc1ncc([C@H]2CC[C@H](O)CC2)nc1-c1ccc(C(=O)N[C@H](CO)c2cccc(Cl)c2)c(F)c1,,,484.96,random
CHEMBL421818,C=CCN1CCc2cccc3c2C(CCC3)C1,,,227.35,random
CHEMBL104213,COc1cc(C)c(/C=C/C(C)=C/C=C/C(C)=C/C(=O)NC2OC(C(=O)O)C(O)C(O)C2O)c(C)c1C,,,501.58,random
CHEMBL3495954,O=C(CCN1CCCN(c2nccs2)CC1)NCC1CCCCC1,,,350.53,random
CHEMBL4161449,COc1cc2c(Nc3ccccc3C#N)ncnc2cc1OCCCN1CCOCC1,,,419.49,random
CHEMBL379060,CCN(CC)C(=O)N1CCC2(CC1)CC2(c1ccc(-c2cccc(C#N)c2)cc1)c1nc2cc(F)c(C(F)(F)F)cc2[nH]1,,,589.64,random
CHEMBL2016805,Fc1ccc2oc(NCCCNCc3ccc(Cl)c(Cl)c3)nc2c1,,,368.24,random
CHEMBL1940528,O=C([C@H]1CC[C@@H](NC2(c3ccccc3Br)CCC2)C[C@@H]1c1ccsc1)N1CCN(c2ccc(Cl)cn2)CC1,,,614.05,random
CHEMBL3929924,O=C(N[C@H]1c2ccccc2C[C@H]1O)[C@H](Cc1ccccc1)C[C@H](O)CNS(=O)(=O)c1ccccc1F,,,512.6,random
CHEMBL1606025,CN1CCN(C(=O)c2cc(-c3cccc(Cl)c3)on2)CC1,,,305.77,random
CHEMBL1991348,CSc1nc2c(c(N(C)C)n1)C=Nn1c(nc3ccccc31)S2,,,342.45,random
CHEMBL399110,CS(=O)(=O)c1ccc(-n2nc(C(F)(F)F)nc2-c2ccco2)nc1,,,358.3,random
CHEMBL3959868,COc1ccc(OCc2nc3c(c(=O)n(C)c(=O)n3C)n2C)cc1,,,330.34,random
CHEMBL1198729,N=C(N)Nc1ccc(N2CCN(c3ccc(N)cc3)CC2)cc1,,,310.4,random
CHEMBL1290500,CC(O)(c1ccc(S(=O)(=O)c2ccccc2CC(N)=O)cc1)C(F)(F)F,,,387.38,random
CHEMBL3981608,O=C(NCc1c(Cl)cccc1CO)C1COc2ncccc21,,,318.76,random
CHEMBL40257,NCC(O)c1cc(O)c(O)cc1[N+](=O)[O-],,,214.18,random
CHEMBL1813967,O=C(/C=C/c1ccc([N+](=O)[O-])cc1)NS(=O)(=O)c1ccc(F)cc1,,,350.33,random
CHEMBL1829818,O=C(O)CC(CC(=O)Nc1ccc(Cl)cc1)c1ccc(Cl)cc1,,,352.22,random
CHEMBL1978984,COC(=O)c1ccc(NC(=O)c2cc3c(cc2Br)OCO3)o1,,,368.14,random
CHEMBL3629907,N=C(NC(=O)N1CCN(c2ccc([N+](=O)[O-])cc2)CC1)Nc1ccc(Cl)cc1,,,402.84,random
CHEMBL84673,COc1ccc2c(c1)Cc1cc(NC(C)=O)ccc1-2,,,253.3,random
CHEMBL3323597,Oc1ccccc1-c1nc2ccc(Nc3ccnc4ccccc34)cc2[nH]1,,,352.4,random
CHEMBL266873,C/C(=C\CC1OC(=O)NC1=O)c1cccc(OCCc2nc(-c3ccccc3)oc2C)c1,,,432.48,random
CHEMBL252210,CC[C@@H]1CCC[C@H](C2(CC(=O)N3CCC4(CCN4)CC3)CC2)N1S(=O)(=O)c1ccc(Cl)cc1,,,494.1,random
CHEMBL1910046,O=C(CCCC1CCN(S(=O)(=O)c2ccc3ncsc3c2)CC1)NO,,,383.5,random
CHEMBL1313281,CC(C)(C)N(Cc1ccccc1)C(=O)COc1cccnc1[N+](=O)[O-],,,343.38,random
CHEMBL156283,c1[nH]nc2c1CCN1CCCCC21,,,177.25,random
CHEMBL1904614,CCOC(=O)c1cc(OC(=O)c2ccc(Cl)cc2)n(-c2ccccc2)n1,,,370.79,random
CHEMBL432738,CCNC(=O)Nc1nc2nc(N)ncc2cc1-c1c(Cl)cccc1Cl,,,377.24,random
CHEMBL3936725,COc1ccccc1-n1nc(OC2CC(C)(C)[S+]([O-])C(C)(C)C2)cc1-c1ccc(C#N)cc1,,,463.6,random
CHEMBL1915302,COc1cc2c(cc1OC)N(C)C(=O)CN=C2c1cc2ccccc2s1,,,366.44,random
CHEMBL479747,CCCn1c(=O)n(-c2ccccc2)c(=O)c2ccccc21,,,280.33,random
CHEMBL3463696,Cn1nc(Br)c2c(NCCNc3ncccn3)ncnc21,,,349.2,random
CHEMBL495048,Cc1ccc(NS(=O)(=O)c2ccc(F)cc2)c(C(=O)O)c1,,,309.32,random
CHEMBL486952,CCOC(=O)/C=C/n1nnnc1-c1cccc(Cl)c1,,,278.7,random
CHEMBL3403409,COc1ccc2c(c1)C1(C(=O)N2Cc2ccccc2)c2c(-c3ccccc3)n[nH]c2Nc2[nH]c(=O)[nH]c(=O)c21,,,518.53,random
CHEMBL194111,Oc1c(Br)cc(/C=N/Oc2cccc(C(F)(F)F)c2)cc1Br,,,439.02,random
CHEMBL3186676,O=C1c2ccccc2C(=O)c2cc(Cl)ccc21,,,242.66,random
CHEMBL316878,COc1ccc(CN2C(=O)CN[C@](c3ccccc3)([C@H](Oc3nc(C)cc(C)n3)C(=O)O)c3ccccc32)cc1,,,538.6,random
CHEMBL587656,Cc1ccc(NC(=O)c2cccc(CN3CCCN(CC4CCCCC4)CC3)c2)cc1F,,,437.6,random
CHEMBL2435086,c1cncc(C(c2c[nH]c3ccccc23)c2c[nH]c3ccccc23)c1,,,323.4,random
CHEMBL4170398,Cc1ccc2oc(=O)cc(C3C(C#N)=C(N)Oc4c3c(=O)oc3ccccc43)c2c1,,,398.37,random
CHEMBL52850,CCCCCCCCCCCCCCCCOCC(COCCCC[N+](C)(C)C)OCC.[Br-],,,538.7,random
CHEMBL2261625,O=C1C(Nc2ccccc2)=C(Cl)C(=O)c2ncccc21,,,284.7,random
CHEMBL1445262,Cc1nc2c(C)cccc2c(O)c1Br,,,252.11,random
CHEMBL4077593,COC(=O)[C@]1(C)CCC[C@]2(C)c3ccc(C(C)C)c([N+](=O)[O-])c3CC[C@@H]12,,,359.47,random
CHEMBL3479598,NCC1CN(C(=O)Cn2ncc(N3CCCCC3)cc2=O)CCO1,,,335.41,random
CHEMBL1538074,Cc1ccc(S(=O)(=O)N(CC(=O)N(C)C)c2cccc([N+](=O)[O-])c2)cc1,,,377.42,random
CHEMBL16020,CN1Cc2sc(Br)cc2C(c2ccc(Br)cc2)C1,,,387.14,random
CHEMBL1182185,N[C@H]1CC(c2ccccc2)=CC[C@@H]1c1ccccc1Cl,,,283.8,random
CHEMBL158119,O=[N+]([O-])CCc1c(SSc2[nH]c3ccccc3c2CC[N+](=O)[O-])[nH]c2ccccc12,,,442.52,random
CHEMBL1624992,COc1cc(CN2CCN(C(=O)c3cccc4ccccc34)CC2)cc(OC)c1OC,,,420.51,random
CHEMBL1381339,COC(=O)c1cc(NC(=O)C2(S(=O)(=O)c3ccc(Cl)cc3)CC2)cc(C(=O)OC)c1,,,451.88,random
CHEMBL1387837,CN(C)CCCn1c(SCC(=O)N2CC(=O)Nc3ccccc32)nc2ccccc2c1=O,,,451.55,random
CHEMBL1458549,Cc1ccc(-n2c(=O)[nH]c3cc(C(=O)NC4CCN(Cc5ccccc5)CC4)ccc3c2=O)cc1,,,468.56,random
CHEMBL2251867,C#C[C@]1(O)C[C@@](C)(C(=O)N[C@H](C)c2ccc(Br)cc2)C1,,,336.23,random
CHEMBL466170,CCCCCCC/C=C/C=C/[C@@H](O)[C@H](CO)NC(=O)CCCCCCCCCCCCCCCCCCCCC,,,563.95,random
CHEMBL3612975,CC1=CC(c2ccc([N+](=O)[O-])cc2)NC(=S)N1,,,249.29,random
CHEMBL3497157,COCCOc1ccc(NC(=O)N2CCCC2c2ccncc2)cn1,,,342.4,random
CHEMBL3482809,CCc1nc(C)sc1CN1C[C@@H](C)[C@@](C)(O)C1,,,254.4,random
CHEMBL49468,O=[N+]([O-])c1cccc(C2=C(c3ccc(O)cc3)c3ccc(O)cc3C2)c1,,,345.35,random
CHEMBL482806,CC(C)=CCCC(C)(O)/C=C/c1cc(O)ccc1O,,,262.35,random
CHEMBL2206774,CC(C)c1c(O)c(O)c2c(c1S(=O)(=O)N1CCOCC1)CN(Cc1ccc(F)c(Cl)c1)C2=O,,,498.96,random
CHEMBL1878068,CN(CC(=O)Nc1ccc(OC(F)(F)F)cc1)C(=O)Cc1cccs1,,,372.37,random
CHEMBL3671812,CC1(C)[C@H](Nc2c(C(N)=O)cnn3cc(-c4cccc5ncccc45)cc23)CC[C@]1(C)N,,,428.54,random
CHEMBL1369759,COc1cccc(OCC(O)CN2CCC(C)CC2)c1.Cl,,,315.84,random
CHEMBL2331584,Cc1ccc(-c2cc(-c3ccccc3OCCCCC(=O)O)nn2-c2ccccc2)cc1,,,426.52,random
CHEMBL3262449,CCS(=O)(=O)Nc1ccc2c(c1)C(NC(=O)Nc1cccc(C#N)c1)CC(C)(C)O2,,,428.51,random
CHEMBL4204932,C=C1c2c(-c3ccc(Oc4ccccc4)cc3)c3c(N)ncnc3n2CC1N,,,369.43,random
CHEMBL1337581,CC(C)C(=O)N1CCc2cc(-c3csc(N)n3)ccc21,,,287.39,random
CHEMBL1179424,Cc1c(-c2ccccc2F)c(=O)n(C[C@H](N)c2ccccc2)c(=O)n1CCN(C)C,,,410.49,random
CHEMBL3184579,Cc1ccc(-c2ccc([C@@H]3[C@@H]4CN(Cc5cccc(F)c5)C[C@H]3N4)cc2)cc1,,,372.49,random
CHEMBL363112,COC(=O)c1ccccc1C(=O)c1cn(OC)c2ccccc12,,,309.32,random
CHEMBL99085,CCCn1ncc2c1-c1c(Cl)sc(Cl)c1CCC2,,,301.24,random
CHEMBL339194,CCN(CC)C(=O)CNc1nc2cc3nc(NCC(=O)N(CC)CC)sc3cc2s1,,,448.62,random
CHEMBL587205,CC(=O)N1N=C(c2ccc(Cl)cc2)Sc2c1nc(C1CCCCC1)n2C(C)=O,,,416.93,random
CHEMBL1725252,CCCCC12Cc3cc(C#N)ccc3C(O1)c1c(cc(-c3ccccc3)oc1=O)O2,,,399.45,random
CHEMBL3941492,O=C(c1ccc2cc(Oc3ccc(C(F)F)cn3)ccc2n1)N1CC[C@@H](F)C1,,,387.36,random
CHEMBL1202188,Cc1ccc(-c2cc(C)c(N)[n+](CCCC(=O)O)n2)cc1.[Br-],,,366.26,random
CHEMBL2112442,c1cnc([C@H]2CN3CCCC2C3)cn1,,,189.26,random
CHEMBL3921796,O=C(O)CCN1C(=O)/C(=C/c2cc3cc(F)ccc3nc2Cl)SC1=S,,,396.85,random
CHEMBL2011201,O=C(CCN1CCCCC1)Nc1ccc(/C=C2\CCCn3c2nc2cc(Cl)ccc2c3=O)cc1,,,477.01,random
CHEMBL2357109,CCC(=O)N(C)C[C@H]1Oc2cc(/C=C/c3ccccc3)ccc2S(=O)(=O)N([C@@H](C)CO)C[C@H]1C,,,486.63,random
CHEMBL3298284,O=C1c2ccc(OCc3cccc(F)c3)nc2CCN1Cc1ccccc1,,,362.4,random
CHEMBL1708150,Cc1c(C(=O)N(C)C(C)c2ccncn2)oc2c(F)cccc12,,,313.33,random
CHEMBL3452122,CN1CCN(c2ccc(F)cc2NC(=O)NCCn2ccnc2)CC1,,,346.41,random
CHEMBL3186307,Cc1ccccc1-c1ccc2c(c1)O[C@H](CN(C)Cc1ccncc1)[C@@H](C)CN([C@@H](C)CO)S2(=O)=O,,,509.67,random
CHEMBL4211336,Cc1nc(-c2ccc(-c3ccccc3)cc2)sc1-c1ccnc(NC2CCCCC2)n1,,,426.59,random
CHEMBL3499860,CN(C)CCNC(=O)C1Cc2nc(-c3ccccc3)sc2N1CC1CC1.O=C(O)C(F)(F)F,,,484.54,random
CHEMBL1357913,O=C(CN1CCN(S(=O)(=O)c2ccccc2)CC1)Nc1ccc(Cl)c([N+](=O)[O-])c1,,,438.89,random
CHEMBL1424151,Cc1cc(Cl)ccc1NNC(=O)CCc1ccccc1,,,288.78,random
CHEMBL575939,COc1ccc(-c2c(-c3ccc(OC)c(O)c3)cn3c2-c2cc(OC)c(OC)cc2CC3)cc1,,,457.53,random
CHEMBL1203394,Cl.Cl.Fc1ccc2c(/C=N/NC3=NCCN3)c3cc(F)ccc3c(/C=N/NC3=NCCN3)c2c1,,,507.38,random
CHEMBL4106611,CC1CC(Nc2n[nH]c3cc(NC(=O)N[C@H](C)c4ccccc4)ncc23)C(C)O1,,,394.48,random
CHEMBL3235599,O=C1N[C@@H](CCO)C(=O)/C1=C(/O)Cc1ccc([N+](=O)[O-])cc1,,,306.27,random
CHEMBL2023679,Cc1c(/C=C/C(=O)O)c2ccccc2n1Cc1ccccc1F,,,309.34,random
CHEMBL1713581,COc1cc(OC)c(C(=O)OC(C)C(=O)NCc2ccc3c(c2)OCO3)cc1OC,,,417.41,random
CHEMBL281993,O=c1[nH]c(=O)n([C@@H]2C(F)[C@H](CO)C2CO)cc1/C=C/Br,,,349.16,random
CHEMBL3103317,S=c1oc(-c2ccc(Cl)cc2)nn1CNc1ccccc1Cl,,,352.25,random
CHEMBL1578724,COC(=O)CC1NCCNC1=O,,,172.18,random
CHEMBL4210719,CCCOc1cc(C)c(-c2cccc(COc3ccc(S(=O)(=O)CC(=O)O)cc3)c2)c(C)c1,,,468.57,random
CHEMBL2107584,C[C@]12C=CC(=O)C=C1[C@@H]1C[C@@H]1[C@H]1[C@@H]3[C@@H]4C[C@@H]4[C@@]4(CCC(=O)O4)[C@@]3(C)CC[C@@H]12,SPIRORENONE,2,364.49,random
CHEMBL1397512,CCCCCCSc1nc(N)c2c3c(sc2n1)CCCC3C,,,335.54,random
CHEMBL1430413,COc1ccccc1CN1CCN(Cc2ccc(Cl)cc2)CC1.O=C(O)C(=O)O,,,420.89,random
CHEMBL3491964,O=C(O)c1cc(S(=O)(=O)Nc2cc(F)cc(F)c2)cc2c1OCCO2,,,371.32,random
CHEMBL4280256,O=c1cc(-c2ccc(OCCOCCn3cc(CCCCOc4ccc5c(=O)cc(-c6ccccc6)oc5c4)nn3)cc2)oc2ccccc12,,,669.73,random
CHEMBL3104541,Cc1c(CC(=O)NC(CO[N+](=O)[O-])C(=O)O)cc(-c2ccc(S(C)(=O)=O)cc2)n1-c1cccc(F)c1,,,519.51,random
CHEMBL1967187,Br.COc1ccc(-c2cs/c(=N\c3ccccc3)n2CC(O)c2ccc([N+](=O)[O-])cc2)cc1,,,528.43,random
CHEMBL3971458,CC(C)Cc1ccc(C(C)c2nnc(SCc3cn(CC(=O)Nc4ccccc4[N+](=O)[O-])nn3)o2)cc1,,,521.6,random
CHEMBL4290213,O=C(O)c1ccc2ccc(C(=O)c3ccccc3)c-2cc1,,,276.29,random
CHEMBL3501196,COc1ccc(CC(=O)N2CC[C@@H](OC)[C@@H]2Cc2cccnc2)cc1.O=C(O)C(F)(F)F,,,454.45,random
CHEMBL3741760,CN(CCNC(=O)n1c(=O)oc2ccccc21)Cc1ccccc1,,,325.37,random
CHEMBL3479705,Cc1cccc(OCC2CCCN(C(=O)CCn3ccccc3=O)C2)c1,,,354.45,random
CHEMBL3551627,O=C(NC1COC2(CCN(Cc3ccccn3)CC2)C1)c1ccccn1,,,352.44,random
CHEMBL1488186,CC1C2CC(CC1(C)C)N(C(=O)Nc1ccc3nccnc3c1)C2,,,324.43,random
CHEMBL93637,O=C(N[C@@H](Cc1ccccc1)C(=O)O)c1ccccc1-c1ccccc1C(=O)N[C@@H](Cc1ccccc1)C(=O)O,,,536.58,random
CHEMBL3897934,CC(=O)N[C@@H](C)C(=O)N[C@H](C(=O)N[C@@H](C)C(N)=O)C1CCN(C(=N)N)CC1,,,383.45,random
CHEMBL1395237,CCOC(=O)CNC(=O)c1ccc(-c2nn(C)c(=O)c3ccccc23)cc1,,,365.39,random
CHEMBL3983080,O=C(N[C@H]1CCC[C@@H]1Nc1cnc(C(F)(F)F)cn1)c1cc(C(F)(F)F)ccc1-n1ccnn1,,,485.39,random
CHEMBL1094905,O=C(/C=C/c1c(F)cccc1F)/C=C/c1c(F)cccc1F,,,306.26,random
CHEMBL1343837,Cc1nc(N2CCN(C(=O)c3ccco3)CC2)nc2c1C(=O)CCC2,,,340.38,random
CHEMBL3109935,CN(C)S(=O)(=O)c1ccc(Nc2cc3c(cn2)cc(-c2cnn(C)c2)n3C(=O)OC(C)(C)C)c(Cl)c1,,,531.04,random
CHEMBL1393238,O=C(NCS(=O)(=O)c1ccccc1)c1ccccc1,,,275.33,random
CHEMBL3945786,CC(C)CC#Cc1cn2c(-c3ccc(C(=O)NC4CC4)cc3)cnc2c(NCC(C)C)n1,,,429.57,random
CHEMBL2261590,COC(=O)[C@H](Cc1ccc(O)cc1)NC(=O)Cn1c([N+](=O)[O-])cnc1C,,,362.34,random
CHEMBL583551,CN[C@@H](C)C(=O)Nc1nc2c(s1)CCCCC2C(=O)NC(c1ccccc1)c1ccccc1,,,462.62,random
CHEMBL4112415,COc1cc2c(N)nc(N3CCN(C(=O)C[C@@H](NC(C)C)c4ccc(F)c(C#N)c4)CC3)nc2c(F)c1OC,,,539.59,random
CHEMBL256232,CCCCCCCCCCC[C@H](C[C@H]1NC(=O)[C@@H]1CCCCCC)OC(=O)CNC=O,,,438.65,random
CHEMBL3973370,COc1ncc(-c2c(N)ncnc2N[C@@H](C)c2nn3ccc(C)c3c(=O)n2-c2ccccc2)cc1NS(=O)(=O)c1ccc(F)cc1,,,641.69,random
CHEMBL1309094,O=C(COc1ccccc1C(=O)NCC1CCCO1)Nc1ccc(Br)cc1,,,433.3,random
CHEMBL1825134,CC(Oc1cc(-c2cnn(C3CNC3)c2)cnc1N)c1c(Cl)ccc(F)c1Cl,,,422.29,random
CHEMBL1902289,CCC(CC)C(=O)N(C)c1c(C)nc2c(OCC3CCCCC3)cccn12,,,371.53,random
CHEMBL237589,CCCCCCCCCC[S+](C)CC(P(=O)([O-])O)P(=O)(O)O,,,376.39,random
CHEMBL4104361,Oc1cccc(Nc2nc(-c3ccccc3)nc3ncccc23)c1,,,314.35,random
CHEMBL1981383,CCC1(CC)C(=O)CC[C@@]2(C)C1=CC[C@H]1[C@@H]3CC[C@H](O)[C@@]3(C)CC[C@@H]12,,,344.54,random
CHEMBL246527,CC(OC(=O)Nc1conc1-c1ccc(CCCCC(=O)O)cc1)c1ccccc1Cl,,,442.9,random
CHEMBL603037,O=C(c1ccccc1)N1CCN(c2ccccc2NC(=O)C(Cl)(Cl)Cl)CC1,,,426.73,random
CHEMBL1231683,CC(C)Nc1ccc2cnn(-c3cncc(-n4ccc(CC(=O)O)c4)n3)c2c1,,,376.42,random
CHEMBL260779,CC(C)(C)C1CCc2onc(C(=O)Nc3cnn(Cc4ccccc4I)c3)c2C1,,,504.37,random
CHEMBL1332353,COc1cc(C2NC(=O)C(C#N)=C(S)N2c2ccccc2)ccc1OC(C)C,,,395.48,random
CHEMBL3946043,CN1C(=O)N(c2ncc(C#Cc3ccc(F)cc3)cn2)CC1(C)C,,,324.36,random
CHEMBL604061,N#CCc1c(C(=O)NN2CCOCC2)nn(-c2ccccc2Cl)c1-c1ccc(Cl)cc1,,,456.33,random
CHEMBL465616,CC1(C)CCC[C@]2(C)[C@H]3C=C4C(=CC(=O)C(O)=C4Cl)O[C@@]3(C)CC[C@@H]12,CHLOROPUUPEHENONE,,362.9,random
CHEMBL3492660,CC(C)n1cnnc1C1CCCN(C(=O)COCc2ccccc2)C1,,,342.44,random
CHEMBL3799431,Cc1nnc2c3c(-c4ccccc4)c(-c4ccccc4)n(C4CCCCC4)c3ncn12,,,407.52,random
CHEMBL4127407,COc1ccc(Cc2noc(CCCc3ccccc3)n2)cc1OC,,,338.41,random
CHEMBL3683690,O=C(c1nn([C@H]2CCCN(C3CCCNC3)C2)c2c1CS(=O)(=O)c1ccccc1-2)N1CCOCC1,,,499.64,random
CHEMBL3357277,O=C(c1ccc(-c2cc(Nc3ccccc3Cl)ncn2)cc1)N1CCN(C(=O)c2ccccc2Cl)CC1,,,532.43,random
CHEMBL1584014,Cc1ccc(N(C(=O)c2snc(C(N)=O)c2N)C(C(=O)NCc2ccccc2)c2ccncc2)c(C)c1,,,514.61,random
CHEMBL68688,OC(CN(Cc1cccc(OC(F)(F)C(F)F)c1)c1cccc(Oc2ccc(C(F)(F)F)cc2)c1)C(F)(F)F,,,571.41,random
CHEMBL1098983,NCCC[C@@H]1NC(=O)c2coc(n2)-c2coc(n2)-c2coc(n2)[C@H](CCCN)NC(=O)c2coc(n2)-c2coc(n2)-c2coc1n2,,,630.58,random
CHEMBL1717703,COc1ccccc1CN1CC(C(=O)NC2CCCCC2)CC1=O,,,330.43,random
CHEMBL1558418,CC(C)(C)c1c2c(c(C(C)(C)C)c3c1OCN(Cc1ccccc1)C3)OCN(Cc1ccccc1)C2,,,484.68,random
CHEMBL2270758,CN(C)CCCCC1CSSC1.O=C(O)C(=O)O,,,295.43,random
CHEMBL1584203,CN1C(=O)NC(NC(=O)c2cccs2)(C(F)(F)F)C1=O,,,307.25,random
CHEMBL1518018,CC(C)NC(=O)C(=O)NNC(=O)CCc1ccccc1,,,277.32,random
CHEMBL1381267,CC(=O)N(CCP(=O)(c1ccccc1)c1ccccc1)Cc1ccco1,,,367.39,random
CHEMBL1414633,O=C(Nc1ccc2c(c1)OCCO2)c1cc2sccc2n1Cc1ccc(F)cc1,,,408.45,random
CHEMBL544834,CCN(CC)CCC(=O)/C=C/c1ccccc1.Cl,,,267.8,random
CHEMBL4290864,CC(C)(c1ccc(Cl)cc1)c1cc(O)n(-c2cc(C(=O)O)ccn2)n1,,,357.8,random
CHEMBL2142359,COC(=O)C[C@H]1CC[C@@H]2[C@H](COC[C@@H](O)CN2C(=O)Nc2cccc(F)c2)O1,,,396.42,random
CHEMBL402094,C[C@H]1[C@H](OC(=O)c2ccc(-c3ccccc3)cc2)O[C@@H]2O[C@]3(C)CC[C@H]4[C@H](C)CC[C@@H]1[C@@]24OO3,,,464.56,random
CHEMBL1956136,CC(CCc1ccc(OC2CCCC2)cc1)(C(=O)NO)S(C)(=O)=O,,,355.46,random
CHEMBL325286,C=CCc1ccccc1Oc1cncc2sc(C(N)=O)cc12,,,310.38,random
CHEMBL1880485,C=CCOc1c(CNC2CCCC2)cc(Cl)cc1OC.Cl,,,332.27,random
CHEMBL3215966,Cl.Cl.Cl.Clc1cccc(N2CCN(CCCCOc3ccc4c(c3)CCC4)CC2)c1,,,494.33,random
CHEMBL257234,O=S(=O)(Nc1cccc2cccnc12)c1cccs1,,,290.37,random
CHEMBL611820,N#Cc1ccc(NC(=O)N2CCN([C@H]3c4ccc(Cl)cc4C(Cc4cnc[nH]4)=Cc4cccnc43)CC2)cc1,,,536.04,random
CHEMBL304201,O=C1C[N+]([O-])=C(c2ccccc2)c2cc(Cl)ccc2N1CCO,,,330.77,random
CHEMBL319742,O=C(O[C@H]1C[C@@H]2C[C@@H]3C[C@@H](C1)N2CC3=O)C1CNc2ccccc21,,,326.4,random
CHEMBL515740,CCCN(c1nc(C)nc2c(-c3c(C)cc(OC)cc3OC)c(C)nn12)C1CC1,,,395.51,random
CHEMBL1724852,CC(C)[C@H](N)c1nnc2n1N=C(c1ccc(Cl)cc1)CS2.Cl,,,358.3,random
CHEMBL4091289,C=C(/C(C)=C/c1ccc(OC)c(N)c1)c1cc(OC)c(OC)c(OC)c1,,,355.43,random
CHEMBL3463661,OCc1cc2ccccc2nc1NCC1(O)CCC1,,,258.32,random
CHEMBL1631459,O=C1C=C(Nc2ccc(O)cc2)C(=O)c2ccccc21,,,265.27,random
CHEMBL1402538,COc1ccc(CCNC(=O)c2cc(-c3ccccc3OC)on2)cc1OC,,,382.42,random
CHEMBL1203499,Cc1cc(-c2csc(NC3=NCCN3C)n2)c[nH]1.Cl,,,297.82,random
CHEMBL1589095,O=C(Cc1ccccc1F)Nc1nc(-c2cccs2)cs1,,,318.4,random
CHEMBL601994,Cc1ccc(N2C(=O)c3sc4nnc(C)c(=O)n4c3C2=O)cc1,,,326.34,random
CHEMBL3349269,COc1ccc([C@]2(CNC(C)=O)C[C@H]3CC[C@@H](C2)N3C(c2ccccc2Cl)c2ccccc2Cl)nc1,,,524.49,random
CHEMBL1367216,COC(=O)[C@]1(CC(C)C)N[C@H](c2ccc(-c3cccc(Cl)c3)cc2)[C@@H]2C(=O)N(C)C(=O)[C@@H]21.O=C(O)C(F)(F)F,,,568.98,random
CHEMBL369079,Cc1ccc(Cl)cc1/N=C(\S)N1CCCC[C@H]1O,,,284.81,random
CHEMBL378063,N#Cc1c(N)[nH]c2ccc(O)cc12,,,173.18,random
CHEMBL580761,CCn1c(-c2nonc2N)nc2c(-c3cccc(NC(=O)Nc4ccccc4OC)c3)ncc(OCCCN)c21,,,543.59,random
CHEMBL1091717,COc1ccc(CCNC(=O)c2c(C)[n+]([O-])c3ccc(OC)cc3[n+]2[O-])cc1,,,383.4,random
CHEMBL1341949,CCCCN(C)CCNC(=O)C1CCN(S(=O)(=O)c2cccc3nsnc23)CC1,,,439.61,random
CHEMBL1352710,COC(=O)c1ccc(CNC(=O)CSc2nc3sc(C)c(C)c3c(=O)n2C)o1,,,421.5,random
CHEMBL1321429,COc1ccc(NC(=O)N2CCC3(CC2)OCCO3)c(OC)c1,,,322.36,random
CHEMBL430705,N#CC1=C(C(=O)O)N2C(=O)[C@@H](NC(=O)Cc3cccs3)CN2C1,,,332.34,random
CHEMBL4075896,CC1(N)CCN(c2nc(-c3ccc(-c4ccc(F)cc4)cc3)cs2)CC1,,,367.49,random
CHEMBL564419,O=C1N=C(Nc2cccc(Cl)c2)S/C1=C\C=C\c1ccco1,,,330.8,random
CHEMBL3251499,CCCCS(=O)(=O)Nc1ccc(Nc2c3ccccc3nc3cc(OC)ccc23)c(OC)c1.Cl,,,502.04,random
CHEMBL2164714,CCCn1c2cc(OCc3ccccc3)ccc2c2ccnc(C)c21,,,330.43,random
CHEMBL4293849,CC(=C(C#N)C#N)C12CC3CC(CC(C3)C1)C2,,,226.32,random
CHEMBL310918,O=C(CCC1CCN(Cc2cccc([N+](=O)[O-])c2)CC1)c1ccc2c(c1)CCN2,,,393.49,random
CHEMBL2135615,CC1(C(=O)Nc2ccc(Cl)c(Cl)c2)CCN1C(=O)CC1CCCC1,,,369.29,random
CHEMBL4293265,COc1ccc([C@H]2[C@H](NC(=O)c3ccco3)C(=O)N2c2cc(OC)c(OC)c(OC)c2)cc1O,,,468.46,random
CHEMBL3495531,N#CC1(C(=O)N2CCN(Cc3ccon3)CC2)CCC1,,,274.32,random
CHEMBL199149,Cc1cc(F)ccc1COc1ccc(S(=O)(=O)CCC(=O)NO)cc1,,,367.4,random
CHEMBL3824126,O=c1c(-c2cccc(F)c2)coc2cc3occ(-c4cccc(F)c4)c(=O)c3c(O)c12,,,418.35,random
CHEMBL3234274,COc1ccc(/C=N/c2ccc(-c3ccc(/N=C/c4ccc(OC)c(O)c4)c(C)c3)cc2C)cc1O,,,480.56,random
CHEMBL165905,O=c1c(O)c(-c2ccc(F)cc2)oc2cc(O)cc(O)c12,,,288.23,random
CHEMBL532634,COc1ccc2nccc([C@@H](O)CN3CCC(NC(=O)c4cc5c(F)cc(F)cc5[nH]4)CC3)c2c1.CS(=O)(=O)O,,,576.62,random
CHEMBL1490174,CCOC(=O)C1CCN(c2ncnc3c2cnn3C)CC1,,,289.34,random
CHEMBL41288,C[C@H](N[C@@H](CCc1ccccc1)C(=O)O)C(=O)N1C[C@@H](NS(=O)(=O)c2cc(S(N)(=O)=O)c(N)cc2Cl)C[C@H]1C(=O)O,,,632.12,random
CHEMBL2136226,CCN(CC(=O)NCc1ccc(Cl)cc1)C(=O)c1sccc1C,,,350.87,random
CHEMBL4217450,O=C([C@@H]1C[C@H](O)CN1Cc1cc(Cl)ccc1Cl)N1CCN(C2CC2)c2ccccc21,,,446.38,random
CHEMBL4276926,CN(C)CCNc1nc(Oc2c(F)c(F)c(F)c(F)c2F)nc(N(C)Cc2ccccc2)n1,,,468.43,random
CHEMBL1985862,C[C@]1(O)CC(=O)c2c(c(-c3ccc4cc5c(c(O)c4c3O)C(=O)C[C@@](C)(O)C5)c3cccc(O)c3c2O)C1,,,514.53,random
CHEMBL504183,N#C/C=C/CNC(=O)CN1C(=O)[C@@H](COC(=O)Nc2ccc(Cl)cc2C(F)(F)F)N=C(c2ccccc2)c2ccccc21,,,609.99,random
CHEMBL306222,O=C(O)Cc1nn(Cc2ccc(Br)cc2F)c2ccccc12,,,363.19,random
CHEMBL3647202,Cc1cc(C)cc(COc2ccc(CCC(C)(C(=O)NO)S(C)(=O)=O)cc2)c1,,,405.52,random
CHEMBL3183911,O=C([O-])CNc1ccccc1.[K+],,,189.25,random
CHEMBL3914847,OC1(CNC[C@H]2CC[C@H](c3nnn4cnc5[nH]ccc5c34)CC2)CCCCC1,,,382.51,random
CHEMBL3319584,COc1ccc(C[C@H](NC(=O)[C@@H](C)NC(=O)C2=C(C)c3ccccc3C2)C(=O)N[C@@H](Cc2ccccc2)C(=O)[C@@]2(C)CO2)cc1,,,609.72,random
CHEMBL2204748,N#Cc1ccc(/N=N/c2ccccc2)cc1,,,207.24,random
CHEMBL3728980,Cc1cc(-c2csc3c(NC[C@@H](N)Cc4ccccc4)nc(-c4ccncc4)nc23)n[nH]1,,,441.56,random
CHEMBL1230609,COc1cc2c(Oc3ccc(NC(=O)C4(C(=O)Nc5ccc(F)cc5)CC4)cc3F)ccnc2cc1OCCCN1CCOCC1,FORETINIB,2,632.66,random
CHEMBL1473762,CCn1cc(CCC(=O)NC2CCCC2)c2ccccc21,,,284.4,random
CHEMBL1852265,OCC[C@@H]1CNC[C@H](O)[C@@H](O)[C@@H]1O,,,191.23,random
CHEMBL1181744,COc1ccc(C(C#N)(CCCN2CCC(NCCOc3ccccc3)CC2)C(C)C)cc1OC,,,479.67,random
CHEMBL1896516,Cc1ccnc(NC(=O)c2ccc3nc(O)c(O)nc3c2)c1,,,296.29,random
CHEMBL1881808,COc1ccc(C(=O)NC(C)Cn2nc(C)cc2C)cc1OC1CCN(C(C)=O)CC1,,,428.53,random
CHEMBL543632,Br.Clc1ccc(CCN2CCCC2)cc1Cl,,,325.08,random
CHEMBL1872696,Cc1cc(C)cc(NC(=O)C2CCN(c3cc(C)nc4c(-c5ccc(Cl)cc5)c(C)nn34)CC2)c1,,,488.04,random
CHEMBL3941694,Cl.Fc1ccc(Nc2nc(NCc3ccnc(F)c3)nc(Nc3ccc(F)cc3)n2)cc1,,,459.86,random
CHEMBL3561801,CCC(=O)N1CCC2(CC1)CN(C(C)=O)[C@@H](CO)c1[nH]c3cc(OC)ccc3c12,,,399.49,random
CHEMBL496074,CCC1=N[C@H]2C[C@@]3(C(=O)N(OC)c4ccccc43)[C@@H]3OC[C@H]2[C@H]1[C@H]3O,,,342.4,random
CHEMBL1992267,O=C(ON=c1c2ccccc2ccc2ccccc12)c1cc([N+](=O)[O-])cc([N+](=O)[O-])c1,,,415.36,random
CHEMBL1866304,CCCCNC(=O)n1c(=O)oc2ccc(Cl)cc21,,,268.7,random
CHEMBL3716380,CCOc1ccc(/C=C/C(=O)N[C@@H](COC)CC(C)C)cc1,,,305.42,random
CHEMBL1332768,CC(=O)c1ccc(OC(=O)c2cccs2)cc1,,,246.29,random
CHEMBL1392617,COc1ccc(C(C(=O)NC2CCCCC2)N(Cc2cccs2)C(=O)Cc2c[nH]c3ccccc23)cc1,,,515.68,random
CHEMBL3902229,CC(=O)C(C)(c1ccc(-c2cc(C)cc(Nc3cc(C(F)F)ccn3)n2)cn1)C1CCC(C(=O)O)CC1,,,508.57,random
CHEMBL1468924,O=C(Oc1cc(=O)oc2ccccc12)c1ccco1,,,256.21,random
CHEMBL3892033,c1ccc(C(OCCCc2c[nH]cn2)c2cncnc2)cc1,,,294.36,random
CHEMBL1467937,C(=C/c1ccccc1)\CN1CCN(Cc2ccc3c(c2)OCCO3)CC1,,,350.46,random
CHEMBL3212586,Cc1occc1C(=O)N/N=C/c1cccnc1,,,229.24,random
CHEMBL1449736,CC1CCCN(C(=O)C(C)Sc2nc(-c3ccccc3)cc(C(F)(F)F)n2)C1,,,409.48,random
CHEMBL1415470,Oc1nc(Nc2ccccc2)nc(N2CCCC2)n1,,,257.3,random
CHEMBL48207,Cc1ccccc1C/N=C(\S)N1CCC(c2c[nH]cn2)CC1,,,314.46,random
CHEMBL3198127,CN(C)C1(C/N=C/c2cc(Cl)cc([N+](=O)[O-])c2O)CCCCC1,,,339.82,random
CHEMBL267418,COc1ccc(CCNCC(O)COC(=O)c2ccc(CO)cc2)cc1OC,,,389.45,random
CHEMBL2140514,Nc1nonc1C(=O)NCCNS(=O)(=O)c1ccc(Br)cc1,,,390.22,random
CHEMBL1971014,O=C(c1ccccc1)c1ccc2[nH]c(-c3c(Cl)c(Cl)c(Cl)c(Cl)c3C(=O)N/N=C/c3ccccc3)nc2c1,,,582.27,random
CHEMBL3291399,CNc1nc(NCc2ccccc2)nc2ccccc12,,,264.33,random
CHEMBL4090197,N/C(=N/C(=N\S(=O)(=O)c1ccc(Cl)cc1)N1CC(c2ccccc2)C(c2ccc(Cl)cc2)=N1)SCCCc1ccccc1,,,650.66,random
CHEMBL3343156,O=C(CN1CCN(c2ccccc2Cl)CC1)N1CCN(c2nnc(-c3ccc(Cl)cc3)c(-c3ccc(Cl)cc3)n2)CC1,,,622.99,random
CHEMBL2042018,NC(=O)[C@H](Cc1ccccc1)NC(=O)OCc1ccccc1,,,298.34,random
CHEMBL1467120,COc1ccc(S(=O)(=O)Nc2cc(C)ccn2)cc1,,,278.33,random
CHEMBL54151,Cl.N=C(N)N/N=C/c1ccc(Cl)cc1,,,233.1,random
CHEMBL1997259,CCCCCC/C=C1\CCC(CN2CCCC2)C1=O.Cl,,,299.89,random
CHEMBL1934147,CCOC(=O)C1=C(C)NC(=O)NC1c1cn(C(=O)CNc2ccc([N+](=O)[O-])cc2Cl)c2ccccc12,,,511.92,random
CHEMBL1599337,COc1ccc(CCn2c(C)cc3c(c2=O)C(c2ccc4c(c2)OCO4)C(C#N)=C(N)O3)cc1OC,,,487.51,random
CHEMBL3754129,CONC(=O)[C@]12CCC(C)(C)C[C@H]1C1=CC[C@@H]3[C@@]4(C)CC[C@H](O)C(C)(C)[C@@H]4CC[C@@]3(C)[C@]1(C)CC2,,,485.75,random
CHEMBL3427620,O=C(/C=C/c1ccc(Cl)cc1)c1ccc(OCc2cn([C@H]3CC(=O)N4C[C@@H]5CCCN6CCC[C@@H]([C@H]56)[C@H]4C3)nn2)cc1,,,586.14,random
CHEMBL1516675,CC(C)c1ccc2c(c1O)CCC1C3=C(CC[C@]21C)C(=O)OC3,,,312.41,random
CHEMBL2170932,CCN1CCCC1CNC(=O)c1ccc2c(c1)NC(=O)/C(=C/c1ccccc1)S2,,,407.54,random
CHEMBL3250757,Cc1cnc(C)c(N2CCNCC2)n1.Cl,,,228.73,random
CHEMBL2311801,O=C(CCCCCONC(=O)c1ccccc1)NO,,,266.3,random
CHEMBL1476389,COc1ccc(N2CCN(c3oc(-c4ccc(COc5cccc(C)c5)o4)nc3C#N)CC2)cc1,,,470.53,random
CHEMBL391501,C[N+](C)(CCCN1c2ccccc2Sc2ccc(C(F)(F)F)cc21)Cc1ccc(Cl)cc1.[Cl-],,,513.46,random
CHEMBL1452323,O=C(CC1NCCNC1=O)NC1Cc2ccccc2C1,,,273.34,random
CHEMBL1777921,CCN1C(=O)c2nc(-c3ccc(F)cc3)n(Cc3ccccc3)c2N2C[C@@H](C(C)C)N=C12,,,431.52,random
CHEMBL3974952,COc1cccc(CCN2CCC(Cc3cc(OC)ccc3Br)CC2)c1,,,418.38,random
CHEMBL269650,CC(C)(CCCOc1ccc(OCCCC(C)(C)C(=O)O)c(CO)c1)C(=O)O,,,396.48,random
CHEMBL1683611,CCCCCC#CC[n+]1ccn(CCCCCCCCCCCCCC)c1C.[I-],,,514.58,random
CHEMBL1277165,CC1=C(C(=O)Nc2ccc(Br)cc2)C(c2ccc(Cl)cc2Cl)N=C(SCc2ccc(Cl)cc2)N1,,,595.78,random
CHEMBL3235731,COc1ccccc1N1CCN(CCCCCC(=O)N2CCC[C@H]2C(N)=O)CC1,,,402.54,random
CHEMBL1993433,C=CCc1c(C)nc(C)nc1N/N=C/C=C/c1ccccc1,,,292.39,random
CHEMBL3633570,CCOC(=O)c1ccc(NC2CCCCC2)c(NCc2cccc(F)c2)c1,,,370.47,random
CHEMBL1722734,Cc1ccc(C(=O)NNC(=O)CCn2nnc3ccccc32)cc1,,,323.36,random
CHEMBL1619094,CN(C)C1CCCC1OC(=O)C(O)(c1ccccc1)c1ccccc1,,,339.44,random
CHEMBL1448648,O=C(c1cnc(N2CCCCC2)c2ccccc12)N1CCN(c2ccccc2F)CC1,,,418.52,random
CHEMBL358717,Cc1cc(C)[n+](-c2ncc[nH]2)c(C)c1.[O-][Cl+3]([O-])([O-])[O-],,,287.7,random
CHEMBL34584,O=C1c2ccccc2C(=O)c2c(O)c(CO)cc(O)c21,,,270.24,random
CHEMBL3780824,Oc1ccccc1-c1cc(-c2ccccc2)cc(-c2ccc(Cl)cc2)n1,,,357.84,random
CHEMBL3717579,Cc1cc(S(=O)(=O)NCc2cccs2)cnc1-c1ccc2c(c1)CC[C@H](C)N2C(=O)c1ccc(O)cc1O,,,549.67,random
CHEMBL2170482,Nc1ncnc2c1nc(Sc1cc3occc3cc1Br)n2CCC1CCN(C=O)CC1,,,501.41,random
CHEMBL4082144,Cl.Cl.O=[N+]([O-])c1cc(CSc2nnc(SCCCN3CCN(Cc4ccccc4)CC3)o2)cc([N+](=O)[O-])c1,,,603.55,random
CHEMBL286626,CCCCC/C=C\C/C=C\C=C\C=C\[C@@H](Sc1ccccc1C(=O)O)[C@@H](O)CCCC(=O)O,,,472.65,random
CHEMBL63814,O=c1cc(-c2ccccc2)oc2ccc(-c3ccccc3-c3cc(=O)c4ccccc4o3)cc12,,,442.47,random
CHEMBL1905308,CCCCc1ccc(NC(=O)N[C@@H](C)C(=O)O)cc1,,,264.32,random
CHEMBL3605890,O=C(CCCN1C(=O)c2ccc(I)cc2S1(=O)=O)Nc1ccc(C(=O)NO)cc1,,,529.31,random
CHEMBL2234849,NNC(=O)CSc1nnc(CCCCc2nnc(SCC(=O)NN)n2C2CCCCC2)n1C1CCCCC1,,,564.79,random
CHEMBL3108955,Cl.N[C@H]1C[C@@H]1c1ccc(NC(=O)CCCCCNC(=O)c2ccc(O)c3ncccc23)cc1,,,468.99,random
CHEMBL572821,Nc1nc(=S)[nH]c2c1C(c1ccc(Cl)cc1Cl)C1=C(CCCC1=O)N2c1ccc(S(N)(=O)=O)cc1,,,548.48,random
CHEMBL7460,C(#Cc1ccccc1)CN1CCC(COC(c2ccccc2)c2ccccc2)CC1,,,395.55,random
CHEMBL3211833,Cc1ccc(O)c(/C=N/c2cc(C)ccc2O)c1,,,241.29,random
CHEMBL1876371,CN(CCC1CCOCC1)C(=O)C1CCC(=O)N(CCc2ccc(Cl)cc2)C1,,,406.95,random
CHEMBL3409104,Oc1ccc2c(c1)[C@]1(CCCc3ccccc3)CCN(CCc3ccc(C(F)(F)F)cc3)C[C@@H]1O2,,,481.56,random
CHEMBL3335133,COc1ccc(NC(=O)c2ccc(CN3CCOCC3)cc2)cc1,,,326.4,random
CHEMBL3699834,Cc1cc(C(=O)N2CCC3(CC2)Cc2cnn(C(C)(C)C)c2C(=O)N3)cc2c[nH]nc12,,,420.52,random
CHEMBL262807,C[C@@H]([C@@H](O)c1ccc(O)cc1)N1CCN(Cc2ccccc2)CC1,,,326.44,random
CHEMBL1496204,CCc1c(C2(O)CCCCC2)[nH]c2ncccc12,,,244.34,random
CHEMBL443343,O=S(=O)(/C=C/c1ccccc1)Oc1ccccc1,,,260.31,random
CHEMBL1702226,CC1CCN(S(=O)(=O)c2ccc3c(c2)c(=O)c(C(=O)N2CCOCC2)cn3C)CC1,,,433.53,random
CHEMBL4103140,CCn1c2c(c(=O)[nH]c1=O)C(c1ccc(C)cc1)C1=C(CN(CCc3ccc(OC)cc3)C1=O)N2,,,472.55,random
CHEMBL3955618,NCCO.O=C(O)c1[nH]c(=O)[nH]c(=O)c1CCc1cccc2ccccc12,,,371.39,random
CHEMBL3115270,COC1COCCC1N[C@@H]1C[C@H]2CN(c3ncccn3)C[C@@]2(C(=O)N2CCc3ncc(C(F)(F)F)cc3C2)C1,,,546.59,random
CHEMBL1885204,Cc1ccc([C@H]2C(C(=O)O)=CC[C@@H](c3ccc(C)cc3)N2S(=O)(=O)c2ccccc2C)cc1,,,461.58,random
CHEMBL243857,Cc1cc(C)n(C(=O)c2ccc(C)c(Br)c2)n1,,,293.16,random
CHEMBL1531041,CN(C)c1ccc(-c2nc3ccccn3c2Nc2ccc3c(c2)OCCO3)cc1,,,386.46,random
CHEMBL2207258,CCOC(=O)c1cccc(-c2ccccc2-c2csc(N)n2)c1,,,324.41,random
CHEMBL1189390,Cc1ccc2n(c1)cc(-c1ccc(/C=N/Nc3nc[nH]n3)cc1)[n+]2C,,,332.39,random
CHEMBL1703219,O=C(CSc1n[nH]c(-c2cccs2)n1)NCCc1ccccc1,,,344.47,random
CHEMBL1333311,COc1cccc(NC(=S)N2CCC(Cc3ccccc3)CC2)c1,,,340.49,random
CHEMBL2286952,CO/C=C(/C(=O)OC)c1ccccc1COc1ccc2c(C(F)(F)F)cc(=O)oc2c1,,,434.37,random
CHEMBL3461105,CCN(CC1CCOC1)C(=O)c1ccc(-c2ccsc2)nc1C,,,330.45,random
CHEMBL400730,Cc1ccsc1C(=O)NC(C)c1c(F)cccc1Cl,,,297.78,random
CHEMBL1515784,Cc1cccn2c3c(c(=O)nc12)C(c1ccc(F)cc1)CC(=O)N3,,,323.33,random
CHEMBL1163433,CCCC1C(C(=O)NC(C)c2ccccc2)=CN(CC(=O)OC(C)C)C=C1C(=O)N[C@@H](Cc1ccccc1)[C@H](O)CNc1cccc(OC)c1,,,682.86,random
CHEMBL4103583,COc1ccc(OCCCn2c(C(N)=O)cc3ccc(OCC(=O)O)cc32)cc1,,,398.42,random
CHEMBL3184199,COC(=O)c1sccc1S(N)(=O)=O,,,221.26,random
CHEMBL2016763,C=C[C@@]1(c2ccc3c(N)ncnn23)O[C@H](COP(=O)(O)OP(=O)(O)OP(=O)(O)O)[C@@H](O)[C@H]1O,,,532.23,random
CHEMBL3440561,O=S(=O)(c1cccc(Cl)c1)N1C[C@@H]2CCN[C@@H]2C1,,,286.78,random
CHEMBL3214319,O=C1CCC/C(=N/Cc2ccco2)C1,,,191.23,random
CHEMBL1579512,O=C(O)COc1ccc(/C=C/c2nc3ccc([N+](=O)[O-])cc3s2)cc1,,,356.36,random
CHEMBL1701259,COc1cccc(CNC(=O)C2CCN(S(=O)(=O)c3c[nH]cn3)CC2)c1,,,378.45,random
CHEMBL219868,O=C1NC[C@H](c2c[nH]c3cc(Br)ccc23)N=C1c1c[nH]c2cc(Br)ccc12,"HAMACANTHIN B",,486.17,random
CHEMBL114992,COc1cc(C(C)C)c2c(c1)S(=O)(=O)N(COC(=O)c1c(Cl)ccc(OCCN3CCOCC3)c1Cl)C2=O,,,587.48,random
CHEMBL2031412,O=c1c(Cl)c(Cl)cnn1/C=C/c1ccc(I)cc1,,,393.01,random
CHEMBL1862793,OC(c1ccc(Cl)cc1)(c1cccnc1)c1ccc(C(F)(F)F)cc1F,,,381.76,random
CHEMBL1374858,O=C(NCc1ccco1)c1ccc2c(c1)OCCO2,,,259.26,random
CHEMBL3661704,Cc1cc(-c2nc3c([nH]2)COCC3)cc(C(=O)N2CCC(c3ccc(C#N)cc3)CC2)c1C,,,440.55,random
CHEMBL545624,CCN(CCCCCCOC(=O)c1ccc(OC)c(OC)c1)C1CCc2cc(OC)ccc2C1.Cl,,,506.08,random
CHEMBL1373657,COc1cc(C)ccc1OCCSc1nc2ccc(NC(=O)c3ccc(F)cc3)cc2s1,,,468.58,random
CHEMBL42190,O=Cc1ccc2n1CC(=O)Nc1ccccc1-2,,,226.24,random
CHEMBL3686371,CC(C)n1nc(NC(=O)C2CNC(=O)C2)cc1-c1ccccc1,,,312.37,random
CHEMBL1368315,Cc1nnc(NC(=O)c2ccco2)s1,,,209.23,random
CHEMBL1835390,CCOP(=O)(Nc1ccc(C)cc1Cl)Oc1ccc(C)cc1Cl,,,374.2,random
CHEMBL577081,Cc1cc(CO)cc(C)c1Oc1ccc(N)c(Nc2ccc(C#N)cc2)n1,,,360.42,random
CHEMBL348269,Cc1ccc(S(=O)(=O)NCCc2ccc(NC[C@@H](C)NC[C@H](O)c3cccc(Cl)c3)cc2)cc1,,,502.08,random
CHEMBL3693915,O=C(Nc1ccccc1F)N1CCc2cc(S(=O)(=O)N3CCN(c4cccc(Cl)c4)CC3)ccc21,,,515.01,random
CHEMBL334340,C[C@@H](c1c[nH]c2ccccc12)C(NC(=O)C1CCCN(C(=O)Nc2ccccc2)C1)C(=O)N[C@@H](CCCCN)C(=O)OC(C)(C)C,,,632.81,random
CHEMBL1436631,COCCN1C(=O)c2[nH]nc(-c3ccccc3O)c2C1c1ccc(OCc2ccccc2)c(OC)c1,,,485.54,random
CHEMBL1590826,COc1c(C=C2C(=O)NC(=O)NC2=O)c(CCN(C)C(=O)c2ccccc2)cc2c1OCO2,,,451.44,random
CHEMBL18970,NCC(O)C1CCCCC1,,,143.23,random
CHEMBL1884485,Cc1onc(-c2ccccc2)c1C(=O)Nc1ccc(Cl)c(S(=O)(=O)N2CCOCC2)c1,,,461.93,random
CHEMBL572234,COc1cc2ncc3c(N)nc(-c4cccnc4)cc3c2cc1OC,,,332.36,random
CHEMBL4064263,CN1CCN(c2cc3nc4n(c(=O)c3cc2F)CC/C4=C\c2ccc(NC(=O)CCN3CCCC3)cc2)CC1,,,530.65,random
CHEMBL2163514,CSc1ccc(OP(=O)(Oc2ccc(SC)cc2)C(NC(=O)[C@@H]2CCCN2C(=O)CNC(=O)OC(C)(C)C)C(C)C)cc1,,,651.79,random
CHEMBL102076,CCC(c1c[nH]cn1)c1cccc2ccccc12,,,236.32,random
CHEMBL1594200,COc1ccc(NC(=O)Cn2cc(C(=O)c3ccncc3)c(=O)c3cc(C)ccc32)cc1Cl,,,461.91,random
CHEMBL3275765,CNCCC12CC3CC(CC(C3)C1Cl)C2.Cl,,,264.24,random
CHEMBL92777,CC1=CC(C)(C)Nc2cc(F)c3c(c21)C(O)c1cc(F)ccc1-3,,,313.35,random
CHEMBL553834,Cl.O=C1CC[C@H]2C3Cc4ccc(O)cc4C2(CCN3CC2CCC2)C1,,,361.91,random
CHEMBL1473187,Cc1ccc(S(=O)(=O)N(C)c2ccc(C(=O)NCC(c3ccco3)N(C)C)cc2)cc1,,,441.55,random
CHEMBL3657218,Nc1n[nH]c2c(-c3ccc(Cl)c(Cl)c3)ncc(-c3ccc(Oc4ccccc4)cc3)c12,,,447.33,random
CHEMBL3417352,OB(O)c1ccc(OCc2ccc(F)cc2)nc1,,,247.03,random
CHEMBL3805652,COc1cccc([C@H]2OC(=O)N[C@@H]2c2cccc(C#Cc3ccccc3)c2)c1,,,369.42,random
CHEMBL561890,CCCOC(=O)N1CCc2c(nc(CC(C)(C)C)n2CC2CC2)C1,,,333.48,random
CHEMBL1871355,O=C(Cc1ccc(Cl)cc1)N1CCc2ccccc2C1,,,285.77,random
CHEMBL1258642,CS(=O)(=O)OCCOc1ccc(CCCn2ncc3c2nc(N)n2nc(-c4ccco4)nc32)cc1,,,497.54,random
CHEMBL3489616,Cc1noc(C2CCN(C(=O)CCCNc3ncccn3)CC2)n1,,,330.39,random
CHEMBL3650222,Cn1ccnc1C(=O)N1CCN(C(=O)Nc2ccc(N3CCC(C(=O)N4CCOCC4)CC3)cc2)CC1,,,509.61,random
CHEMBL1200188,O=C(O)CCCSc1ccn([C@@H]2O[C@H](COP(=O)(O)OP(=O)(O)O)[C@@H](O)[C@H]2O)c(=O)n1,,,506.32,random
CHEMBL1088227,O=C(Nc1ccc(C(F)(F)F)cc1)Nc1ccc(S(=O)(=O)CCCN2CCOCC2)cc1,,,471.5,random
CHEMBL2204889,CN(O)C(=O)Nc1ccccc1Cl,,,200.62,random
CHEMBL61437,CN(CCCCc1c[nH]cn1)C(=O)CC(c1ccc(Cl)cc1)c1ccccn1,,,396.92,random
CHEMBL485647,Cc1cccc(C)c1OC[C@@H](C)CN,,,193.29,random
CHEMBL3126681,COC(=O)[C@@H]1C=C[C@H](n2cc(C)c(=O)[nH]c2=O)O1,,,252.23,random
CHEMBL1326213,CN(CC(=O)NCc1ccncc1)S(=O)(=O)c1ccc(Br)cc1,,,398.28,random
CHEMBL4068149,COC(=O)c1c[n+](Cc2ccccc2)ccc1CC1Cc2cc(OC)c(OC)cc2C1=O.[Br-],,,512.4,random
CHEMBL548829,O=C(c1cc2c(s1)-c1cccc(Cl)c1SC2)N1CCN(c2ccncc2)CC1,,,427.98,random
CHEMBL1397561,CN(CC(=O)Nc1ccccc1Br)C(=O)c1cccn1C,,,350.22,random
CHEMBL2409687,C[C@]1(CS(=O)(=O)N2CCC(Oc3ccc(OCc4ccc(F)cc4)cc3)CC2)NC(=O)NC1=O,,,491.54,random
CHEMBL3317870,CC(C)(C(=O)NCc1ccccc1)C1C(=O)Nc2cccc(C(=O)NC3CC3)c2NC1=O,,,434.5,random
CHEMBL1204526,CSCC[C@H](NC(=O)c1ccc(CNCCC2CCCCC2)cc1-c1ccccc1C)C(=O)O,,,482.69,random
CHEMBL1467960,CCCOc1c(Br)cc(C2C3=C(CCCC3=O)N(CC)C3=C2C(=O)CCC3)cc1OC,,,488.42,random
CHEMBL1271718,COC(=O)c1oc2ccccc2c1NC(=O)CSc1ccccn1,,,342.38,random
CHEMBL294417,CN(C)CCNC(=O)c1cccc2cc3ccc(N(C)C)cc3nc12,,,336.44,random
CHEMBL3920757,COc1ccc([C@H](NC(=O)c2ccc3cnc(NC4CCOCC4)cc3n2)c2cnn(C)c2)cc1F,,,490.54,random
CHEMBL1934808,COc1nc2cc(Br)ccc2c2[nH]c(-c3ccccc3Cl)nc12,,,388.65,random
CHEMBL102274,COc1cc(CCCc2ccccc2)c(OC)cc1CCN,,,299.41,random
CHEMBL496375,COc1ccc(-c2cc3c(=O)cc(O)oc3cc2SCc2ccncc2)cc1,,,391.45,random
CHEMBL1486665,CC(C)(C)NC(=O)CSc1nc(O)c2c(-c3ccccc3)csc2n1,,,373.5,random
CHEMBL59092,C[C@H]1C2Cc3ccc(O)cc3[C@]1(C)CCN2CC1CC1,,,271.4,random
CHEMBL61157,N=C(N)Nc1nc(C(=O)Nc2nc3cc(Cl)c(F)cc3s2)cs1,,,370.82,random
CHEMBL1860105,CN(/C(=N\O)c1ccc(Oc2ccc3oc4ccccc4c3c2)nc1)c1ccccc1,,,409.45,random
CHEMBL511306,CCN(CC)CC.CO[C@@H]1O[C@H](CO)[C@H](O)[C@H](OC(=O)c2ccc(C)cc2)[C@@H]1OS(=O)(=O)O,,,493.58,random
CHEMBL2334604,O[C@@H](COc1ccc(C(F)(F)F)cc1)CN1CCN(c2ccccc2F)CC1,,,398.4,random
CHEMBL1397692,O=C(CCN1C(=O)c2ccccc2Sc2ncccc21)Nc1ccc(F)cc1F,,,411.43,random
CHEMBL3489828,CCc1ocnc1C(=O)N1CCCC1c1noc(C2CC2)n1,,,302.33,random
CHEMBL3553481,O=C(NCCc1ccncc1)[C@H]1CC[C@@H]2[C@@H](CCN2CC2CC2)O1,,,329.44,random
CHEMBL2326118,CCc1nnc(C)n1-c1ccc(Oc2ccc(S(=O)(=O)Nc3ccc(F)cn3)cc2C#N)cc1,,,478.51,random
CHEMBL1789961,COc1cc(C=NNc2ncnc3c2cnn3-c2ccccc2)ccc1O,GW513184X,,360.38,random
CHEMBL313792,Nc1nc(N)nc(Nc2ccc([As]=O)cc2)n1,"MELARSEN OXIDE",-1,292.13,random
CHEMBL2146831,COc1ccc(C2=NN(C(=O)C3COc4ccccc4O3)C(c3ccccc3)C2)cc1,,,414.46,random
CHEMBL511935,CCOc1cc(-n2cnnn2)c(OCC)cc1NC(=O)c1cc2cccc(OC)c2oc1=O,,,451.44,random
CHEMBL3558214,CN(C)c1ccc(-c2cc(-c3ccccc3)[se+]c(-c3ccc(N)cc3)c2)cc1,,,430.43,random
CHEMBL1871096,Oc1nc(-c2ccccc2)ncc1OCc1ccccc1,,,278.31,random
CHEMBL1871689,CCc1cc(=O)oc2cc(OCC(=O)N[C@@H](Cc3ccccc3)C(=O)O)ccc12,,,395.41,random
CHEMBL44895,CCCCCCNC(=O)c1cc(C#Cc2cc(OC)ccc2OC)ccc1OC,,,395.5,random
CHEMBL1383155,Cc1nnc2oc(O)c(C)c(C)c1-2,,,178.19,random
CHEMBL584425,COc1cc(NC(C)CCCN(Cc2ccc(Cl)cc2)C(=O)Nc2ccc(Cl)cc2Cl)c2ncccc2c1,,,571.94,random
CHEMBL3700794,Nc1cnc(-c2ccc(-c3ccccc3C(=O)N3CC(O)C3)cc2F)cn1,,,364.38,random
CHEMBL3661527,CC(C)n1cc(C(=O)c2cncc(NC(=O)Cn3cnc4ccccc43)c2)c2cncnc21,,,439.48,random
CHEMBL1626085,CCCN(CCC)CCOc1cc(C)ccc1C(C)C,,,277.45,random
CHEMBL3228841,CCCCNC(=O)NS(=O)(=O)c1ccc(-n2nc(C(=O)O)cc2C)cc1,,,380.43,random
CHEMBL1683566,COc1ccc(-c2cc(N3C[C@H](N)[C@@H](N4CCCCC4=O)C3)ncn2)cn1,,,368.44,random
CHEMBL1720284,CC(CCCCCCCCC(=O)O)N(CCO)C(=O)OC(C)(C)C,,,345.48,random
CHEMBL3276994,CSc1onc(-c2ccccc2)c1Cl,,,225.7,random
CHEMBL91256,NCCCCNC(=O)[C@@H](N)CCC/N=C(\N)N[N+](=O)[O-],,,289.34,random
CHEMBL3246948,O=C(Oc1ccc(N(CCCl)CCCl)cc1)c1cccc(Br)c1,,,417.13,random
CHEMBL1355744,COc1ccc(CNC(=O)c2cc(C)nc3c2c(C)nn3-c2cccc(Cl)c2C)cc1,,,434.93,random
CHEMBL1806889,O=C1CC(c2ccccc2F)n2ncnc2N1,,,232.22,random
CHEMBL3652865,COc1ccccc1Cc1c2c(nn1C)CCc1cnc(Nc3ccc(C(=O)NC4CCN(C)CC4)cc3OC)nc1-2,,,567.69,random
CHEMBL3276857,N[C@H](C(=O)O)C(F)(F)C(=O)O,,,169.08,random
CHEMBL1496390,CN1CCN(C(=O)C2=C[C@@H](c3csc4ccccc34)C[C@@H](OCCCCO)O2)CC1,,,430.57,random
CHEMBL1561151,COc1ccc(S(=O)(=O)N2CC3CCCN3c3ccc(C(F)(F)F)cc32)cc1,,,412.43,random
CHEMBL1454364,Cc1ccc2sc(N(CCCN(C)C)C(=O)CN3C(=O)c4ccccc4C3=O)nc2c1C.Cl,,,487.03,random
CHEMBL1998227,C/C(=C\COP(=O)(O)OP(=O)(O)O)CCCOCc1ccccc1.N,,,397.3,random
CHEMBL1883723,O=C(NCCCN1CCOCC1)c1onc(CSc2ccccc2)c1C(=O)NCCCN1CCOCC1,,,531.68,random
CHEMBL4279854,COC(=O)/C(C#N)=C1\SCC(=O)N1c1ccc(C(=O)O)cc1,,,318.31,random
CHEMBL1184985,CC(C)(CN1C(=O)c2cccc3cccc(c23)C1=O)C[N+](C)(C)CCCCCC[N+](C)(C)CC#CCN1OCCC1=O,,,576.78,random
CHEMBL1081478,Cc1nnc(C)n1[C@H]1C[C@@H]2CN(CC[C@H](NC(=O)C3CCC(F)(F)CC3)c3cccc(F)c3)C[C@@H]2C1,,,503.61,random
CHEMBL3656865,CC1(N[C@H]2CC[C@H](Nc3cc(-c4ccc(F)c(NCC5(C#N)CCOCC5)n4)c(Cl)cn3)CC2)OCCO1,,,545.06,random
CHEMBL2272110,CC(C)(C)c1ccc(C(=O)Oc2ccc(CC3NC(=S)NC3=O)cc2)cc1,,,382.49,random
CHEMBL1716060,CC(=O)c1c(C)n(-c2cccc(Cl)c2)c2ccc(O)cc12,,,299.76,random
CHEMBL207167,O=S(=O)(NC1=NCCN1C(=S)SN1CCn2c1nsc2=S)c1ccc(Cl)c(Cl)c1Cl,,,561.98,random
CHEMBL1881659,CS(=O)(=O)N(CC(=O)NCC1CCCO1)c1cc(Cl)c(Cl)cc1Cl,,,415.73,random
CHEMBL90783,N#Cc1c(Nc2ccccc2)nc(SCc2ccccc2)nc1-c1cccnc1,,,395.49,random
CHEMBL433235,CCCn1c(=O)c2nc(-c3cc(OCC(=O)Nc4ccc(C)cn4)nn3C)[nH]c2n(CCC)c1=O,,,480.53,random
CHEMBL386043,Cc1cc(O)cc(C)c1CCC(=O)N[C@H]1CSSC[C@@H](C(N)=O)NC(=O)[C@H](Cc2ccc([N+](=O)[O-])cc2)NC(=O)CNC1=O,,,646.75,random
CHEMBL2051946,O=NN(CCCl)C(=O)N[C@@H]1CCC[C@H](O)C1,,,249.7,random
CHEMBL417576,CCC[C@@H](C(=O)N[C@@H](CC(C)C)C(N)=O)N1CC[C@@H](NC/C=C/C2CCCCCC2)C1=O,,,448.65,random
CHEMBL3244735,CSc1nc(-c2ccccc2)c[nH]1.O=C(O)C(=O)O,,,280.31,random
CHEMBL3441489,Cc1ccc(C(=O)N2CC[C@@H]3[C@H]2CCC(=O)N3CC2CC2)o1,,,302.37,random
CHEMBL1742456,Cc1cc2c(OCC(O)CNC(C)CCn3cnc4c3c(=O)n(C)c(=O)n4C)cccc2[nH]1,TEOPROLOL,2,454.53,random
CHEMBL50605,O=C(O)C(=O)CC(=O)c1cccn1Cc1ccc(F)cc1,,,289.26,random
CHEMBL1348161,CC(OC(=O)c1ccc(S(=O)(=O)N(C)c2ccccc2)cc1)C(=O)NCCC1=CCCCC1,,,470.59,random
CHEMBL94870,CCCc1c(COc2ccc(C(=O)CC(C)(C)Cc3nnn[nH]3)cc2)ccc(C(C)=O)c1O,,,450.54,random
CHEMBL3127368,Cl.NCCCCNCCCCNCc1cc(CNCCCCNCCCCN)cc(CNCCCCNCCCCN)c1,,,628.44,random
CHEMBL495287,OC[C@@H]1[C@@H](O)[C@@H](O)CN1Cc1ccc2cccc(O)c2n1,,,290.32,random
CHEMBL119027,C=CCN1C(=O)C(C)(C)Sc2ccc(C(F)(F)F)cc21,,,301.33,random
CHEMBL3648533,CCCc1c(Cc2ccc(-c3ccccc3-c3nc(=O)o[nH]3)cc2F)c(=O)n(C2CCOC2)c2nc(C)nn12,,,530.56,random
CHEMBL1079847,C=C(C)[C@H]1CC(=O)C(C)=C2[C@@H](C(=O)OCC)O[C@@H](c3cccc(Br)c3)[C@@H]21,,,419.32,random
CHEMBL113574,Cc1cc(C)cc(-c2[nH]c3ccc(C(C)(C)C(=O)N4CC5CCC4CC5)cc3c2[C@H](C)CNCCc2cc(C)nc(C)c2)c1,,,590.86,random
CHEMBL18946,CCCc1cc(Cl)c2oc(Cc3ccc(OC)cc3OC)c(C)c2c1O,,,374.86,random
CHEMBL3410694,CCCOc1cccc2cc(C(=O)NC3CCCCC3)c(=O)oc12,,,329.4,random
CHEMBL3277937,CC[n+]1c(-c2ccccc2)c2cc(NN=Nc3cccc(C(=N)N)c3)ccc2c2ccc(NN=Nc3cccc(C(=N)N)c3)cc21.Cl.[Cl-],,,678.63,random
CHEMBL1612554,CS(=O)(=O)N1CCN(C(=O)CCC2CCCC2)CC1,,,288.41,random
CHEMBL1392717,COc1ccc(OC)c(-c2csc(N(CC3CCCO3)C(=O)C3CCCCC3)n2)c1,,,430.57,random
CHEMBL1591131,CCNC(=O)c1ccc2c(c1)nc1n2CCCCC1,,,257.34,random
CHEMBL1874299,COc1ccccc1Cn1cc(C(=O)c2ccc(F)cc2)c(=O)c2cc3c(cc21)OCO3,,,431.42,random
CHEMBL2112850,CC1(C)O[C@@H]2C[C@H]3[C@@H]4C[C@H](F)C5=CC(=O)C=C[C@]5(C)[C@@]4(F)[C@@H](O)C[C@]3(C)[C@]2(SCF)O1,,,458.54,random
CHEMBL3962878,COc1cc(-c2nc(-c3ccc4c(c3)S(=O)(=O)c3ccccc3-4)c(-c3ccccc3)[nH]2)cc(OC)c1O,,,510.57,random
CHEMBL262765,CC1(C)N=C(N)N=C(N)N1c1ccc(OCC(=O)Nc2cccc(S(=O)(=O)F)c2)c(Cl)c1,,,482.93,random
CHEMBL1381892,CCOC(=O)c1c(NC(=O)COc2cccc3c2CCN(C)C3=O)sc2c1CCC2,,,428.51,random
CHEMBL2358408,Cc1ccc(S(=O)(=O)N(C)C[C@@H]2Oc3ccc(NS(=O)(=O)c4ccc(Cl)cc4)cc3C(=O)N([C@@H](C)CO)C[C@H]2C)cc1,,,636.19,random
CHEMBL3931021,O=C(Nc1cccc(CN2CCC(C(=O)NC3CCCCC3)CC2)c1)c1ccncn1,,,421.55,random
CHEMBL3952426,CC(C)(NC(=O)c1ccc(C2CCOCC2)c(OCC2CC2)n1)c1nccs1,,,401.53,random
CHEMBL73127,COc1ccccc1-c1cc(O)c2c(C)cc(C)nc2n1,,,280.33,random
CHEMBL46536,Clc1ccc([C@@H]2CCN3C/C(=N\OCCCc4ccccc4)C2C3)cc1,,,368.91,random
CHEMBL210909,CCc1c(C)c2c(c(O)c1C/C=C(\C)CN(C)CCP(=O)(O)O)C(=O)OC2,,,397.41,random
CHEMBL3787632,CC(C)c1c(C(=O)Nc2ccccc2)c(-c2ccccc2)c(-c2ccc(F)cc2)n1CCCCNc1ccnc2cc(Cl)ccc12,,,631.2,random
CHEMBL4065622,CC(=O)[O-].CCCCCCCCCCn1cc(CO)[n+](C)n1,,,313.44,random
CHEMBL1588890,CC1CN(CC(=O)Nc2ccc([N+](=O)[O-])cc2Br)CC(C)O1,,,372.22,random
CHEMBL3455267,O=C(NCC1(O)CCSCC1)c1nccc2ccccc12,,,302.4,random
CHEMBL2136021,COc1ccc(C(=O)N2CCCCC2c2cc(C(=O)Nc3ccc(F)c(Cl)c3)no2)cc1,,,457.89,random
CHEMBL3704942,C[C@H]1[C@H](Nc2ccc(C(F)(F)F)cn2)CCCN1C(=O)c1ncccc1-n1nccn1,,,431.42,random
CHEMBL3501477,COCCN1CCCn2c(nc(CNS(C)(=O)=O)cc2=O)C1.O=C(O)C(F)(F)F,,,444.43,random
CHEMBL1688582,CCC1(c2ccc(CSc3cnccn3)cc2)Oc2ccccc2-n2cccc2C1=O,,,427.53,random
CHEMBL1335626,CC(=O)OCC1OC(Sc2cccc3cccnc23)C(OC(C)=O)C(OC(C)=O)C1OC(C)=O,,,491.52,random
CHEMBL47308,O=c1ccn(CCO)c2cc(-c3ccccc3)nn12,,,255.28,random
CHEMBL2047110,COc1ccccc1/C=C1\SC(N[C@H](C(=O)NS(=O)(=O)c2ccc(C)cc2)C(C)C)=NC1=O,,,487.6,random
CHEMBL4070357,CC(C)(C)OC(=O)NN=C1C(Cl)=C(Cl)C(Cl)=C1Cl,,,332.01,random
CHEMBL2049070,CC(C)N(Cc1cccc(OCCCCCC(=O)O)c1)C(=O)c1ccc(-c2ccco2)cc1,,,449.55,random
CHEMBL2180993,O=C(NO)C(Cc1ccc(F)cc1)C(=O)NCc1ccccc1,,,316.33,random
CHEMBL3214221,CCCCNC(=O)C(=O)N/N=C/c1cccc(Br)c1,,,326.19,random
CHEMBL2375746,C=C(Br)C(=O)Nc1cccc(/C=C2\SC(=O)N(Cc3ccc(C(F)(F)F)cc3)C2=O)c1,,,511.32,random
CHEMBL1724105,COc1ccc(C(CC(=O)Nc2ccc(C)cn2)N2Cc3ccccc3C2=O)cc1OC,,,431.49,random
CHEMBL1720842,CCc1ccccc1NC(=O)c1cc(S(=O)(=O)N2CCCC2)c[nH]1,,,347.44,random
CHEMBL1917606,Cc1ccc(S(=O)(=O)N2CCCCC2)cc1C#Cc1cc(Cl)ccc1OCC(=O)O,,,447.94,random
CHEMBL90836,COCCCCn1c(=O)cc(NCc2ccc(Cl)c(Cl)c2)[nH]c1=O,,,372.25,random
CHEMBL1494777,CCn1c(SCC(=O)Nc2ccccc2)nnc1-c1cccs1,,,344.47,random
CHEMBL1373782,CCCCCC(O)CCCC(=O)O,,,188.27,random
CHEMBL3114034,Cc1cc(C)cc(S(=O)(=O)n2c(SCC(=O)Nc3ccccc3Br)nc3ccccc32)c1,,,530.47,random
CHEMBL380710,C#Cc1ncccc1C#Cc1csc(C)n1,,,224.29,random
CHEMBL2204278,O=C(N[C@H]1CCCC[C@@H]1O)c1cc(CN2CCN(c3cc4scnc4cn3)CC2)c2ccccn2c1=O,,,518.64,random
CHEMBL3275814,CCOCC1COc2cc3c(=S)c(C(=O)OCC)c[nH]c3cc2O1,,,349.41,random
CHEMBL1405355,CCOc1ccc(S(=O)(=O)N2CCCC(C(=O)Nc3ccccc3)C2)cc1,,,388.49,random
CHEMBL3116392,Cc1ccc2c(c1)C(=O)C(=O)N2CCCCn1cc(COc2ccc(C=O)cc2)nn1,,,418.45,random
CHEMBL4097105,COc1cnc2c(c1)C(=O)c1c-2n(CCCNC2=NCCS2)c(=O)c2cc([N+](=O)[O-])ccc12,,,465.49,random
CHEMBL1610791,O=C(c1ccc(CNc2c(N3CCCC3)c(=O)c2=O)cc1)N1CCN(C2CCCCC2)CC1,,,450.58,random
CHEMBL3775481,CC(=O)O[C@H]1CC[C@]2(C)[C@H]3C(=O)C=C4[C@@H]5C[C@@](C)(C#N)CC[C@]5(C)CC[C@@]4(C)[C@]3(C)CC[C@H]2C1(C)C,,,493.73,random
CHEMBL1525302,CC(=O)N1CCN(CC(=O)O)CC1,,,186.21,random
CHEMBL2315048,O=C(NC1CCC1)c1cccc(Cc2cc(Cl)ccc2OCc2ccc(Cl)cc2F)n1,,,459.35,random
CHEMBL348143,CCCCc1nnc([S+]([O-])Cc2ccccc2C(=O)O)n1Cc1ccc(-c2ccccc2-c2nn[nH]n2)cc1,,,541.64,random
CHEMBL1800784,C=CCN1C(=O)N2C[C@H](CC)N=C2c2[nH]c(-c3cc(OC)nn3C)nc21,,,355.4,random
CHEMBL1716191,NC(=S)NN=C1CCCCCCCCCC1,,,241.4,random
CHEMBL1329550,Cl.OC(C#CCN1CCOCC1)(c1ccccc1)C1CCCC1,,,335.88,random
CHEMBL3728296,Cc1nc(N[C@@H](C)c2cccc(-c3cncc(C#N)c3)c2)cc(-c2ccc3occ(C)c3c2)n1,,,445.53,random
CHEMBL3655755,O=C(Nc1ncns1)[C@@H]1C[C@H](O)CN1c1nc(Nc2cc(C3CC3)n[nH]2)c2cccn2n1,,,452.5,random
CHEMBL278875,CCCCN(C[C@@H](O)[C@H](Cc1ccccc1)NC(=O)[C@H](CC(N)=O)NC(=O)c1ccc2ccccc2n1)C(=O)NCC(C)C,,,604.75,random
CHEMBL3192849,CCOc1cc(/C=N/NC(=O)c2ccccn2)ccc1OC(=O)c1cccs1,,,395.44,random
CHEMBL452441,CC(=O)O[C@H](C)[C@H]1/C=C/C=C\C(=O)O[C@@H]2C[C@H]3O[C@@H]4C=C(C)CC[C@]4(COC(=O)/C=C(\C)CCO1)[C@]2(C)[C@]31CO1,"RORIDIN E ACETATE",,556.65,random
CHEMBL1076869,Brc1ccc(-c2csc(N/N=C/c3ccccc3)n2)cc1,,,358.26,random
CHEMBL1486527,Cc1cc(/C=C(\C#N)C(=O)Nc2ccccc2)c(C)n1-c1ccc2c(c1)OCO2,,,385.42,random
CHEMBL1591763,CC(C)(C)C1CCc2c(sc(NC(=O)c3noc4c3CCCC4)c2C#N)C1,,,383.52,random
CHEMBL1573937,Cc1ccc(-n2c(C)cc(C(=O)CN3CCCCC3)c2C)cc1,,,310.44,random
CHEMBL2208316,N=C(N)NCCC[C@@H](NC(=O)Cc1ccccc1)C(=O)N[C@@H](Cc1ccccc1)C(N)=O,,,438.53,random
CHEMBL1353870,Cc1cc(O)nc(SCC(=O)c2c(N)n(C)c(=O)n(C)c2=O)n1,,,337.36,random
CHEMBL3355608,[2H]C([2H])([2H])c1cc(Cl)cc2c1OC(C(F)(F)F)C(C(=O)O)=C2,,,295.66,random
CHEMBL74023,CN(CC(=O)N[C@@H](CC1CCCCC1)C(=O)C(=O)NCc1ccc2c(c1)OCO2)C(=O)[C@@H](CCN=C(N)N)NS(=O)(=O)Cc1ccccc1,,,699.83,random
CHEMBL3981487,FC(F)(F)c1ccc(Nc2nc(-c3ccncc3)nc3c2CCN(c2ncccc2C(F)(F)F)CC3)nc1,,,531.46,random
CHEMBL2042677,CCOC(=O)C1(NC(=O)NNC(=O)c2ccc(Br)cc2)CC1(C)C,,,398.26,random
CHEMBL3658227,CC(=O)N[C@@H](C)c1ccc(O[C@@H]2CCN(c3nc(OC4CCC4)ncc3F)C2)cc1,,,414.48,random
CHEMBL1518771,CCN1C(=O)/C(=C\NCc2ccccc2)C(=O)NC1=S,,,289.36,random
CHEMBL3896446,CN(C)c1ccc(Nc2nc(N(C)C)nc3c2CCN(c2ncccc2C(F)(F)F)CC3)cc1,,,471.53,random
CHEMBL2005903,Cc1ccc(C)c(NC(=O)C(=O)CC(=O)C2CCOC2=O)c1,,,303.31,random
CHEMBL3703935,N#Cc1ccc(Cc2cc([C@@H]3O[C@H](CO)[C@@H](O)[C@H](O)[C@H]3O)c3c(c2Cl)OCC3)cc1,,,431.87,random
CHEMBL128724,NC1CCC(CNC(=O)[C@@H]2CCCN2C(=O)CC2c3ccccc3-c3ccccc32)CC1,,,431.58,random
CHEMBL2132504,COCCCN1C(=O)C(CC(=O)NCc2ccco2)CC(C(=O)N(C(C)C)C(C)C)=C1C,,,447.58,random
CHEMBL1257934,C1CCN(CCCOc2nc3c(s2)CN(CCCN2CCCCC2)CC3)CC1,,,406.64,random
CHEMBL3741805,CCn1nnc([C@H]2O[C@@H](n3cnc4c(N)nc(NC(C)Cc5ccc(Cl)cc5)nc43)[C@H](O)[C@@H]2O)n1,,,500.95,random
CHEMBL4102833,O=C(CCCC(CCC(=O)Nc1ccccc1)Cc1ccccc1)NO,,,354.45,random
CHEMBL2336183,CC(C)=CCc1cc(C(=O)/C=C/c2ccc(Cl)cc2)c(O)cc1O,,,342.82,random
CHEMBL2218622,COc1ncccc1-n1nc(C)c(CC(=O)NCc2ccc(F)cc2Cl)c1C,,,402.86,random
CHEMBL1199301,CCCCCCCCc1ccc(C(=O)N[C@H](C)C(=N)N)cc1,,,303.45,random
CHEMBL116637,COc1ccc(CNc2ccc3nc(N)nc(N)c3c2)c(OC)c1OC,,,355.4,random
CHEMBL1822103,O=C(Nc1cnc2[nH]ccc2c1)c1c(F)ccc(NS(=O)(=O)CC2CC2)c1F,,,406.41,random
CHEMBL3360661,O=C(O)[C@H]1CC[C@H](CNc2nc(-c3ccccc3)cc(-c3ccccc3)n2)CC1,,,387.48,random
CHEMBL1487850,CC(=O)c1c(N2CCN(c3ccc(F)cc3)CC2)nc(=S)n(-c2ccccc2)c1C,,,422.53,random
CHEMBL1427016,COc1ccc(CNC(=O)/C=C/c2cc3c(cc2Br)OCO3)cc1,,,390.23,random
CHEMBL1669390,CCCn1ccc2cc(-c3ccc(OC)nc3)cc(Cl)c2c1=O,,,328.8,random
CHEMBL1796476,FC(F)(F)c1ccc(-c2cn3nc(OCC4CC4)ccc3n2)cc1,,,333.31,random
CHEMBL2235026,Cc1ccc(-c2nn(-c3ccc(S(N)(=O)=O)cc3)cc2/C=N/Nc2nc(-c3ccc(Cl)cc3)cs2)cc1,,,549.08,random
CHEMBL3977959,CCN1CCC(CCOc2ccc(-c3nc(C#N)nc4c3ccn4CC)cc2C(F)(F)F)CC1,,,471.53,random
CHEMBL1993363,O=c1sc2ccccc2n1CC1CS1,,,223.32,random
CHEMBL2004343,O=c1c2ccccc2nc(N/N=C/c2ccc([N+](=O)[O-])cc2)n1-c1ccccc1,,,385.38,random
CHEMBL1910175,O=C(O)c1cc2ccc(-c3ccc(Cl)cc3)cc2n1O,,,287.7,random
CHEMBL546973,CS(=O)(=O)NCCCNCc1ccc(-c2cccc(-c3nc4cc(F)ccc4[nH]3)c2)cc1.O=C(O)C(F)(F)F,,,566.58,random
CHEMBL3475712,CCn1cc(-c2n[nH]c(=O)n2-c2ccc3c(c2)OCO3)c(C)n1,,,313.32,random
CHEMBL3936682,O=C(Nc1ccc(OC(F)(F)Cl)cc1)c1cnc(N2CC(CO)C2)c(-c2cncnc2)c1,,,461.86,random
CHEMBL1442372,c1ccc2c(CCNC3=NCCC3)c[nH]c2c1,,,227.31,random
CHEMBL45271,C[C@H]1C2Cc3ccc(SC(=O)c4ccccc4)cc3[C@]1(C)CCN2Cc1ccccc1,,,427.61,random
CHEMBL1360705,Cc1nn(C)c(C)c1S(=O)(=O)N(CC(=O)NCCN1CCOCC1)c1ccc(C(C)C)cc1,,,477.63,random
CHEMBL1543269,COc1ccc(NC(=O)CN2CCN(S(=O)(=O)c3ccc(F)cc3)CC2)cc1Cl,,,441.91,random
CHEMBL77956,NC(=O)CCCNC(=O)[C@H](CC1CCCCC1)NC(=O)[C@H](CCCc1ccccc1)CC(=O)O,,,473.61,random
CHEMBL3678977,CO[C@]12CC[C@@]3(C[C@@H]1COCc1cccc(C)c1)[C@H]1Cc4ccc(O)c5c4[C@@]3(CC[N+]1(C)CC1CC1)[C@H]2O5,,,516.7,random
CHEMBL1651433,OCCC1CCNCC1,,,129.2,random
CHEMBL4089534,O=[N+]([O-])c1cc(O)cc(-c2nnc(SCc3ccc(Cl)c(Cl)c3)o2)c1,,,398.23,random
CHEMBL1721755,O=C1Cc2cc(S(=O)(=O)Nc3ccc(F)cc3Cl)ccc2N1,,,340.76,random
CHEMBL1536814,COC(=O)c1sc2nc(N3CCCCC3)c3c(c2c1N)CCCC3,,,345.47,random
CHEMBL524598,COc1ccc2ncc(F)c(C(O)CN3CCC(NCc4ccc5c(n4)NC(=O)CO5)CC3)c2c1.Cl,,,517.99,random
CHEMBL1570630,CS(=O)(=O)Nc1ccc(C(=O)Nc2ccc(S(=O)(=O)N3CCCCC3)cc2)cc1,,,437.54,random
CHEMBL2391229,CC(=O)c1cc2ccc(OCc3ccc(CN(Cc4nc5ccccc5[nH]4)c4ccc(C)cc4)cc3)cc2oc1=O,,,543.62,random
CHEMBL1497602,CC(C)Oc1ccc(C(=O)Nc2nnc(SCC(=O)N3CCOCC3)s2)cc1,,,422.53,random
CHEMBL415741,N=C(N)c1ccc(CNC(=O)CNC(=O)[C@@H](CO)NS(=O)(=O)CCc2ccccc2)cc1,,,461.54,random
CHEMBL186999,C=C[C@@H]1OC(c2ccc(F)cc2)=N[C@H]1CO,,,221.23,random
CHEMBL5314495,Cn1nc(-c2ccc(C(=O)NCC(F)F)cc2)nc1Nc1ccc2[nH]ncc2c1C1CC1,ZELASUDIL,2,437.45,random
CHEMBL1381236,CN(C)c1ccc2c(c1)N=C(c1ccco1)OP2(=S)N1CCOCC1,,,377.41,random
CHEMBL3980608,Cc1cn(-c2ccc3n(c2=O)CCN([C@@H](C)[C@@H]2CC[C@H](c4ccc(Cl)cc4C(F)(F)F)O2)C3=O)cn1,,,520.94,random
CHEMBL4285588,Nc1nc2oc3ccc(C4CCC5(CC4)OCCO5)cc3c(=O)c2cc1C(=O)O,,,396.4,random
CHEMBL3470079,CCc1ccc(C(=O)Nc2ccc(CC3CC(=O)NC3=O)cc2)cc1,,,336.39,random
CHEMBL280268,CCS(=O)(=O)OCCCl,,,172.63,random
CHEMBL2135579,O=C1NC[C@@H](CCCCN2C[C@H](Cc3ccc(O)cc3)N(Cc3ccccc3)C(=O)C2=O)N(CCC2CCCCC2)C1=O,,,588.75,random
CHEMBL3442464,c1ccc(CN2CCOC3(CCCN(c4nccs4)C3)C2)cc1,,,329.47,random
CHEMBL3487749,CCOCCCC(=O)N(C)C(c1cccc(F)c1)c1ccccn1,,,330.4,random
CHEMBL1481886,COc1ccccc1C(=O)NNC(=O)CCN1C(=O)/C(=C\c2ccccc2)SC1=S,,,441.53,random
CHEMBL3787784,CCOC(=O)c1cc(C(=O)c2cccc(F)c2)n2ccc(C(=O)N[C@H]3CN4CCC3CC4)cc12,,,463.51,random
CHEMBL3944494,Cc1ccc(-c2ncccn2)c(C(=O)N2CCCOC2Cn2ccc(-c3ccc(F)cc3)n2)c1,,,457.51,random
CHEMBL82123,CN(CCC1CCNCC1)C(=O)c1ccc2c(c1)CC(CC(=O)O)C(=O)N(Cc1ccccc1)C2,,,477.61,random
CHEMBL1939272,CC(=O)[C@@H]1OC(=O)c2cc(O)cc(O)c2[C@@H]1c1ccc(O)c(O)c1,"PHAYOMPHENOL B1",,330.29,random
CHEMBL3696076,Cc1ccc(NC(=O)Nc2ccc(-c3nsc(NC(=O)NCCCN4CCOCC4)c3C(N)=O)cc2)cc1,,,537.65,random
CHEMBL3416697,N=C(N)NCCC[C@H](N)C(=O)Nc1cc(C(=O)N[C@@H](Cc2c[nH]c3ccccc23)C(=O)O)ccc1N,,,494.56,random
CHEMBL65237,COC(=O)C1=C(c2ccc(Cl)nc2)CC2CCC1N2C,,,292.77,random
CHEMBL3491560,COc1ncccc1CNC(=O)c1ccco1,,,232.24,random
CHEMBL1891634,CN(Cc1cnn(-c2ccccc2)c1)C(=O)c1ccc(S(=O)(=O)NCc2ccco2)cc1,,,450.52,random
CHEMBL50013,COC(=O)CCCCCCCCC(=O)Nc1ccc(Cl)c(Cl)c1,,,360.28,random
CHEMBL3678116,Cc1c(C)n(Cc2cccc(O[C@@H](C)C(=O)O)c2)c2ccc(C(=O)N[C@@H](C)c3cccc(C(C)C)c3)cc12,,,512.65,random
CHEMBL4101808,COc1cc(C=O)c(OCc2cccn3c(C)nnc23)cn1,,,298.3,random
CHEMBL3353518,CC1(C(=O)N(CCCC(=O)O)Cc2ccc3scnc3c2)CCN1C(=O)c1csc2ccccc12,,,507.64,random
CHEMBL316035,CCCCOc1cc2nc3nc(C(=O)OCC)nc(O)c3cc2cc1CCO,,,385.42,random
CHEMBL1306569,O=C(Nc1ccc(Cl)cc1)Nc1cc(S(=O)(=O)N2CCOCC2)ccc1N1CCCC1,,,464.98,random
CHEMBL3673512,CN1CCC(c2cc3c(-c4cncc(NCc5ccccc5)n4)ccnc3[nH]2)CC1,,,398.51,random
CHEMBL2441965,C=C(C)Cn1cc(/C=C/C(=O)CC(=O)C(=O)O)c2ccccc21,,,311.34,random
CHEMBL534172,CC(=O)Nc1c(C)cc(Cl)cc1Cl,,,218.08,random
CHEMBL1712537,Nc1nnc(SCC(=O)N2CCc3ccccc3C2)s1,,,306.42,random
CHEMBL1569447,COc1ccc(NS(=O)(=O)c2ccc3c(c2)n(C)c(=O)c(=O)n3C)cc1Cl,,,409.85,random
CHEMBL110465,O=C1C=C(COP(=O)(NCCCl)NCCCl)C(=O)c2ccccc21,,,391.19,random
CHEMBL590555,C[C@@H](C(=O)NCc1ccccc1)C(=O)Oc1cccc(C(=O)O)c1,,,327.34,random
CHEMBL3964022,COc1cccc(N2CC3C(c4ccccc4)(C2)NC(=N)N(C)S3(=O)=O)n1,,,387.47,random
CHEMBL87070,O=C(O)c1c(Cc2cc3c(cc2Cl)OCO3)c(-c2ccccc2)nn1CC1CCCCC1,,,452.94,random
CHEMBL1340236,CC(C)(C)CN1CCNC(=O)C1CC(=O)NCc1cccc(-n2cccn2)c1,,,383.5,random
CHEMBL2023446,CCOC(=O)c1c(C)nc(NCCCCCCCCCCCCNc2ccnc3cc(Cl)ccc23)nc1-c1ccccc1,,,602.22,random
CHEMBL1689054,CCC(CC)(NC(=O)c1c(C)nn2c1N[C@@H](c1ccccc1)CC2(C)C)c1ccc(OC)c(OC)c1.Cl,,,527.11,random
CHEMBL169622,CCC(=O)N(c1ccccc1)C1(C(=O)OC)CCN(CCc2ccncc2)CC1,,,395.5,random
CHEMBL1318237,COC(=O)C1CN(C(=O)COc2ccccc2)c2ccccc2O1,,,327.34,random
CHEMBL1462156,Cc1ccc(C(=O)NC(=S)Nc2ccc(S(=O)(=O)N3CCN(C)CC3)cc2)cc1,,,432.57,random
CHEMBL3695242,O=C(NO)c1nc2ccccc2n([C@H]2C[C@H]3CC[C@@H](C2)N3C2CCCCCCC2)c1=O,,,424.55,random
CHEMBL219905,Cc1cn(CCOCCOC(c2ccccc2)(c2ccccc2)c2ccccc2)c(=O)[nH]c1=O,,,456.54,random
CHEMBL3640965,Cc1ncnc(-c2ccc(Cl)c(C(=O)N3CCOCC3)c2)c1C#Cc1ccc(N)nc1,,,433.9,random
CHEMBL1475783,NNC(=O)c1cc(NS(=O)(=O)c2cccs2)cc(NS(=O)(=O)c2cccs2)c1,,,458.57,random
CHEMBL4299975,CC(C)C[C@H](NC(=O)[C@@H](O)[C@H](N)Cc1ccccc1)C(=O)NCCCC(=O)OCn1cc(F)c(=O)[nH]c1=O,,,535.57,random
CHEMBL360245,CCCS(=O)(=O)N1CCN(S(=O)(=O)CCCN2CCC(CNC(=O)c3cccc4c3OCCO4)CC2)CC1,,,572.75,random
CHEMBL180985,CC(O)(CO)CN(C(=O)CNC(=O)c1cc2cc(Cl)ccc2[nH]1)C1CCCC1,,,407.9,random
CHEMBL1701015,O=C1c2ccccc2C(=O)N1C1CCCCC1,,,229.28,random
CHEMBL101276,O=C(O)[C@@H](Cc1ccccc1)C1CC1,,,190.24,random
CHEMBL71796,COc1cccc(CCNC(=O)C(=O)c2c[nH]c3ccc([N+](=O)[O-])cc23)c1,,,367.36,random
CHEMBL2205001,C/C(=C\CC[C@@H](C)[C@H]1C[C@H](O)[C@@]2(C)C3=CC[C@H]4C(C)(C)C(=O)CC[C@]4(C)C3=CC[C@]12C)CO,,,454.7,random
CHEMBL3629197,COc1ccc(C(=O)c2cccc(/C(=N/NC(N)=S)c3ccc(OC)cc3)c2)cc1,,,419.51,random
CHEMBL3943952,O=C1NC(=O)/C(=C/c2cnn3c(NC4CC4)cc(-c4ccc(C(=O)NCCC5CCCCN5)s4)nc23)N1,,,520.62,random
CHEMBL3290512,NS(=O)(=O)c1ccc(NC(=S)NC(=O)c2cc(F)c(F)c(F)c2F)cc1,,,407.37,random
CHEMBL2106558,Nc1c(-c2cccc(C(F)(F)F)c2)nsc1C(=O)O,AMFLUTIZOLE,2,288.25,random
CHEMBL2359522,COc1ccc(C(O)c2nc(-c3ccccc3F)c[nH]2)cc1,,,298.32,random
CHEMBL1463008,CN(CC(=O)Nc1cc(S(=O)(=O)N2CCCC2)ccc1Cl)Cc1cccs1,,,427.98,random
CHEMBL2016656,COc1cc(C(=O)c2cc(OC)c(OC)c(Br)c2Br)c(Br)c(Br)c1OC,,,617.91,random
CHEMBL3647646,c1ccc2sc(N[C@H]3C[C@@H](Oc4nccnc4N4CCn5cncc5C4)C3)nc2c1,,,419.51,random
CHEMBL2024493,O=C(Nc1ccc(Cl)c(C(F)(F)F)c1)Nc1cccc2c(O)cccc12,,,380.75,random
CHEMBL1314893,COc1ccc(OC)c(NC(=O)CC(=O)Nc2ccc3nc4n(c(=O)c3c2)CCCCC4)c1,,,450.5,random
CHEMBL4280512,Cc1ccc(-c2cc(-c3ccccc3)nc(SCC(=O)O)c2C#N)cc1,,,360.44,random
CHEMBL461209,O=C(Nc1ccccc1O)c1cccc(S(=O)(=O)N2CCCC2)c1,,,346.41,random
CHEMBL287605,CCN1C(=O)Cc2cc(CCN3CCN(c4nsc5ccccc45)CC3)ccc21,,,406.56,random
CHEMBL118651,Cc1ccccc1-n1nc(-c2c(-c3ccc(F)cc3Cl)nc3ccccn23)ccc1=O,,,430.87,random
CHEMBL1439317,COc1ccc2c(c1)C(c1ccc(C)o1)=NNC(c1ccccc1)=N2,,,331.38,random
CHEMBL1347396,CCOC(=O)C1CCCN(CC(=O)/C=C2/N(C)c3ccccc3C2(C)C)C1,,,370.49,random
CHEMBL80698,O=C([C@@H]1C[C@@H]2CCCC[C@@H]2N1C(=O)[C@@H]1C[C@@H]1c1cccs1)N1CCCC1,,,372.53,random
CHEMBL4089291,CN(c1ccc(NC(=O)c2ccc(C(F)(F)F)cc2C(F)(F)F)cc1OCc1cccc(C(F)(F)F)c1)S(C)(=O)=O,,,614.49,random
CHEMBL3337689,N#Cc1cccc(S(=O)(=O)N2CCCc3cc(-c4cccnc4)ccc32)c1,,,375.45,random
CHEMBL529473,CN(C)CCCOc1ccc(CN2CCC(c3c[nH]c4ccc(NCC5CCCCC5)cc34)CC2)cc1,,,502.75,random
CHEMBL301072,CCCCc1nc2cccc(C(=O)OCC)c2n1Cc1ccc(-c2ccccc2-c2nn[nH]n2)cc1,,,480.57,random
CHEMBL213855,CCN(CC)CCNc1c(-c2ccccc2)c(C#N)c2cccc(Cl)n12,,,366.9,random
CHEMBL3431432,CS(=O)(=O)c1ccc(Nc2nccc(-c3cnn4ncccc34)n2)cc1,,,366.41,random
CHEMBL1554898,CCOC(=O)c1ccccc1NC(=O)c1sc2nc3n(c(=O)c2c1C)CCCC3,,,411.48,random
CHEMBL1726446,COc1ccc(NC(=O)CN(C)CC(=O)Nc2cccc3ccccc23)c(OC)c1.O=C(O)C(=O)O,,,497.5,random
CHEMBL3197786,O=[N+]([O-])c1ccc(/C=N/c2ccc(Cl)cc2Cl)s1,,,301.15,random
CHEMBL1984768,COc1ccc2c(c1)CC1c3c(ccc(OC)c3O)CC2N1C,,,311.38,random
CHEMBL321635,CCOC(=O)c1sc2cc(-c3ccc(Br)cc3)oc(=O)c2c1N,,,394.25,random
CHEMBL486598,CN1c2ccccc2C(=O)N2CCc3c([nH]c4ccccc34)[C@@H]21,EVODIAMINE,,303.37,random
CHEMBL3246376,CCCCC(C)[C@H](O)/C=C/C1CCC(=O)[C@@H]1C/C=C\CCCC(=O)OCC,,,378.55,random
CHEMBL3681268,Cc1nc2cc(-n3ncc(C(=O)c4cc5cc(-c6cccnc6)ccc5[nH]4)c3N)ccc2[nH]1,,,433.48,random
CHEMBL3394659,O=C1CC([Se]c2ccccc2)N1C(=O)NCc1ccccc1,,,359.29,random
CHEMBL1946603,CCCCCCCCCCCCC(=O)/C=C/CCCOC[C@@H](O)CCl,,,374.99,random
CHEMBL3245583,Nc1nc(=O)c2nc(CSc3ccc(C(=O)N[C@@H](CCC(=O)O)C(=O)O)cc3)cnc2[nH]1,,,458.46,random
CHEMBL1703203,COc1cc(C(=O)N[C@@H](Cc2c[nH]c3ccccc23)C(=O)O)cc(OC)c1OC,,,398.42,random
CHEMBL1194111,CCN(CCCCCCOC(=O)c1ccc(OC)c(OC)c1)C1CCc2cc(OC)ccc2C1,,,469.62,random
CHEMBL94866,CCC(CC)c1ccc(Oc2ccccc2S(=O)(=O)N[C@H](C=O)C(=O)O)cc1,,,405.47,random
CHEMBL273201,O=C(OCC(Cl)(Cl)Cl)N1CCN(/[N+]([O-])=N/Oc2ccc([N+](=O)[O-])cc2[N+](=O)[O-])CC1,,,487.64,random
CHEMBL2001470,Cc1cc2c(c(/C=N/c3ccc([N+](=O)[O-])cc3)c1)OC1(C=C2)Oc2ccccc2C(=O)N1C,,,441.44,random
CHEMBL77298,COc1cc(C=C(C#N)C#N)cc(Br)c1O,,,279.09,random
CHEMBL1531388,CCSc1nc(O)c2cnn(-c3ccc(C)cc3)c2n1,,,286.36,random
CHEMBL1555036,COC1=C[C@H]2[C@@H]3Cc4ccc(OC)c(O)c4[C@@]2(CCN3C)CC1=O,,,329.4,random
CHEMBL60817,CCCCC/C=C\C/C=C\C/C=C\C=C\C(O)CCCC(=O)c1cnccn1,,,382.55,random
CHEMBL4211519,C=CCCCCCCCCCOC[C@@H]1CCCN1.Cl,,,289.89,random
CHEMBL3691900,CO[C@H]1CC[C@H](Nc2cc(N3CCCC3)nc3cc(-c4nc5cc(C(F)(F)F)ccc5nc4C)nn23)CC1,,,525.58,random
CHEMBL1563219,Cc1cc(C(=O)NNC(S)=NC(C)c2ccccc2)c2ccccc2n1,,,364.47,random
CHEMBL3417251,CSC[C@]1(CO)O[C@@H](n2ccc(N)nc2=O)[C@H](F)[C@@H]1O,,,305.33,random
CHEMBL1567746,O=C1CNC(=O)N1Cc1ccc(Br)cc1,,,269.1,random
CHEMBL3687600,COc1ccccc1-c1c(Br)cnc2cc(S(=O)(=O)Nc3nccs3)ccc12,,,476.38,random
CHEMBL3622540,O=C(O)c1ccc2cc(-c3ccc(O)c(O)c3)ccc2c1,,,280.28,random
CHEMBL1488365,O=C(CN1CCCCC1)Nc1ccccc1,,,218.3,random
CHEMBL2236017,Nc1ccccc1-c1nnc(-c2cccc([N+](=O)[O-])c2)o1,,,282.26,random
CHEMBL1601668,Cc1ccc(-n2c(=S)[nH]c3sc4c(c3c2=O)CCC4)cc1,,,314.44,random
CHEMBL435057,O=S(=O)(CCO)N1CCC[C@@H]2CN3CCc4ccccc4[C@@H]3C[C@@H]21,,,350.48,random
CHEMBL3949571,CCCC1CC(=O)NN=C1c1ccc2nc(-c3ccccc3)oc2c1,,,333.39,random
CHEMBL1606780,CC(=O)C(C)n1c(CN(C)Cc2ccccc2)nc2c1c(=O)n(C)c(=O)n2C,,,383.45,random
CHEMBL19603,NS(=O)(=O)c1nn2cc(-c3ccc(O)cc3)nc2s1,,,296.33,random
CHEMBL117542,CCCCCCCCCCOC(=O)c1cnc(Cl)cn1,,,298.81,random
CHEMBL1395396,Cc1nnc(NC(=O)CSCc2c(C)noc2C)s1,,,298.39,random
CHEMBL1580496,CCC(=O)Nc1ccc(C(=O)CSc2nc3ccccc3[nH]2)cc1,,,339.42,random
CHEMBL3359499,CC1CCCCC1Nc1cc(CCc2ccccc2)[nH]c(=O)c1I,,,436.34,random
CHEMBL3670183,CCc1ncnc(N2CCC(OC)CC2)c1C#Cc1ccc(N)nc1,,,337.43,random
CHEMBL1215854,CC(Cc1nc2c(C(F)(F)F)cccc2c(C(=O)O)c1O)c1ccccc1,,,375.35,random
CHEMBL3492479,Cc1ccn2ncc(C(=O)N3CCCC(n4ccnc4C)C3)c2n1,,,324.39,random
CHEMBL422992,O=C(O)C(c1ccc(O)c(O)c1)C(C(=O)O)c1ccc(O)c(O)c1,,,334.28,random
CHEMBL1608783,O=C1c2ccccc2C(=O)N1CCCc1nc2ccccc2c(=O)n1Cc1ccco1,,,413.43,random
CHEMBL1204743,CC(C)CC(NC(Cc1ccccc1)NP(=O)(O)CNC(=O)Cc1ccccc1)C(=O)O,,,461.5,random
CHEMBL3408400,Fc1cccc(C[n+]2ccc(-c3cc4cc(Br)ccc4o3)cc2)c1.[Br-],,,463.14,random
CHEMBL3727626,CC(C)(C)c1sc2c(NC[C@H](N)Cc3ccccc3)nc(-c3ccncc3)nc2c1Br,,,496.48,random
CHEMBL253245,Fc1ccc(-c2nn3ccc(N4CCOCC4)cc3c2-c2ccnc(NC3CCCC3)n2)cc1,,,458.54,random
CHEMBL3691639,CN(C)C(=O)c1cc2cnc(Nc3ccc(N4CC5(CC6CCC(C5)N6C)OC4=O)cn3)nc2n1C1CCCC1,,,544.66,random
CHEMBL449406,Cc1cccc(C(=O)Nc2ccc3[nH]cc(C4CCN(C)CC4)c3n2)c1,,,348.45,random
CHEMBL72392,CN1c2ccccc2NC(=O)c2cccnc21,,,225.25,random
CHEMBL4175119,COc1ccnc(-c2nc3ccc(-c4nc5c(C)ncc(C)n5n4)cc3[nH]2)c1,,,371.4,random
CHEMBL3359143,C#CCOc1ccc(C(=O)c2cccc(NC(=O)COc3ccc(C45CC6CC(CC(C6)C4)C5)cc3)c2)cc1,,,519.64,random
CHEMBL2269035,Cc1cc(C)n2nc(S(=O)(=O)Nc3c(F)ccc4cccnc34)nc2n1,,,372.39,random
CHEMBL3679605,CN(C)c1ccc(NC(=O)C2C[C@@]3(O)[C@H]4Cc5ccc(O)c6c5[C@@]3(CCN4CC3CC3)[C@@H](O6)C2=O)cc1,,,503.6,random
CHEMBL4283837,CCN(Cc1ccc(C(=O)NO)cc1)C(=O)c1cc2c([nH]c3ccccc32)c(C)n1,,,402.45,random
CHEMBL1197577,COc1ccccc1CN1CCC(S(=O)(=O)c2ccccc2)CC1,,,345.46,random
CHEMBL1276173,CN(C)c1cc(N2C[C@@H]3C[C@H]2CN3C)ccc1-c1ccnc2c(-c3cccc4[nH]ncc34)c(-c3ccncc3)nn12,,,541.66,random
CHEMBL1627355,CC(=O)O[C@H]1CC[C@H]2[C@@H]3[C@H](Sc4ccc(Br)cc4)C(=O)c4cc(O)ccc4[C@H]3CC[C@]12C,,,515.47,random
CHEMBL476747,CCc1cccc(-n2cc(C(=O)N3CCN(c4ccc5ccccc5c4)CC3)nc2-c2ccc(C)cc2)c1,,,500.65,random
CHEMBL1866809,O=C(Cc1ccncc1)N[C@H](CO)Cc1ccccc1,,,270.33,random
CHEMBL1818129,CCOc1ccc(C(=O)N(CC)CC)cc1-c1cc2nc(N)nc(N)c2cc1C,,,393.49,random
CHEMBL2024298,O=C(CN1CCOCC1)NNc1nncc2ccccc12,,,287.32,random
CHEMBL1888740,CC1Cc2c(-c3ccccc3)nc3c(c2CO1)CN(S(=O)(=O)c1ccc(Cl)c2nonc12)CC3,,,496.98,random
CHEMBL2347446,CNS(=O)(=O)n1cnc2c(=S)[nH]cnc21,,,245.29,random
CHEMBL305803,Cc1cc(C)c(Oc2ccnc(Nc3ccc(C#N)cc3)n2)c(C)c1,,,330.39,random
CHEMBL182172,C[C@H](COc1ccc(/C=C2\SC(=S)N(CC(=O)O)C2=O)cc1O[C@@H](c1ccccc1)C(F)(F)F)c1ccccc1,,,587.64,random
CHEMBL315157,CN1CCCC1CCOC(C)(c1ccccc1)c1ccc(Cl)cc1,,,343.9,random
CHEMBL395624,O=C(/N=N/C(=O)NCc1ccncc1)NCCCl,,,269.69,random
CHEMBL42126,COc1ccc(C(=O)Nc2c(Cl)cncc2Cl)cc1OC1CCCC1,PICLAMILAST,2,381.26,random
CHEMBL1181059,c1cc(-c2ccc(-c3ccc(C4=NCCN4)cc3)nn2)ccc1C1=NCCN1,,,368.44,random
CHEMBL4294051,CC(C)N1CCC2(CCN(S(=O)(=O)c3ccc4c(c3)OCO4)CC2)C1=O,,,380.47,random
CHEMBL3774515,Cc1ncoc1-c1nnc(SCCCN2CC3CN(c4ccc(C(F)(F)F)cc4)C3C2)n1C,,,478.54,random
CHEMBL607951,OC[C@H]1OC(n2cnc3c(Nc4cccc(I)c4)ncnc32)[C@H](O)[C@@H]1O,,,469.24,random
CHEMBL2177420,C[C@H](C(=O)NCc1ccc(C(F)(F)F)nc1N1CC[C@@H](NC(=O)OC(C)(C)C)C1)c1ccc(NS(C)(=O)=O)c(F)c1,,,603.64,random
CHEMBL485732,Cc1c(-c2nnc(C(C)(C)c3ccccc3)o2)nn(-c2ccc(Cl)cc2Cl)c1-c1ccc(Cl)cc1,,,523.85,random
CHEMBL3956879,NS(=O)(=O)c1ccccc1NS(=O)(=O)c1ccc(-c2cc3ccccc3o2)cc1,,,428.49,random
CHEMBL3343244,COc1ccc(OC[C@@]2(c3ccccc3)C[C@H]2C(=O)N(C)c2ccccc2)cc1OC,,,417.51,random
CHEMBL4301738,CCc1ccc2c(c1)S/C(=c1/s/c(=C\c3scc[n+]3Cc3c(Cl)cccc3Cl)n(CC)c1=O)N2C,,,561.61,random
CHEMBL1586344,COC(=O)CC1C(=O)NCCN1C(=O)CSc1nc2ccccc2c(=O)n1CC(C)C,,,446.53,random
CHEMBL135358,CCCNC(=O)SCc1ccccc1,,,209.31,random
CHEMBL1817979,CCOC(=O)C1=C(C)N(c2ccccc2)C(C)=C(C(=O)OCC)C1c1cn(-c2ccccc2)nc1-c1ccccc1,,,547.66,random
CHEMBL2315342,O=C(C(=O)N1CCN(C(=O)c2ccccc2)CC1)c1c[nH]c2c(-c3nn[nH]n3)ccc(F)c12,,,447.43,random
CHEMBL371517,O=C(Nc1ccc(Br)cc1)O[C@@H]1C2CCN(CC2)[C@@H]1Cc1cccnc1,,,416.32,random
CHEMBL2271091,COP(=O)(OC)C(OC(=O)COc1ccc(Cl)cc1Cl)c1ccccc1Cl,,,453.64,random
CHEMBL2134602,Cc1ccc(C(=O)N2[C@@H]3CN(C)C(=O)[C@@]2(C)[C@H]2C(=O)N(Cc4ccccc4)C(=O)[C@@H]32)cc1,,,431.49,random
CHEMBL3612174,CN(C)CCn1c(=O)/c(=C/c2ccc(O)cc2)s/c1=C1\C(=O)Nc2cc(F)ccc21,,,425.49,random
CHEMBL1346147,O=Cc1cn(Cc2cccc([N+](=O)[O-])c2)c2ccccc12,,,280.28,random
CHEMBL260570,O=[N+]([O-])c1ccc2c(c1)CN(c1ncnc3c1ncn3[C@@H]1O[C@H](CO)[C@@H](O)[C@H]1O)CC2,,,428.41,random
CHEMBL295235,CNC(=O)Nc1c(OCCN2CCCCCCC2)c(OC)c2occc2c1OC,,,405.5,random
CHEMBL3098232,CC[C@H](C)[C@H](O)C(=O)N[C@@H]1C[C@H]2CC[C@]1(C)C2(C)C,,,267.41,random
CHEMBL3715473,CCCC(C)COc1ccc([C@H](CO)NC(=O)[C@@H](CO)c2ccccc2)cc1,,,385.5,random
CHEMBL2159561,N#Cc1ccc(C2=NOC3CCCCCC23)cc1C(F)(F)F,,,308.3,random
CHEMBL3695531,Cc1nc(-c2ccccc2F)c2c(N3CCc4ncccc4C3)ncnn12,,,360.4,random
CHEMBL1735455,CC1CCCCC1NC(=O)CCC(=O)N1CCOc2ccc(Cl)cc21,,,364.87,random
CHEMBL1999422,CC(C)(C)c1cc(C(C)(C)C)c(P=C(Cl)Cl)c(C(C)(C)C)c1,,,359.32,random
CHEMBL298978,Fc1ccc(-n2cc(C3CCN(CCN4CCN=C4S)CC3)c3ccccc32)cc1,,,422.57,random
CHEMBL1801119,Cc1cc2c(cc1Cl)C1(CCN(C(=O)[C@@H]3CN(C(C)(C)C)C[C@H]3c3ccc(F)cc3F)CC1)C[C@@H]2C(C)(C)C(=O)NC(C)C,,,628.25,random
CHEMBL1707114,c1ccc(-c2ccc(-c3ccccc3)[nH]2)cc1,,,219.29,random
CHEMBL3814570,O=C1C=C2C(C#CCCCCl)=C[C@@H]3C[C@@]2(O1)[C@H]1CCCCN31,,,317.82,random
CHEMBL3238313,CC#C[C@H]1CN(S(=O)(=O)c2ccc(N)nc2)CCN1c1ccc([C@](O)(CO)C(F)(F)F)cn1,,,485.49,random
CHEMBL3461302,CC(CNS(C)(=O)=O)c1ccc(F)c(F)c1,,,249.28,random
CHEMBL1224396,Cl.N=C(N)SCc1ccc([N+](=O)[O-])cc1,,,247.71,random
CHEMBL3659410,CC(=O)N1CCC(NC(=O)c2ccc(-c3ccc(-c4nc(-c5ccc(Cl)c(Cl)c5)cs4)cc3C(=O)O)cc2)CC1,,,594.52,random
CHEMBL1459640,CC(=O)c1cnn(-c2cc(Oc3ccccc3C)ncn2)c1C,,,308.34,random
CHEMBL1894380,COC(=O)Nc1ccc2ccc3c(NC(=O)OC)ccc4ccc1c2c43,,,348.36,random
CHEMBL3741147,Cc1ccc(COc2ccc(C(=O)NC(=O)Nc3ccc(Cl)c(-c4nc5ccccc5[nH]4)c3)cc2)cc1,,,510.98,random
CHEMBL3665252,O=C(NC1CCCC1)c1cccnc1Oc1ccc(Nc2ccccn2)cc1,,,374.44,random
CHEMBL3348920,C=CC1CC(C=C)OP(=O)(OC[C@H](C)[C@@H](O[Si](C)(C)C(C)(C)C)[C@@H](C)C=C)O1,,,430.6,random
CHEMBL1923798,CN1CCc2nc(C(=O)Nc3cc(C(N)=O)ccc3CNC(=O)c3ccc(Cl)s3)sc2C1,,,490.01,random
CHEMBL3680144,Cc1ccc(F)c(CC2COC(N)=N2)c1,,,208.24,random
CHEMBL3991081,NC1=NC2(CCOCC2)N(OCCCOc2cccc(Cl)c2Cl)C(N)=N1,,,402.28,random
CHEMBL3137641,Fc1ccc(C(COc2cncc3nnc(-c4ccc(OC(F)F)cc4)n23)N2CCOCC2)cc1F,,,503.46,random
CHEMBL3448099,Cc1cnc2[nH]c(C(F)(F)F)c(CN3CCCC(CO)C3)c2c1,,,327.35,random
CHEMBL189938,COc1ccc(NC2=C(c3ccccc3)C(=O)N(Cc3ccccc3)C2=O)cc1,,,384.44,random
CHEMBL3577209,COc1cccc(OC)c1C(=O)c1c(O)cc(C)c(OC)c1CC(=O)c1c(OC)c(C)cc(O)c1C(=O)c1c(OC)cccc1OC,,,644.67,random
CHEMBL467182,N#Cc1cccc(-c2ccc(C(=O)CCCCCCc3ccccc3)nn2)n1,,,370.46,random
CHEMBL1492751,Fc1ccc(-c2ccnc3nc(N4CCN(c5ccccc5)CC4)nn23)cc1,,,374.42,random
CHEMBL4112156,CCC(NC(=O)c1cc(C(=O)N[C@H](CC)c2ccccc2)c2n1CCOC2)c1ccc(C)nc1,,,460.58,random
CHEMBL2325615,Nc1cc(-c2cc(C(F)(F)F)ccc2Oc2cc(F)c(S(=O)(=O)Nc3ncns3)cc2F)ccn1,,,529.47,random
CHEMBL468092,CN(C/C=C\CN)C[C@H]1O[C@@H](n2cnc3c(N)nc(Cl)nc32)[C@H](O)[C@@H]1O,,,383.84,random
CHEMBL4101876,C[C@H](c1cccc([C@H](C)C2CC2)c1OCOP(=O)([O-])[O-])C1CC1.[Na+].[Na+],,,384.32,random
CHEMBL74776,CC(C)c1nc(-c2ncn3c2CN=C(c2ccccc2Cl)c2cc(Cl)ccc2-3)no1,,,438.32,random
CHEMBL120055,Cc1ccccc1N1CCN(C(=O)COc2ccc3[nH]cc(CCN)c3c2)CC1,,,392.5,random
CHEMBL3931380,Cc1ccc(NC(=O)c2ccc(CN3CCN(C)CC3)c(C(F)(F)F)c2)cc1OC1CCN(C(=O)c2cnc3ccccc3c2)CC1,,,645.73,random
CHEMBL3277496,CCCCCCCN(C)C(=O)n1nc2ccccc2n1,,,274.37,random
CHEMBL2136849,C[C@@H]1CCCCO[C@H](CN(C)CC2CCCCC2)[C@H](C)CN([C@@H](C)CO)C(=O)c2cc(NC(=O)Nc3cccc4ccccc34)ccc2O1,,,672.91,random
CHEMBL1438740,C=CCSc1nc2c(c(=O)[nH]c(=O)n2C)n1CC,,,266.33,random
CHEMBL1611956,CCCCCC(=O)NC(=S)Nc1ccccc1C(=O)OC,,,308.4,random
CHEMBL293619,O=c1c(-c2cccc([N+](=O)[O-])c2)cccn1C(CN1CCCC1)c1ccccc1,,,389.46,random
CHEMBL3923720,O=C(Nc1ccc(OC(F)(F)Cl)cc1)c1cnc(N2CCC3(CNC3)C2)c(-c2ccn[nH]2)c1,,,474.9,random
CHEMBL1592239,Cc1ccc(S(=O)(=O)Nc2cccc(C(=O)NC3CCN(Cc4ccccc4)CC3)c2)cc1F,,,481.59,random
CHEMBL3910542,N#Cc1ccc(Oc2ccc3nc(C(=O)NCc4cccc(OC(F)(F)F)c4)ccc3c2)cc1,,,463.42,random
CHEMBL3221933,O=C(O)/C(S)=C/c1c[nH]c2cccc(F)c12,,,237.25,random
CHEMBL2041999,CS(=O)(=O)c1ccc(-c2cnc(N)c(-c3ccc(N4CCOCC4)cc3)c2)cc1,,,409.51,random
CHEMBL2063601,CCCCCn1cc(CC(=O)O)nn1,,,197.24,random
CHEMBL197698,O=C(O)c1ccc(-c2[nH]nc3cc(Nc4ccccc4Cl)ccc23)cc1,,,363.8,random
CHEMBL257379,Cc1cccc([C@@H]2COc3cc4[nH]c(=O)cc(C(F)(F)F)c4cc3N2CC(F)(F)F)c1,,,442.36,random
CHEMBL1977334,CCOC(=O)NC1C2CC(=O)OC(O2)C1OC(C)=O,,,273.24,random
CHEMBL3658167,C[C@H](NC(=O)N1CCC1)c1ccc(OC2CCN(c3ccnc(N4CCOCC4)n3)C2)cc1,,,452.56,random
CHEMBL558678,Cc1ccc(C2=NN(C(=O)CSc3nc4ccccc4[nH]3)C(c3ccccc3)C2)cc1C,,,440.57,random
CHEMBL1467469,CCOc1ccc(NC(=O)C(C)SC(N)=O)cc1,,,268.34,random
CHEMBL2236128,COc1ccc(/C=C2/CCOc3ccc(Cl)cc3C2=O)cc1,,,314.77,random
CHEMBL1427230,Cc1ccc(/C=C2\Oc3cc(OCC(=O)NN)ccc3C2=O)o1,,,314.3,random
CHEMBL113064,Cc1[nH]cnc1Cn1ccc2c3ccccc3c3ccccc3c2c1=O,,,339.4,random
CHEMBL1254193,Cn1ccc2ncnc(Oc3ccc(NC(=O)Nc4cc(C(F)(F)F)ccn4)c(Cl)c3)c21,,,462.82,random
CHEMBL3343688,COc1cccc([C@@H]2[C@H](O[C@@H]3C[C@H](C)CC[C@H]3C(C)C)C(=O)N2[C@@H](C)c2ccccc2)c1,,,435.61,random
CHEMBL1584610,COc1ccc2[nH]c(SCc3nc(N)nc(Nc4ccccc4)n3)nc2c1,,,379.45,random
CHEMBL1878932,Cc1csc(=O)n1CCC(=O)OCC(=O)c1c(N)n(C)c(=O)n(C)c1=O,,,382.4,random
CHEMBL1701484,CCOc1ccc([C@@H]2CC=C(C(=O)O)[C@H](c3ccc(Cl)cc3)N2S(=O)(=O)c2ccc(C)cc2)cc1,,,512.03,random
CHEMBL4205370,C/C(=N/N=C1\NC(=O)CS1)c1cccc([N+](=O)[O-])c1,,,278.29,random
CHEMBL2270954,COc1cc(Cc2nnc(Nc3ccccc3)s2)c(S(=O)(=O)N(C)C)cc1OC,,,434.54,random
CHEMBL1978548,Cl.Nc1ccn(C2OC(CO)C(O)C2O)c(=O)n1,,,279.68,random
CHEMBL159385,CCN1C(=S)N(c2ccc(F)cc2)C(=O)C1c1ccccc1,,,314.38,random
CHEMBL3920569,CCOc1ccc(CC(=O)O)cc1-c1ccc(F)c2c1CN(C(=O)CC(C)c1cccc(F)c1)CC2,,,493.55,random
CHEMBL1090541,OCC(O)C[C@H]1N[C@@H](CO)[C@@H](O)[C@H](O)[C@H]1O,,,237.25,random
CHEMBL3450350,O=C(NC[C@]1(O)CN(Cc2ccccc2F)C[C@H]1O)c1cscn1,,,351.4,random
CHEMBL1388772,CN(CC(=O)Nc1ccccc1-c1ccccc1)Cc1ccccc1Cl,,,364.88,random
CHEMBL1741030,O=C(O)C1=CS[C@@H]2/C(=C\c3cn4c(n3)sc3ccccc34)C(=O)N12,,,355.4,random
CHEMBL3687437,C[C@@H]1C[C@H](c2ccncc2NC(=O)c2ccc(F)c(-c3c(F)cccc3F)n2)C[C@H](N)[C@@H]1NS(C)(=O)=O,,,533.58,random
CHEMBL1978377,O=C(Nn1c(-c2ccccc2)nc2ccccc2c1=O)c1cccc([N+](=O)[O-])c1,,,386.37,random
CHEMBL4161506,O=C(NC1(C(F)(F)F)CCC1)c1nn(-c2c[n+]([O-])ccn2)c2c1C[C@@H]1C[C@H]21,,,379.34,random
CHEMBL569793,O=C1C(=S)N(c2ccc(Br)cc2)C(=O)N1c1ccc2c(c1)Cc1ccccc1-2,,,449.33,random
CHEMBL596303,CC(C)N(/C(Cc1ccccn1)=N\P(=O)(Oc1ccccc1)Oc1ccccc1)C(C)C,,,451.51,random
CHEMBL1389392,CC(C(=O)N1CCOCC1)n1cc([N+](=O)[O-])cn1,,,254.25,random
CHEMBL3963290,Cn1c(=O)n(C2CCOCC2)c2c3cc(-c4ccc(OCCCN5CCCC5)nc4)ccc3ncc21,,,487.6,random
CHEMBL3805522,COc1cccc(-n2c([C@H](C)Nc3nc(N)nc(N)c3C#N)nc3cccc(Cl)c3c2=O)c1,,,462.9,random
CHEMBL1271868,Cc1nc(-c2ccc(NC(=O)CCl)cn2)nc(O)c1Cc1ccccc1,,,368.82,random
CHEMBL3649911,CC1CN(c2nc3cc(-c4noc(=O)[nH]4)nc(-c4cncc(Cl)c4)c3n2C[C@H]2CC[C@H](C)CC2)C2CCCCC2O1,,,578.12,random
CHEMBL3926838,Cc1c(N2C(=O)O[C@@H](C)[C@@H]2[C@H](O)C(F)(F)F)ccc(C#N)c1C(F)(F)F,,,382.26,random
CHEMBL1399414,O=C(CCc1ccccc1)Nc1ccc(N2CCOCC2)c(Cl)c1,,,344.84,random
CHEMBL4218466,C[C@H](Oc1cccc(Cl)c1Cl)C(=O)Nc1ccc2oc(-c3cccc(O)c3)nc2c1,,,443.29,random
CHEMBL3645516,Cc1cc(-c2ccc([C@H](C)N3CC[C@](CC(C)(C)O)(c4ccccc4)OC3=O)cc2)nn(C)c1=O,,,475.59,random
CHEMBL2418360,O=C(N1CCC2(CCCC2)CC1)N1C[C@@H]2CN(c3ccccn3)C[C@@H]2C1,,,354.5,random
CHEMBL3462227,CC(C)C(=O)N1CCC(NC2CCSCC2)C1,,,256.42,random
CHEMBL1526304,CCCCc1ccc(NC(S)=Nc2ccc(Cl)c(S(=O)(=O)N(C)C)c2)cc1,,,426.01,random
CHEMBL3469670,CC(NC(=O)c1cc(-c2cccc(Cl)c2)no1)C(=O)N1CCCC1,,,347.8,random
CHEMBL116744,CCc1cc(CC(NC(C)=O)C(=O)NCCCCOc2ccccc2C(=O)OC)ccc1N(C(=O)C(=O)O)c1ccccc1C(=O)O,,,647.68,random
CHEMBL2419129,CC(C)(C)OC(=O)NCCCC[C@@H](/C=C/C(=O)c1ccccc1)NC(=O)[C@H](Cc1ccccc1)NC(=O)OCc1ccccc1,,,613.76,random
CHEMBL3137806,C[C@H](CCC(=O)NNc1ccc(S(N)(=O)=O)cc1)[C@H]1CC[C@H]2[C@@H]3CC[C@@H]4C[C@H](O)CC[C@]4(C)[C@H]3CC[C@]12C,,,545.79,random
CHEMBL1946378,CC(C)(C)OC(=O)N1CCCN(C(=S)Nc2ccccc2N2CCOCC2)CC1,,,420.58,random
CHEMBL1492112,OCCOCCNc1ncnc2sc(-c3ccccc3)cc12,,,315.4,random
CHEMBL1902618,O=C(OCC(=O)N(CCc1ccccc1)Cc1ccccc1)c1cccc(S(=O)(=O)N2CCOCC2)c1,,,522.62,random
CHEMBL106587,COc1ccc(-c2nc3nonc3nc2O)cc1,,,244.21,random
CHEMBL1596425,CN(C(=O)c1ccc(Cl)cc1)C1=CCCCC1CCC#N,,,302.81,random
CHEMBL539411,CNc1nc2c(N(C)C)nc(C(F)(F)F)nc2n1Cc1ccc(C)cc1,,,364.38,random
CHEMBL1479976,CNC(=O)c1c(C)nc(S)c(C#N)c1-c1ccco1,,,273.32,random
CHEMBL3785571,Cc1cccnc1NC(=O)Nc1cccc2c1C1CCCCN1C2=O,,,336.4,random
CHEMBL3664381,O=C(c1cc(Cl)ccn1)N1CCC(Oc2ncccc2C2CCOCC2)CC1,,,401.89,random
CHEMBL2322462,Cc1c(CO)cccc1NS(=O)(=O)c1ccc(-c2ccc(F)cc2)cc1,,,371.43,random
CHEMBL3115057,O=C1N[C@H](C(=O)O)Cn2cc(nn2)C/C=C/COc2ccc(Cl)c1c2,,,362.77,random
CHEMBL1972201,O=[N+]([O-])c1cccc2nc3ccccc3c(NCCCNc3c4ccccc4nc4cccc([N+](=O)[O-])c34)c12,,,518.53,random
CHEMBL4093860,Fc1ccc(OC[C@H]2CCCN2c2ncnc3[nH]cnc23)cc1,,,313.34,random
CHEMBL3458872,COc1ccc(NC(=O)CCC(C)C)c(N2CCN(C(C)=O)CC2)n1,,,348.45,random
CHEMBL4162684,COc1ccc2c(CN3CCCCC3)cn(C/C=C/c3ccccc3)c2c1,,,360.5,random
CHEMBL1505994,N#Cc1c(SCC(=O)Nc2nccs2)nc2c(c1-c1ccco1)CCCC2,,,396.5,random
CHEMBL1708547,CC(NC(=O)COC(=O)c1cccnc1O)c1ccccc1,,,300.31,random
CHEMBL3276223,CC(/N=C1\CCCCCN1)c1cc(C(C)(C)C)cc2c1CCC2(C)C.Cl,,,377.02,random
CHEMBL1569488,COCCCNc1ncnc2c1c(-c1ccccc1)cn2-c1ccc(C)c(Cl)c1,,,406.92,random
CHEMBL2169899,Oc1cccc(-c2cc(-c3ccncc3)nc(-c3ccc(Cl)cc3)c2)c1,,,358.83,random
CHEMBL1307781,COc1ccc2cc(CN(CC3CCCO3)C(S)=Nc3ccccc3)c(O)nc2c1,,,423.54,random
CHEMBL249171,COc1ccc(/C=C/c2ccc3c(NC(C)=O)cc(NC(C)=O)c(OC(C)=O)c3n2)c(OC)c1,,,463.49,random
CHEMBL1789612,Cc1[nH]c(/C=C2\C(=O)N(CCCN(C)C)c3ccc(F)cc32)c(C)c1C(=O)NCCN(C)C,,,455.58,random
CHEMBL3476190,COCCC(=O)N[C@H]1CC[C@H](Nc2nccc(-c3ccncc3)n2)C1,,,341.42,random
CHEMBL4290278,O=c1[nH]c(NCCO)nc2ccc3[nH]ncc3c12,,,245.24,random
CHEMBL2236882,CC(C)[C@@H]1CC[C@@H](C)C[C@H]1OC(=O)c1ccc(Cl)cc1,,,294.82,random
CHEMBL1911724,CCOc1ccc([C@H]2N[C@@H](c3ccc(OCC)cc3)[C@H](C)/C(=N/OC)[C@@H]2C)cc1,,,396.53,random
CHEMBL3326526,COc1cc(F)ccc1C(=O)/C(=N\C1CCCC1)n1ncc(C#N)c1N,,,355.37,random
CHEMBL1470795,Cc1cc(C)[n+](-c2ccc(F)cc2)c2[nH]c(=O)[nH]c(=O)c12.[I-],,,413.19,random
CHEMBL2430673,O=C(O)[C@H](Cc1ccccc1)N1C(=O)/C(=C/c2ccccc2Cc2ccccc2)SC1=S,,,459.59,random
CHEMBL1712365,CCOC(=O)c1cc(C(=O)NCc2ccc(Cl)cc2Cl)nn1C,,,356.21,random
CHEMBL1603360,CCc1ccc(-c2nn(CC(=O)NC3CCCC3)c3c2cnc2ccc(F)cc23)cc1,,,416.5,random
CHEMBL3556568,COc1ccc(OC)c(CN2CCc3nc4ccsc4c(=O)n3CC2)c1,,,371.46,random
CHEMBL210961,CC(=O)Oc1ccccc1CCC(=O)OCOP(=O)(OCOC(=O)CCc1ccccc1OC(C)=O)Oc1ccc(O)c(C=O)c1,,,658.55,random
CHEMBL2375891,COc1ccc(C(=O)Nc2ccc(Br)cc2)cc1Nc1nccc(-c2cccnc2)n1,,,476.33,random
CHEMBL2338272,COc1cc2c(cc1OC)[C@@H]1[C@@H]3Cc4cc(OC)c(OC)cc4[C@H](CNC(=O)/C=C/c4ccc(Cl)s4)N3[C@@H](C#N)[C@H](C2)N1C,,,635.19,random
CHEMBL3289552,C=C1C(=O)O[C@@H]2[C@H]1CC[C@H](C)[C@]1(O)[C@@H](n3cc(COc4ccccc4F)nn3)CC(=O)[C@@]21C,,,455.49,random
CHEMBL1911854,COc1cccc(C2=NCC3(CN4CCC3CC4)NC(=O)C2)c1,,,313.4,random
CHEMBL3982323,CN1CCCC(Nc2nc(N3CCOCC3)[nH]c(=O)c2-c2ccc3ccccc3n2)C1,,,420.52,random
CHEMBL1335460,COc1ccc(NC(=O)CN2CCN(c3ccc(F)cc3)CC2)cc1Cl,,,377.85,random
CHEMBL4168183,COC(=O)CCC[C@@H]1[C@H]2CCCN3CCC[C@H](CN1Cc1c[nH]c4ccc(F)cc14)[C@@H]23,,,427.56,random
CHEMBL23717,N/C(=C\C(=O)c1ccc(F)c(Cl)c1)C(=O)O,,,243.62,random
CHEMBL3910275,O=C(NCCc1ccc(Cl)c(Cl)c1)c1cccc(Cc2n[nH]c(=O)c3c2CCCC3)c1,,,456.37,random
CHEMBL294926,N#Cc1ccc2[nH]ccc2c1,,,142.16,random
CHEMBL3480698,CN(C)C(=O)CN1C[C@@H]2CC[C@H](C1)N(C/C=C/c1ccc(F)cc1)C2,,,345.46,random
CHEMBL4163513,COc1cc(C)ccc1Oc1nc(Nc2ccc(N3CCOCC3)cc2)ncc1NC(=O)Nc1cc(Cl)cc(Cl)c1,,,595.49,random
CHEMBL1524744,Cc1ccc(CN(C)Cc2cc(=O)oc3cc(C)c(Cl)cc23)cc1,,,341.84,random
CHEMBL2036631,CNc1ncc2c(-c3cccc(OC)c3)nn(CC3CCC(N)CC3)c2n1,,,366.47,random
CHEMBL3481170,COc1cccc(Cn2ncnc2CCC(C)N2CCN(C)CC2)c1,,,343.48,random
CHEMBL581586,O=C(/C=C/c1ccc(Cl)c(Cl)c1)NCCCCCN1CCC(CCNC(=O)/C=C/c2cc(C(F)(F)F)ccc2F)CC1,,,628.54,random
CHEMBL2376398,CCNCc1nc2cc(-c3nc(=O)n(CCOC)c4c3oc3ccc(Br)cc34)ccc2n1C,,,510.39,random
CHEMBL2403758,NC1=N[C@@]2(c3cccc(NC(=O)c4ccc(Cl)cn4)c3)C[C@H]2COC1,,,356.81,random
CHEMBL2005536,O=C(N/N=C(COc1ccccc1)\N=C\c1ccncc1)c1ccncc1,,,359.39,random
CHEMBL1602065,O=C(N/C(=C/c1cccc([N+](=O)[O-])c1)C(=O)N1CCCCCC1)c1ccco1,,,383.4,random
CHEMBL3481050,Cn1cc(CN2CCCC(CCc3ccc(F)c(F)c3)C2)cn1,,,319.4,random
CHEMBL3251248,Cc1ccccc1-n1c(C(F)(F)F)nc2ccccc2c1=O,,,304.27,random
CHEMBL3133614,O=C(c1ccc(N(Cc2ccccc2)Cc2ccco2)cc1)N1CCc2ccc(O)cc2C1,,,438.53,random
CHEMBL1507325,COC(=O)c1cccc(Nc2nc(-c3cccnc3)nc3ccccc23)c1,,,356.39,random
CHEMBL1872397,CC(CC(=O)NCc1ccco1)S(=O)(=O)c1ccc2c(c1)CCN2C(=O)C1CC1,,,416.5,random
CHEMBL433644,COc1ccc2ccc(S(=O)(=O)N[C@H]3CCN(Cc4cc(N)cc(C(=N)N)c4)C3=O)cc2c1,,,467.55,random
CHEMBL3450945,CCc1nc(CS(=O)(=O)Cc2noc(C3CC3)n2)cs1,,,313.4,random
CHEMBL3704201,Nc1cnc(-c2ccc(C3CCC3)c(OCc3cc(Cl)ccc3C(F)(F)F)c2F)cn1,,,451.85,random
CHEMBL2420015,O=C([O-])C1=CCCN(Cc2cc(=O)[nH]c(=O)[nH]2)C1.[Na+],,,273.22,random
CHEMBL3472388,COc1ccccc1OC1CCN(c2nc(N)nc3[nH]cnc23)CC1,,,340.39,random
CHEMBL1886421,Cc1ccccc1S(=O)(=O)Cc1ccc(C(=O)NCc2ccccc2Cl)o1,,,403.89,random
CHEMBL591109,CC(C)=CCC/C(C)=C/CC/C(C)=C/CC[C@]1(C)CCc2cc(OC(=O)NS(=O)(=O)c3ccc(C)cc3)c(C)c(C)c2O1,,,607.86,random
CHEMBL3627802,CC(=O)N(CCc1nc2ccccc2c(=O)n1-c1ccc(F)cc1)C(C)=O,,,367.38,random
CHEMBL1413448,COc1ccc(S(=O)(=O)N2CCCC2C(=O)n2nc(C)cc2C)cc1,,,363.44,random
CHEMBL1727960,CC(O)(CS(=O)(=O)Cc1ccccc1)c1ccccc1,,,290.38,random
CHEMBL268365,O=C(c1ccccc1)c1ccc(-n2ncc(=O)[nH]c2=O)cc1,,,293.28,random
CHEMBL1974880,CO/N=C1\CC(NC(=O)C(F)(F)F)c2ccsc21,,,278.25,random
CHEMBL185686,O=c1c2cccc(O)c2oc2cccc(O)c12,,,228.2,random
CHEMBL3465263,CCCc1noc(CN2CCOCC2C)n1,,,225.29,random
CHEMBL2323160,COc1ccc2c(c1)c[n+](C)c1ccc(O)cc21.[Cl-],,,275.74,random
CHEMBL1391011,COc1ccc(CNC(=O)C(c2ccco2)N(C(=O)c2snc(C(N)=O)c2N)c2cccc(OC)c2)cc1,,,535.58,random
CHEMBL3193956,COc1ccc(/C=N/NC(=O)c2nnn(-c3nonc3N)c2-c2cccs2)c(OC)c1,,,440.45,random
CHEMBL1782978,CO/N=C1\CN(c2c(F)cc3c(=O)c(C(=O)O)cn(C4CC4)c3c2OC(F)F)CCC1(C)N,,,468.43,random
CHEMBL571326,COC(=S)NC[C@H]1CN(c2ccc(N3CCN(Cc4ccc([N+](=O)[O-])o4)CC3)c(F)c2)C(=O)O1,,,493.52,random
CHEMBL3472922,COc1cc(-c2cnnc(NCCSC)n2)cc(OC)c1OC,,,336.42,random
CHEMBL508087,Cl.OC(CN1CCN(C/C=C/c2ccccc2)CC1)Cn1ccc2ccccc21,,,411.98,random
CHEMBL3403116,Nc1cnc2sc(S(=O)(=O)c3ccc(Cl)cc3)c(-c3ccccc3F)c2c1,,,418.9,random
CHEMBL141830,NCCCCCN(O)C(=O)CCC(=O)O,,,218.25,random
CHEMBL498382,O=C(c1ccc(O)cc1)N(c1ccc(O)cc1)c1ccc(O)cc1,,,321.33,random
CHEMBL1513990,N#Cc1ccccc1-c1ccc2ncnc(NCc3cccnc3)c2c1,,,337.39,random
CHEMBL361427,COc1ccc2c(c1)c(Cc1ccccc1C(=O)O)c(C)n2C(=O)c1ccc(Cl)cc1,,,433.89,random
CHEMBL3808707,COc1ccc(C[C@H]2COC(=O)[C@@H]2Cc2ccc(OC(=O)NCc3ccccc3)c(OC)c2)cc1OC,,,505.57,random
CHEMBL95221,CCSCCn1c(=N)sc2cc(OC(F)(F)F)ccc21,,,322.38,random
CHEMBL1733003,OCc1ccc(-c2ccc3ncnc(NCc4cccs4)c3c2)o1,,,337.4,random
CHEMBL1716744,CCOC(=O)c1cnc(-c2ccccc2)nc1N1CCOCC1,,,313.36,random
CHEMBL3343563,Cc1ccc(S(=O)(=O)Nc2ccc(Nc3nccn4cc(-c5ccccc5Oc5ccccc5)nc34)cc2)cc1,,,547.64,random
CHEMBL1912062,CCN(CCCCCCNC(=O)CCCCC1CCSS1)Cc1ccccc1OC,,,452.73,random
CHEMBL1834964,O=C(Nc1nnc(-c2ccc3c(c2)OCCO3)s1)c1ccncc1,,,340.36,random
CHEMBL3900324,O=C(c1cccc(F)c1)N1CCn2nc(COc3ccccc3)cc2C1,,,351.38,random
CHEMBL3329372,COc1cc2c(cc1OC)C1C(CCCN1C(=S)Nc1ccc(F)c(F)c1F)C2,,,422.47,random
CHEMBL364604,CC(C)c1ccc(N2N=C3CSCC=C3C(C#N)=C2N)cc1,,,310.43,random
CHEMBL1823458,N[C@@H](CC(=O)O)C(=O)O[C@H]1C[C@H](n2cc(F)c(=O)[nH]c2=O)O[C@@H]1CO,,,361.28,random
CHEMBL205807,CC(C)Cn1c(=O)n(C)c(=O)c2c(C(=O)N3CC[C@@H](O)C3)c(Cc3c[nH]c4ccccc34)sc21,,,480.59,random
CHEMBL369644,Cc1nc2ncnn2c2c1CCN2C(C)C,,,217.28,random
CHEMBL1355316,COc1cc(OC)cc(-c2cc3nc(C)c(CCC(=O)Nc4ccccc4OC)c(C)n3n2)c1,,,460.53,random
CHEMBL1325031,CCCC(C)C1(CC)C(=O)N=C(Nc2ccc(F)cc2)NC1=O,,,319.38,random
CHEMBL3416687,Nc1ccc(C(=O)N[C@@H](Cc2c[nH]c3ccccc23)C(=O)OCc2ccccc2)cc1NC(=O)[C@@H](N)CCc1ccc(OCc2ccccc2)cc1,,,695.82,random
CHEMBL1404149,CCOc1ccc(NC(=O)CSc2nnc(Cc3cccn3C)n2-c2ccc(OC)cc2)cc1,,,477.59,random
CHEMBL358525,NCC1CCN(CC(=O)Nc2cccc3c2C(=O)c2c(-c4ccc(N5CCOCC5)cc4)n[nH]c2-3)CC1,,,500.6,random
CHEMBL3335253,CCOc1cc(Br)c(Br)c(/C=N/c2ccc3[nH]cnc3c2)c1O,,,439.11,random
CHEMBL2008854,COc1ccc(C[P+]2(c3ccccc3)CCCCC2)cc1.O=[N+]([O-])c1ccc(C[P+]2(c3ccccc3)CCCCC2)cc1,,,613.72,random
CHEMBL1300001,Cc1ccc(Cl)cc1N1CCN(C(=O)C2CCN(S(=O)(=O)c3cccnc3)CC2)CC1,,,463,random
CHEMBL161076,Nc1ncnc2c1ncn2[C@@H]1CC[C@H](CO)O1,,,235.25,random
CHEMBL4079621,C[C@H](Cc1ccc(-c2ccc3cnn(-c4ccccn4)c3c2)cc1)C(=O)O,,,357.41,random
CHEMBL201766,O=C(CCN1CCCC1)Nc1ccc(Nc2c3ccc(NC(=O)CCN4CCCC4)cc3nc3cc(NC(=O)CCN4CCCC4)ccc23)cc1,,,690.89,random
CHEMBL4129015,CCOC(=O)c1c(NC(=N)N)sc2c1CCCCC2.Cl,,,317.84,random
CHEMBL1518739,Cc1ccc(-c2noc(CCC(=O)NCCN3CCc4ccccc4C3)n2)cc1,,,390.49,random
CHEMBL3402078,C=CC(C)(C)[C@@]12C[C@H]3c4nc5ccccc5c(=O)n4[C@H](C)C(=O)N3[C@@H]1N(C(C)=O)c1ccc(-c3ccc(OC)cc3)cc12,,,574.68,random
CHEMBL1192631,NCCCCNC(=O)c1cnn(-c2nc(-c3cccc(C(F)(F)F)c3)cs2)c1C(F)(F)F,,,477.43,random
CHEMBL2022811,N#Cc1c(-c2ccc([N+](=O)[O-])cc2)c(C#N)c2[nH]c(=O)c3c(-c4ccccc4)csc3n2c1=N,,,464.47,random
CHEMBL158897,O=C(NCCCCCCNC(=O)ON=C1CCCCC1)ON=C1CCCCC1,,,394.52,random
CHEMBL293136,CC[C@@]1(OC(=O)CNC(=O)CC[C@H](N)C(=O)O)C(=O)OCc2c1cc1n(c2=O)Cc2cc3ccccc3nc2-1,,,534.53,random
CHEMBL2408798,CSCCCNC(=O)CCCNC(=O)[C@H](O)C(C)(C)CO,,,320.46,random
CHEMBL111153,CCC(C)Sc1nc(O)cc(Cc2ccccc2)n1,,,274.39,random
CHEMBL2203989,COc1ccc(/C=C/C(=O)OCC(OC(=O)/C=C/c2ccccc2)c2cc(OC)c(OC)c(OC)c2I)cc1OC,,,674.48,random
CHEMBL1424346,N#Cc1cc(Sc2ccccn2)c(Sc2ccccn2)cc1C#N,,,346.44,random
CHEMBL6852,Nc1cccc(S(N)(=O)=O)c1,,,172.21,random
CHEMBL592108,O=C(Nc1nc(-c2ccccn2)cs1)c1ccccc1[N+](=O)[O-],,,326.34,random
CHEMBL57635,CCN(CC)CCCC(C)Nc1cc(C(F)(F)F)nc2c1CCCC2,,,357.46,random
CHEMBL1934911,Nc1cc(Cn2c(C(=O)NS(=O)(=O)c3cccc(Cl)c3)c(-c3ccc[nH]c3=O)c3cc(Cl)ccc32)ccn1,,,568.44,random
CHEMBL3041307,FC(F)(F)c1ccc(CSc2cc3ccccc3[n+](CCCCCC3CCCCC3)c2)cc1,,,472.64,random
CHEMBL1397853,COc1ccc(C)cc1NC(=O)CN1C(=O)CCc2cc(S(=O)(=O)N3CCOCC3)ccc21,,,473.55,random
CHEMBL1328341,COc1cccc(C(=O)C2=C(O)C(=O)N(CCCN3CCOCC3)C2c2ccncc2)c1,,,437.5,random
CHEMBL2385235,COc1cccc(COc2nc(C(F)(F)F)ccc2CNC(=O)C(C)c2ccc(NS(C)(=O)=O)c(F)c2)c1,,,555.55,random
CHEMBL1777848,O=c1oc2c(O)cccc2cc1-c1ccc(O)cc1,,,254.24,random
CHEMBL2437301,N=c1scc(-c2ccccc2)n1CC(=O)N1CCOCC1,,,303.39,random
CHEMBL36648,COc1c(OC)c(OC(C)=O)c2cc(Cl)ccc2c1OC(C)=O,LONAPALENE,2,338.74,random
CHEMBL296268,Cc1ccc2c(n1)sc1c(O)nnnc12,,,218.24,random
CHEMBL123704,COc1ccc(CN2C(=O)[C@H](CCCc3ccccc3)[C@H]2c2ccc(OC)cc2)cc1,,,415.53,random
CHEMBL85530,Cn1nc(-c2ccccc2)nc1S,,,191.26,random
CHEMBL447800,CSC(=O)C#CC(C)(C)N,,,157.24,random
CHEMBL1477161,COc1ccccc1N1CCN(C(=O)c2cc3c(=O)n(Cc4cccs4)ccc3nc2C)CC1,,,474.59,random
CHEMBL3909305,CC(C)N1CCN(C(=O)OC2CCN(c3ccc(C(N)=O)cn3)C2)CC1,,,361.45,random
CHEMBL3693363,Cc1nc2ccc(C3CC3)nc2n2c(-c3cc(C(C)(C)CO)ccc3F)nnc12,,,391.45,random
CHEMBL3898518,CN1CCN(CC(=O)Nc2ccc(C3CN=C4c5ccccc5NC(=O)N4C3)cc2)CC1,,,432.53,random
CHEMBL2151084,CC(C)CC(C(=O)O)c1ccc(-c2ccc(C(F)(F)F)cc2)c(OCC2CC2)c1,,,406.44,random
CHEMBL3286448,C[C@]12OC[C@](COP(=O)(O)OP(=O)(O)OP(=O)(O)O)(O[C@H]1n1cnc3c(=O)[nH]c(N)nc31)[C@H]2O,,,549.22,random
CHEMBL4281510,CCc1ccc([C@H]2c3[nH]c4ccccc4c3C[C@@H]3C(=O)N(C)CC(=O)N23)s1,,,379.49,random
CHEMBL3086342,NCCCNCCCCNCCCNCc1ccc2ccccc2c1,,,342.53,random
CHEMBL3960205,Cc1cccc(-c2cccc(N3CC[C@H](C(=O)O)[C@@H]4OCCC[C@H]43)n2)c1OCc1ccc2c(c1C)CCN(C1COC1)CC2,,,597.76,random
CHEMBL3343973,C=CC(=C)CC[C@]1(C)[C@H](C)C[C@H](OC)[C@@]2(C=O)C(C=O)=C[C@H](OC(=O)C(C)CC)C[C@@H]12,,,430.59,random
CHEMBL426021,COc1ccc(-c2cc(C(=O)N/N=C\c3ccc(F)cc3)c3c(C)nn(-c4ccccc4)c3n2)cc1,,,479.52,random
CHEMBL1974696,COc1ccccc1NC(=O)C1=C(C)NC(C)=C(C(=O)Nc2ccccc2OC)C1c1ccccc1F,,,501.56,random
CHEMBL1374163,Cl.O=C(c1cccc(S(=O)(=O)NCc2ccccc2)c1)N1CCN(Cc2ccccc2)CC1,,,486.04,random
CHEMBL22800,N#Cc1ccc(Cn2ccnc2)cc1OCCCCc1ccccc1,,,331.42,random
CHEMBL3235366,CC(=O)OC[C@]12CCCC(C)(C)[C@@H]3[C@H]1[C@]1(CO1)C(=O)C[C@@H]32,,,292.38,random
CHEMBL1489871,Cc1cnn(C(=O)c2cc(-c3ccccc3)nc3ccccc23)c1.Cl,,,349.82,random
CHEMBL1411865,Cc1ccc(Cn2ccnc2SCC(=O)NC2CCCC2)cc1,,,329.47,random
CHEMBL1982505,Br.NCc1ccc(O)c(O)c1,,,220.07,random
CHEMBL1445344,CC(CN1CCCCC1)OC(=O)c1ccc(Cl)cc1Cl.Cl,,,352.69,random
CHEMBL3687730,COc1cc(-c2cc(C)cc(Cl)c2)ccc1-c1nccc2cc(S(=O)(=O)Nc3ccncn3)ccc12,,,517.01,random
CHEMBL1431649,CCc1nc2sc3c(c2c(=O)n1N)CC(C)(C)OC3,,,279.37,random
CHEMBL3753197,Br.BrCC1CN=C(Nc2ccccc2)S1,,,352.1,random
CHEMBL2137506,COC(=O)C1=C(c2ccc(S(C)(=O)=O)cc2)C[C@@H]2CC[C@H]1N2C(=O)NCC[S+](C)[O-],,,454.57,random
CHEMBL2043015,CCOC(=O)/C=C/c1c(-c2ccccc2)oc(=O)c2c3c(sc12)CCCCC3,,,394.49,random
CHEMBL1344446,NC(=O)C1CCN(C(=O)/C(=C/c2ccco2)NC(=O)c2ccccc2)CC1,,,367.4,random
CHEMBL2000403,O=C(/C(=N/Nc1ccccc1)c1ccc([N+](=O)[O-])cc1)c1ccc([N+](=O)[O-])cc1,,,390.36,random
CHEMBL1271010,NC(=O)[C@]12CC3CC(C1)[C@@H](OC(=O)N1CC[C@@H](Nc4nccc(C(F)(F)F)n4)C1)C(C3)C2,,,453.47,random
CHEMBL3557316,CN(C)C1CCC2(CCN(Cc3nccn3C)CC2)c2ccccc21,,,338.5,random
CHEMBL2136931,CCCCC[C@@H](C)N1C[C@@H](COCc2ccccc2)Oc2cc(N3CCC[C@@H]3CO)ccc2S1(=O)=O,,,516.7,random
CHEMBL1400118,O=c1c2ccccc2nc(-c2ccc(-c3ccccc3)cc2)n1-c1ccncc1,,,375.43,random
CHEMBL3288296,O=C1CCCc2cc(OCc3cccc(Br)c3)ccc21,,,331.21,random
CHEMBL3681471,Cc1onc(-c2ccccc2)c1CNc1ccc(C(=O)NC2CCOCC2)cn1,,,392.46,random
CHEMBL3981136,C[C@H](Nc1ncc(Cl)c(N2C(=O)OC[C@@H]2[C@@H](C)O)n1)c1ncc(-c2ccnc(C(F)(F)F)c2)cn1,,,509.88,random
CHEMBL1339355,O=C(Nc1ccccc1-c1nc2ccccc2s1)c1ccc(Br)o1,,,399.27,random
CHEMBL1889241,COc1cc([C@@H]2CC=C(C(=O)O)[C@H](c3cccc(Cl)c3)N2S(=O)(=O)c2ccc(C)cc2)cc(OC)c1OC,,,558.05,random
CHEMBL1623461,c1ccc2c(c1)CCOC2CNCCCN1CCCCC1,,,288.44,random
CHEMBL1945939,Oc1ccc2ccccc2c1-c1nc2ccccc2nc1-c1c[nH]c2ccc(Br)cc12,,,466.34,random
CHEMBL1469451,O=C(Cc1ccccc1[N+](=O)[O-])N1CCN(Cc2ccc3c(c2)OCO3)CC1,,,383.4,random
CHEMBL2272189,CCONCCCOc1ccc(CC(CC)CC)cc1,,,279.42,random
CHEMBL469260,N#Cc1ccc(C(c2ccc3cc[nH]c3c2)n2ccnc2)cc1,,,298.35,random
CHEMBL2113343,Cc1c(COCCN2CCCCC2)nn(-c2ccc(Cl)cc2Cl)c1-c1ccc(Cl)cc1,,,478.85,random
CHEMBL1165037,COc1cc2c(cc1OC)C(=O)N1C=C(c3ccc(C(C)C)cc3)C[C@H]1C=N2,,,376.46,random
CHEMBL1623353,CC(C)Cc1nc2cc(N)ccc2[nH]1,,,189.26,random
CHEMBL2357457,O=C(C(=O)N1CCN(c2ccccc2)CC1)c1ccccc1,,,294.35,random
CHEMBL594672,O=C(O)c1cn(Cc2ccc(-c3cccc(CO)n3)cc2)c2c(F)cccc2c1=O,,,404.4,random
CHEMBL192208,[I-].[I-].c1ccc2c(c1)sc[n+]2CCCCCCCCCCCC[n+]1csc2ccccc21,,,692.51,random
CHEMBL3683636,O=C(c1nn(C2CCCN(CCC3CCOCC3)C2)c2c1CS(=O)(=O)c1ncccc1-2)N1CCOCC1,,,529.66,random
CHEMBL1990819,N/C(=N\N=C\c1cccc([N+](=O)[O-])c1)c1nonc1N,,,275.23,random
CHEMBL3891379,CCCCc1cccc(-n2c([C@H](C)Nc3ncnc(N)c3C#Cc3ccc(F)cn3)nc3cccc(Cl)c3c2=O)c1,,,568.06,random
CHEMBL4292719,O=C(NCc1ccccc1)C1CCN(C(=O)c2ccc(-c3ccccc3)cc2)CC1,,,398.51,random
CHEMBL1188744,COCCCOc1cc(C[C@@H](C[C@H](N)[C@@H](O)C[C@H](C(=O)NCCc2nn[nH]n2)C(C)C)C(C)C)ccc1OC,,,548.73,random
CHEMBL3452241,COc1ccccc1CC(C)N(C)S(C)(=O)=O,,,257.36,random
CHEMBL2178255,Nc1ccn2ncc(C(=O)Nc3c[nH]nc3-c3cccc(Cl)c3)c2n1,,,353.77,random
CHEMBL1393616,CC(C)(C)NC(=O)C(=O)NNC(=O)COc1ccccc1,,,293.32,random
CHEMBL2408289,N#Cc1c(NC(=O)c2cc(S(=O)(=O)N3CCOCC3)c(Cl)cc2Cl)sc2c1CCN(Cc1ccc(F)cc1)C2,,,609.53,random
CHEMBL453118,Cn1c([N+](=O)[O-])cnc1-c1nnc(N2CC[S+]([O-])CC2)s1,,,328.38,random
CHEMBL261048,CN1CC[C@]23c4c5cccc4O[C@H]2CCC[C@H]3[C@H]1C5,,,255.36,random
CHEMBL59029,NCCN(CCNC(=O)Cc1c[nH]cn1)CCNC(=O)c1c2ccccc2nc2ccccc12,,,459.55,random
CHEMBL3900628,Cc1ccc(NC(=O)c2ccc(C(C)(C)C)o2)cc1-n1cc(-c2cncc(N3CCN(C)CC3)c2)nn1,,,499.62,random
CHEMBL1565518,CC(C)n1c2ccccc2c2nnc(SCC(=O)OCN3C(=O)c4ccccc4C3=O)nc21,,,461.5,random
CHEMBL3478566,CN(C)c1cnn(Cc2nc3ccccc3n2C)c(=O)c1,,,283.33,random
CHEMBL2010016,Cc1ccc(O)c(/N=N/c2ccc(S(=O)(=O)O)cc2)n1,,,293.3,random
CHEMBL166955,CCSCC[C@@H](N)[C@H](O)C(=O)NOc1ccccc1,,,284.38,random
CHEMBL463642,CCOC(=O)C1=CCCCC1S(=O)(=O)Cc1ccc(F)cc1Cl,,,360.83,random
CHEMBL1202871,Cl.O.c1ccc(CN2CCN(CCNc3ccc(-c4ccccc4)nn3)CC2)cc1,,,427.98,random
CHEMBL1621427,[O-][N+]12CCN(CC1)c1ccccc12,,,176.22,random
CHEMBL1651213,O=C(O)c1cc(-c2cccc(COc3ccc4c(c3)CN(C3CC3)C4=O)c2)ccc1Cl,,,433.89,random
CHEMBL185357,O=C(NCC1CCN(c2ccncc2)CC1)c1cc2ccccc2n1Cc1cc(-c2ccc(Cl)s2)on1,,,532.07,random
CHEMBL3601242,C=CC(=O)Nc1cccc(CNc2nc(Nc3cnn(C)c3)ncc2Cl)c1,,,383.84,random
CHEMBL1861533,CCOc1cccc(-c2nc(CN(CCC#N)C3CCCCC3)co2)c1,,,353.47,random
CHEMBL3787239,Cc1c(Cc2c(Cl)cccc2Cl)nc(N(C)Cc2ccc(N3CCOCC3)cc2)[nH]c1=O,,,473.4,random
CHEMBL3559791,CCCN(C)C[C@H]1Oc2ncc(C#Cc3ccccc3OC)cc2C(=O)N([C@H](C)CO)C[C@H]1C,,,465.59,random
CHEMBL24030,CC(C)/C(=N\O)c1ccc(Sc2cc(F)cc(C3CCOCC3)c2)cc1,,,373.49,random
CHEMBL246720,CN(CCN(C)c1nc2ccc(N)cc2s1)c1nc2ccc(N)cc2s1,,,384.53,random
CHEMBL3438591,O=C(Cc1csc(-c2ccccc2F)n1)NCc1ccc(C(=O)O)cc1,,,370.4,random
CHEMBL463207,[3H]C([3H])([3H])N1C[C@H](C(=O)N(CC)CC)C=C2c3cccc4[nH]cc(c34)C[C@H]21,[3H]LSD,,329.46,random
CHEMBL3278295,Nc1nc(N)c2c(n1)CCN(Cc1ccc(Cl)cc1)C2,,,289.77,random
CHEMBL290675,C[C@@H]1[C@@H]2Cc3ccc(O)cc3[C@]1(C)CCN2CCN1CCCCCC1,,,342.53,random
CHEMBL323456,Nc1ccc(CC(C(=O)O)N(CCN(CC(=O)O)CC(=O)O)CCN(CC(=O)O)CC(=O)O)cc1,,,498.49,random
CHEMBL1534629,CCC1(CC)Cc2ccccc2-c2nc(NCCO)[nH]c(=O)c21,,,313.4,random
CHEMBL1493729,CCc1cccc(CC)c1NC(=O)COC(=O)c1ccc2c(c1)S(=O)(=O)c1ccccc1C2=O,,,477.54,random
CHEMBL1453774,Cc1oc(-c2ccoc2)nc1CN(CC1CCC(=O)N1)C(C)C,,,317.39,random
CHEMBL3909998,CC1(C)CC(=O)N(c2cc(Cc3n[nH]c(=O)c4c3CCCC4)ccc2F)C1=O,,,383.42,random
CHEMBL4280847,C[C@@H]1CN(Cc2ccc(F)cc2)C[C@@]1(F)c1nc2c(cnn2C2CCOCC2)c(=O)[nH]1,,,429.47,random
CHEMBL3645177,COc1cc(NC(=O)c2ccc(Cl)cn2)cc(C2(C)CCSC(N)=N2)c1,,,390.9,random
CHEMBL2347354,CC(=O)OC[C@H]1O[C@@H](Sc2nnc(-c3ccccc3)n2/N=C/c2cc(Cl)ccc2O)[C@H](OC(C)=O)[C@@H](OC(C)=O)[C@@H]1OC(C)=O,,,661.09,random
CHEMBL3100041,COc1ccc(C2=NO[C@@]3(C(=O)Nc4ccccc43)[C@@H]2c2ccccc2)cc1,,,370.41,random
CHEMBL295746,NC(=S)c1ncn2c1NC(=O)CC2,,,196.24,random
CHEMBL476925,O=C1N[C@H](CN[C@@H](CO)c2ccccc2)[C@@H](O)[C@H]1O,,,266.3,random
CHEMBL1086680,N#Cc1cnc2ccc(/C=C/CCN3CCOCC3)cc2c1Nc1ccc(Cl)cc1Cl,,,453.37,random
CHEMBL4091987,COc1ccc(C(=O)NCCc2cccc(Cl)c2)cc1OC,,,319.79,random
CHEMBL478349,OC1(C#Cc2ccc3cc[nH]c3c2)CN2CCC1CC2,,,266.34,random
CHEMBL3552763,O=S(=O)(c1cccs1)N1CC[C@H]2[C@H]1CCN2c1ncccn1,,,336.44,random
CHEMBL1727317,Cc1cccc(OCCCC(=O)Nc2ccc(Cl)c(S(=O)(=O)N3CCOCC3)c2)c1,,,452.96,random
CHEMBL1478616,CCC(=O)N1CCN(c2ccccc2NC(=S)NC(=O)c2cccc([N+](=O)[O-])c2)CC1,,,441.51,random
CHEMBL1356676,CCOc1ccc(-c2c(C)nn3c(C)c(C(=O)Nc4ccccc4C(=O)OC)cnc23)cc1OCC,,,488.54,random
CHEMBL342921,COc1cccc(Nc2c3cc(NC(=O)CCN4CCCC4)ccc3nc3ccc(NC(=O)CCN4CCCC4)cc23)c1,,,580.73,random
CHEMBL3904158,c1cc(Nc2cc(C3CC3)n[nH]2)nc(Nc2ccc(N3CCOCC3)cc2)n1,,,377.45,random
CHEMBL2147602,O=C(Nc1ccc(/C=C/c2ccc(NC(=O)[C@@H]3CCCN3C(=O)Cc3cccnc3)cc2)cc1)[C@@H]1CCCN1C(=O)Cc1cccnc1,,,642.76,random
CHEMBL3208397,Oc1c(/C=N/Cc2cccnc2)c(C(F)(F)F)nn1-c1nc2ccccc2s1,,,403.39,random
CHEMBL3251411,Cl.N#CCc1ccc(O)c2ncccc12,,,220.66,random
CHEMBL2035442,CCNCc1cc(-c2ccc3c(c2)OCO3)n(S(=O)(=O)c2ccc(C)cc2)c1,,,398.48,random
CHEMBL3142263,CC(C)C[C@H](O)[C@H](O)[C@H](CC1CCCCC1)NC(=O)[C@H](Cc1ccccc1)NC(=O)[C@H](Cc1ccccc1)NC(=O)OC(C)(C)C,,,637.86,random
CHEMBL368740,Clc1cc(Cl)cc(/C=N/Oc2cc(Cl)cc(Cl)c2)c1,,,335.02,random
CHEMBL3678033,Cc1ccccc1[C@H](CC(=O)O)NC(=O)c1cncc(-c2ccc3c(c2)OCO3)c1,,,404.42,random
CHEMBL1511136,Cc1ccc(CN2CCNC(=O)C2CC(=O)NCc2csc(C(C)C)n2)cc1,,,400.55,random
CHEMBL1714293,CCCNC(=O)C(Cc1ccccc1C)NC(=O)c1ccc(C(F)(F)F)cc1,,,392.42,random
CHEMBL536439,O=C(c1ccccc1NN=C1C(=O)N(c2ccccc2)N=C1c1ccccc1)N1CCOCC1,,,453.5,random
CHEMBL210939,c1ccc2c(CNCCCCNCCCNCc3cccc4ccccc34)cccc2c1,,,425.62,random
CHEMBL321573,O=[N+]([O-])c1cc(-[n+]2cc([O-])on2)ccc1N1Cc2ccccc2C1,,,324.3,random
CHEMBL4084542,C[C@H](NC(=O)c1c(CN2CCC(N3CCCCC3)CC2)c(-c2cccc(C(F)(F)F)c2)nc2ccccc12)c1ccccc1,,,600.73,random
CHEMBL1994387,O=c1n(CCCCn2c(=O)n(CC3CS3)c3ccccc32)c2ccccc2n1CC1CS1,,,466.63,random
CHEMBL3769518,Cc1cc(C)nc(S[C@H](C)C(=O)Nc2ncc(Cc3cccc4ccccc34)s2)n1,,,434.59,random
CHEMBL561050,CCCCCCOc1ccc(C(=O)CCN(C)C)cc1I,,,403.3,random
CHEMBL1301701,O=C(NCCN1CCCCC1)/C(=C/c1ccco1)NC(=O)c1ccccc1,,,367.45,random
CHEMBL57048,Cc1ccc2nc3c(C(=O)NCCN(C)C)cccc3cc2c1,,,307.4,random
CHEMBL346651,Cc1cccc(Nc2ns/c(=N\C(S)=N\c3ccc(Cl)cc3)n2-c2cccc(C)c2)c1,,,466.04,random
CHEMBL4294569,Cc1csc(NC(=O)c2ccc(CNc3ccccc3Cl)cc2)n1,,,357.87,random
CHEMBL363887,O=C(CCl)Nc1nc2c(Cl)cccc2s1,,,261.13,random
CHEMBL1545072,COc1ccc(NC(=O)COC(=O)C23CC4CC(CC(Cl)(C4)C2)C3)c(OC)c1,,,407.89,random
CHEMBL1783245,CCCNC(=O)c1nnc2c(CC(C)C)cccc2c1N,,,286.38,random
CHEMBL418935,CCCC[C@H](NC(=O)OC(C(C)C)C(C)C)C(=O)C(=O)NCc1nccs1,,,397.54,random
CHEMBL87618,O=c1ccn(C2CC(O)CCC2O)c(=O)[nH]1,,,226.23,random
CHEMBL231979,CCN(CC)C(=O)/C(=C1/C(=O)Nc2ccc(S(N)(=O)=O)cc21)c1ccc[nH]1,,,388.45,random
CHEMBL1568001,CSc1ccccc1NC(=O)c1c(C)noc1C,,,262.33,random
CHEMBL3746463,COc1cc(F)c(-c2nc3c(NCC4CCNCC4)c(Cl)cnc3[nH]2)cc1OC,,,419.89,random
CHEMBL1312574,COc1ccc(N2C(S)=NC(=Nc3cccc(C)c3)C23CCCCC3)cc1,,,379.53,random
CHEMBL1353861,Cc1cc(C)c2cc(C#N)c(SCC(=O)Nc3ccc4c(c3)OCO4)nc2c1,,,391.45,random
CHEMBL215238,CC(C)C[C@H](N)c1cc(C(F)(F)F)ccc1N1CCN(C(=O)COc2ccc(O)cc2)CC1,,,465.52,random
CHEMBL3654868,C[C@@H](NC(=O)Nc1cc2[nH]nc(-c3ccc(-n4ccnn4)cc3)c2cn1)c1ccc(F)cc1,,,442.46,random
CHEMBL1481061,C=C1C(=O)[C@@]23[C@H](O)C[C@@H]4C(C)(C)CC[C@H](O)[C@]4(C)[C@@H]2C[C@H](O)[C@@H]1[C@H]3O,,,350.46,random
CHEMBL605525,C=C1[C@H](O)CC(=C/C=C2\CCC[C@]3(C)[C@@H]([C@@H](C)CCCC(C)(C)O)CC[C@@H]23)C[C@H]1O,DP001,2,416.65,random
CHEMBL1576561,CCOc1ccc2nc(-c3ccc(OC)c(OC)c3)cc(C(=O)O)c2c1,,,353.37,random
CHEMBL2332036,COc1ccnc(CNc2ccc3[nH]c(C)nc3c2)c1C,,,282.35,random
CHEMBL3264777,CC1(C)CC(NC(=O)c2ccc(Oc3ccccc3C#N)c(C#N)c2)CC(C)(C)N1,,,402.5,random
CHEMBL3339380,O=C(NCc1ccccc1)[C@H]1N[C@@]23CC[C@]1(O)C1Oc4c(O)ccc5c4C12CCN(CC1CC1)C3C5,,,487.6,random
CHEMBL4174628,Cc1nn(-c2ccccc2)c(=O)c2nocc12,,,227.22,random
CHEMBL1779266,Cc1nc2c3ccccc3nc(SCC(N)=O)n2n1,,,273.32,random
CHEMBL3114239,Cc1ccc(CN(C2CCCCC2)C2CCCCC2)cc1NC(=O)c1ccc(Nc2ncc(C)c(-c3ccc(OC(F)(F)F)cc3)n2)cc1,,,671.81,random
CHEMBL1595957,Cc1ccc(C)c(NC(=O)C(c2ccccc2)N2CCN(S(=O)(=O)c3ccccc3C#N)CC2)c1,,,488.61,random
CHEMBL308582,Cc1[nH]c2ncnc(Nc3cccc(F)c3)c2c1C,,,256.28,random
CHEMBL3823208,NS(=O)(=O)c1ccc(-n2nc(C(=O)N/N=C/c3c(Cl)c4ccccc4oc3=O)cc2-c2cccc(Cl)c2)cc1,,,582.43,random
CHEMBL1564229,c1ccc(CN2CCC(Nc3ncnc4sccc34)CC2)cc1,,,324.45,random
CHEMBL263738,Br.Br.CCCCCCCN=c1ccn(CCCCCCCn2ccc(=NCCCCCC)cc2)cc1,,,628.58,random
CHEMBL2146855,O=[N+]([O-])c1ccc(CCN2CCN(CCc3ccc(-c4cncnc4)cc3)CC2)cc1,,,417.51,random
CHEMBL471873,Cc1ccc(C(=O)/C=C/c2ccc(N)cc2)cc1,,,237.3,random
CHEMBL1714505,CN(C(=O)Cn1c(Cl)nc2c1c(=O)n(C)c(=O)n2C)C1CCS(=O)(=O)C1,,,403.85,random
CHEMBL90912,CC(C)CNC(=O)[C@@H](C)NC(=O)[C@@H](C)CC(=O)[C@H](CC(C)C)NC(=O)[C@@H](NC(=O)CC(C)C)C(C)C,,,510.72,random
CHEMBL2335875,COCCNC(=O)c1cccc(Nc2ncc3cc(-c4ccncc4)ccc3n2)c1,,,399.45,random
CHEMBL3188735,CNc1cc(-c2ccc(O)cc2C)ncn1,,,215.26,random
CHEMBL448977,CC1(C)SCN(C(=O)[C@@H](O)[C@H](Cc2ccccc2)NC(=O)COc2cccc(CO)c2)[C@@H]1C(=O)N[C@H]1c2ccccc2C[C@H]1O,,,633.77,random
CHEMBL2430043,Cc1cccc(/C=C/C(=O)c2ccccc2)c1,,,222.29,random
CHEMBL1413751,O=C1C(Cl)=C(N2CCN(C/C=C/c3ccccc3)CC2)C(=O)N1c1cccc(C(F)(F)F)c1,,,475.9,random
CHEMBL580088,O=C(NC1CCCCC1)c1csc(C2CCCN(C(=O)c3ccc(O)c(-c4cccc(C(F)(F)F)c4)c3)C2)n1,,,557.64,random
CHEMBL311167,CNN(c1nnc(-c2ccccc2Cl)s1)C(C)C,,,282.8,random
CHEMBL1344814,O=C(Nc1ccc(N2CCN(C(=O)c3ccco3)CC2)c(Cl)c1)c1c(F)c(F)c(F)c(F)c1F,,,499.82,random
CHEMBL442916,N=C(NCCC[C@H](N)C(=O)O)N1CCOCC1,,,244.29,random
CHEMBL1897558,O=C1CCN(Cc2ccccc2)C=C1C(=O)c1ccccc1,,,291.35,random
CHEMBL1819410,CCOC(=O)c1c(CN(C)Cc2ccccc2)nc2ccc(Cl)cc2c1-c1ccccc1,,,444.96,random
CHEMBL3114481,CC(C)(C)CCN1C(=O)C(CC(=O)N2CCC(N3Cc4ccccc4NC3=O)CC2)SC1c1ccccc1-c1ccncc1,,,611.81,random
CHEMBL1669624,O=C1c2ccc(-c3cccs3)nc2CCC1(CO)CO,,,289.36,random
CHEMBL93523,N#Cc1ccccc1C1CCN(CCCNC(=O)C2=C(C(F)(F)F)NC(=O)N[C@@H]2c2ccc(F)c(F)c2)CC1,,,547.53,random
CHEMBL26982,Oc1ccc2nc(O)c(O)nc2n1,,,179.14,random
CHEMBL1515689,NS(=O)(=O)c1ccc(CCNC(=O)c2nc(SCc3ccccc3F)ncc2Cl)cc1,,,480.97,random
CHEMBL3654623,CCOC(=O)C1CCN(Cc2ccccc2)CC1NC(=O)c1ccc2[nH]nc(-c3ccncc3)c2c1,,,483.57,random
CHEMBL1433738,CCOc1ccccc1NC(=O)CCc1c(C)nc2cc(-c3ccccc3)nn2c1C,,,414.51,random
CHEMBL509629,CN1CC2C3CC4CC(C3)CC2(C4)C1,,,191.32,random
CHEMBL2131397,C[C@H]1COc2cccc(N3CCN(Cc4ccccc4F)CC3)c2S(=O)(=O)N1,,,405.5,random
CHEMBL3278726,O=C(c1ccc(F)cc1)C(c1ccccc1)c1ccccn1,,,291.32,random
CHEMBL3883517,Cc1nc(OCCCCCN2CCN(c3ccccc3)CC2)c2ccccc2n1,,,390.53,random
CHEMBL508549,CCOC(=O)CN1C(=O)S/C(=C/c2coc3ccc(C)cc3c2=O)C1=O,,,373.39,random
CHEMBL1451273,Cc1nc(CSc2nsc(C)c2C#N)cs1,,,267.4,random
CHEMBL393018,COc1ccc(C(=O)Oc2cccc3cccnc23)cc1S(=O)(=O)N1CCOCC1,,,428.47,random
CHEMBL3557494,Cc1cnc(N2CCn3c(CN4CCOCC4)nnc3C2)nc1,,,315.38,random
CHEMBL4082813,N[C@@H](CCP(=O)(O)Cc1ccc(O)c([N+](=O)[O-])c1)C(=O)O,,,318.22,random
CHEMBL1551448,COc1ccc(NC(=O)CN(C)C(=O)c2cc(-c3ccco3)nc3ccccc23)cc1,,,415.45,random
CHEMBL3965530,CNc1nnc(-c2ccc3[nH]cc(-c4ccc5c(c4)OC(C)(C)C5)c3c2)s1,,,376.49,random
CHEMBL1916855,O=C(c1ccncc1)N1N=C(c2ccccc2O)C[C@H]1c1ccccc1O,,,359.39,random
CHEMBL1812701,Cc1c(C(=O)OC[C@H]2OC(=O)N[C@@H]2CN2CCN(c3ccccc3)CC2)cccc1[N+](=O)[O-],,,454.48,random
CHEMBL1222914,COc1ccc(Nc2nc(-c3cc(OC)c(OC)c(OC)c3)nc3ccccc23)cc1,,,417.47,random
CHEMBL1814261,CNc1ncc(-c2ccc(F)c(F)c2)[nH]1,,,209.2,random
CHEMBL1365943,COc1ccc(CN2CCN(C(C)C)C(CCO)C2)cc1Cn1cccn1,,,372.51,random
CHEMBL489709,O=C(/C=C/c1ccc2c(c1)nc(CCc1ccccc1)n2CCN1CCOCC1)NO,,,420.51,random
CHEMBL2071552,Cn1cc(/C=N/c2ccccc2)c2ccccc21,,,234.3,random
CHEMBL183135,CC(C)C(CCN1CCC(n2c(O)nc3ccccc32)CC1)Oc1ccccc1C(F)(F)F,,,461.53,random
CHEMBL3894872,O=C(O)N(Cc1ccccc1)CC1CN(C(=O)c2ccc3cc(Oc4ccc(C(F)(F)F)cn4)ccc3n2)CC1F,,,568.53,random
CHEMBL19339,COc1ccc2c(c1)C(N1CCN(C(=O)C3CC3)CC1)CC2,,,300.4,random
CHEMBL1527573,COc1ccc(C(=O)NCC(=O)OCCCOC(=O)CNC(=O)c2ccc(OC)c(OC)c2)cc1OC,,,518.52,random
CHEMBL3617792,O=C(O)c1cccc(-n2cc(-c3ccc([N+](=O)[O-])cc3)nn2)c1,,,310.27,random
CHEMBL1971570,CC(C)=CCSC1CC2C(CC1(C)O)C2(C)C,,,254.44,random
CHEMBL4284661,Cc1nc(Nc2ccc3ncccc3c2)c(C)c(C)c1O,,,279.34,random
CHEMBL363718,CN(C(=O)Cc1ccc2c(c1)CN(S(C)(=O)=O)C2)[C@H](CN1CCCC1)c1ccccc1,,,441.6,random
CHEMBL174163,Cc1c(C(=O)NN2CCCCC2)nc(-c2ccc(Cl)cc2Cl)n1-c1ccc(C(F)(F)F)cc1,,,497.35,random
CHEMBL2130655,COC(=O)c1cccc(CC2(C)C(=O)Nc3cc(-c4ccccc4Cl)ccc32)c1,,,405.88,random
CHEMBL4097259,Cc1ccc2ncnc(N[C@H]3CC[C@H](N(C)C)CC3)c2c1,,,284.41,random
CHEMBL3701794,CC(C)(C)OC(=O)N1CCC(CNS(=O)(=O)c2cccc(S(=O)(=O)Nc3ccc(C(F)(F)F)cc3)c2)CC1,,,577.65,random
CHEMBL264668,O=C1/C(=C/c2ccc(O)c(Br)c2)Cc2ccccc2/C1=C\c1ccc(O)c(Br)c1,,,512.2,random
CHEMBL329177,COc1ccc2c(Cc3ccccc3Cl)ccc(C(C)C(=O)O)c2c1,,,354.83,random
CHEMBL463821,c1ccc2c(c1)C1CCCCC1N2c1ncnc2[nH]ccc12,,,290.37,random
CHEMBL92723,C[S+]([O-])c1ccc(CSc2ncc(-c3ccc(F)cc3)c(-c3ccncc3)n2)cc1,,,435.55,random
CHEMBL3216558,CN1CCC(N2CCCCc3cc(NC(=N)c4cccs4)ccc32)C1.Cl.Cl,,,427.45,random
CHEMBL4064687,Cc1ccc2nc3c4ccccc4c(NCCCN(C)C)nn3c(=O)c2c1,,,361.45,random
CHEMBL549615,Nc1ncccc1C(=O)OCC(=O)Nc1ccccc1OC(F)F,,,337.28,random
CHEMBL1985155,CCCCCCCCCCCCN(CC(O)C(O)C(OC1OC(CO)C(O)C(O)C1O)C(O)CO)C(=O)CCCCCCCCCCC,,,693.96,random
CHEMBL1408276,Oc1ccc(-c2csc(Nc3ccccn3)n2)cc1O,,,285.33,random
CHEMBL4238121,N=C(N)c1ccc(CNC(=O)CNC(=O)[C@@H](COCc2ccccc2)NS(=O)(=O)Cc2ccccc2)cc1,,,537.64,random
CHEMBL2443332,COc1ccc(S(=O)(=O)n2ccc3ccnc(-c4ccco4)c32)cc1,,,354.39,random
CHEMBL93843,CN1C=C(C(=O)NCCCN2CCC(C#N)(c3ccc(F)cc3C#N)CC2)[C@@H](c2ccc(F)c(F)c2)N(C)C1=O,,,550.59,random
CHEMBL509975,O=C(Cc1ccc(Cl)c(Cl)c1)N[C@H]1CCOC1=O,,,288.13,random
CHEMBL3727765,Nc1ncc(-c2cc(N3CC(N4CCOCC4)C3)nc(C3CC3)n2)cc1OC(F)F,,,418.45,random
CHEMBL368120,CN1CCC2(CC1)CN(c1ccccc1[N+](=O)[O-])c1ccccc12,,,323.4,random
CHEMBL376176,O=C(O)c1cccc(/C=N/NC(=S)NC2CCCCCC2)c1,,,319.43,random
CHEMBL3617739,C[C@H](NC(=O)CCCCCC(=O)Nc1cccc(Nc2nccc(Nc3cc(C4CC4)[nH]n3)n2)c1)c1ccco1,,,542.64,random
CHEMBL3259977,CC(C)(C)c1ccc(C[S+]([O-])/C=C/c2ccc(O)c(O)c2)cc1,,,330.45,random
CHEMBL3770435,O=C(Cc1ccc(O)cc1)NCCCCCCCc1ccccc1,,,325.45,random
CHEMBL1714176,COc1ccc(C(C)(C)C)cc1S(=O)(=O)Nc1cccnc1,,,320.41,random
CHEMBL48010,CCCOC(=O)C1C(C(=O)O)[C@@H]2CC[C@H]1O2,,,228.24,random
CHEMBL3670059,O=C(Cc1cccc(Cn2cccn2)c1)Nc1nnc(CCCCc2nnc(NC(=O)Cc3cccc(Cn4cccn4)c3)s2)s1,,,652.81,random
CHEMBL4074153,CCOC(=O)C1=C(N)n2c(=O)ccc(=O)n2C1c1ccccc1O,,,329.31,random
CHEMBL4284608,Nc1oc2c(-c3ccnc(C(=O)Nc4ccccn4)c3)nccc2c1Nc1ccc(F)c(Cl)c1,,,474.88,random
CHEMBL1736899,COc1cc(-c2nn3c(-c4cc(-c5ccccc5)[nH]n4)nnc3s2)cc(OC)c1OC,,,434.48,random
CHEMBL65931,CCCCCc1nc2c(N)ncnc2n1CCCCC,,,275.4,random
CHEMBL1480675,CC(=C/C(=O)O)/C=C/c1ccc([N+](=O)[O-])cc1,,,233.22,random
CHEMBL309603,Cc1cccc(NC(=N)Nc2cccc(C)c2)c1,,,239.32,random
CHEMBL561044,CCc1ccccc1N1C(=O)/C(=C\c2cc(C)n(-c3cc(C(=O)O)cc(C(=O)O)c3)c2C)C(=O)NC1=S,,,517.56,random
CHEMBL2397287,Cc1sc2nc(-c3ccc(O)c(F)c3)[nH]c(=O)c2c1C,,,290.32,random
CHEMBL4291664,CCn1cc(-c2nc3cc(C)c(C)cc3[nH]2)c2cc(C(=O)c3cc(OC)c(OC)c(OC)c3)ccc21,,,483.57,random
CHEMBL3458705,CC(C)N1CC(C(=O)NC(C)(C)CNC(=O)OC(C)(C)C)CC1=O,,,341.45,random
CHEMBL1577251,CS(=O)(=O)N(CC(=O)Nc1ccc2c(c1)OCO2)Cc1ccccc1,,,362.41,random
CHEMBL3558237,CCCCCNC(=O)NCCCC/C=C\CCCCCCS(=O)(=O)O,,,376.56,random
CHEMBL4283744,Cc1ccc(CN2CCN(S(=O)(=O)c3ccccc3F)CC2)cc1,,,348.44,random
CHEMBL1399875,CC(C)CCn1cc[n+](-c2nc3ccccc3nc2[N-]S(=O)(=O)c2ccc(Cl)cc2)c1,,,455.97,random
CHEMBL4063628,CC(=O)O.CC(=O)O.CCN1CCC[C@H]1C(=O)NCc1ccc(C(=N)N)cc1,,,394.47,random
CHEMBL3247849,CCCCCCNC(=O)Nc1ccc(OCC(O)CNC(C)C)c(C(C)=O)c1,,,393.53,random
CHEMBL2392525,Cc1cccc(N2CCN(Cc3oc(CCl)cc(=O)c3O)CC2)c1C,,,362.86,random
CHEMBL3272644,Cc1cccc(C(=O)Oc2ccc([N+](=O)[O-])cc2[N+](=O)[O-])c1,,,302.24,random
CHEMBL1945979,COc1cc(C(=O)Nc2ccc(-c3ccccc3)cc2N)cc(O)c1O,,,350.37,random
CHEMBL3669013,CCOc1ccccc1C(=O)N1CCC[C@@H](Nc2ccc(Br)cn2)[C@H]1C,,,418.33,random
CHEMBL1597377,Cc1cc(C)n(CC(O)Cn2c3ccc(Cl)cc3c3cc(Cl)ccc32)c(=O)n1,,,416.31,random
CHEMBL3617889,Cc1c(CN2CCC(c3c[nH]c4ccccc34)CC2)c(=O)n(-c2ccccc2)n1C,,,400.53,random
CHEMBL1088633,COc1cc2c(cc1Cl)C(c1cccc(Cl)c1)=NCC2,,,306.19,random
CHEMBL3604885,Cc1ccc(-c2nc(N)ncc2-c2cc(F)c(O)c(F)c2)cc1,,,313.31,random
CHEMBL545885,COc1ccc(CNCc2ccccc2)cc1-c1ccc(S(=O)(=O)NCCN2CCCC2)cc1.O=C(O)C(F)(F)F,,,593.67,random
CHEMBL92883,N=C(N)c1ccc2[nH]c(-c3cc(Cl)cc(-c4ccccc4)c3O)cc2c1,,,361.83,random
CHEMBL1342645,Cc1cc2n(c1)CCn1c(C)ccc1-2,,,186.26,random
CHEMBL3670490,CN(C)CCOc1cccc(CNc2ncnc3c(C(N)=O)cccc23)c1,,,365.44,random
CHEMBL532255,N#Cc1ccc(N(CCOc2ccc(Cl)c(Cl)c2)Cc2ccccc2C(F)(F)F)cc1C(F)(F)F,,,533.3,random
CHEMBL1480497,N#Cc1nc(COc2cccc(Cl)c2)oc1N1CCN(c2ccccc2)CC1,,,394.86,random
CHEMBL2008821,Brc1ccc(N2C[N+](c3ccc(Br)cc3)=NC(c3ccccc3)=N2)cc1,,,471.18,random
CHEMBL1332407,CCCCCCCCNC(=O)C(CCC(=O)OCc1ccccc1)NC(C)=O,,,390.52,random
CHEMBL1257461,c1ccc(CN2CCc3sc(OCCCN4CCCCC4)nc3C2)cc1,,,371.55,random
CHEMBL1513434,COc1ccc(NS(=O)(=O)c2cc3c(cc2C)NC(=O)CO3)c(OC)c1,,,378.41,random
CHEMBL3272452,CC(COc1ccccc1)[N+]1(Cc2ccccc2)CC1.[O-][Cl+3]([O-])([O-])[O-],,,367.83,random
CHEMBL3554548,Cc1ccc(CN2CCC3(CC2)CN(C(=O)c2cnccn2)CCO3)o1,,,356.43,random
CHEMBL526068,CC(C)CNCc1cccc(-c2cccc(CN(CCCN3CCN(C)CC3)C(=O)CCC3CCCC3)c2)c1.O=C(O)C(F)(F)F,,,646.84,random
CHEMBL1206057,Cc1ccccc1C(=O)NCCCCCC(O)(P(=O)(O)O)P(=O)(O)O,,,395.29,random
CHEMBL1865891,CC(=O)Oc1ccccc1C1C[C@]2(C)CC(=O)NC2N1C(C)=O,,,316.36,random
CHEMBL260636,O=C1CC(c2cccc(-n3ccnc3)c2)=Nc2ccc(-c3ccccc3F)cc2N1,,,396.43,random
CHEMBL3314460,N#Cc1ccc(-c2nc(-c3ccc4[nH]c(=O)oc4c3)cs2)cc1,,,319.35,random
CHEMBL3114428,Cc1ccc(CN2CCN(C)CC2)cc1NC(=O)c1ccc(Nc2ncc(C)c(-c3ccc(OC(F)(F)F)cc3)n2)cc1,,,590.65,random
CHEMBL1580376,CCOc1ccc(CCNS(=O)(=O)c2ccc(-c3ccc(O)nn3)o2)cc1OCC,,,433.49,random
CHEMBL98445,O=C(O)C1CN(Cc2cccc(CP(=O)(O)O)c2)CCN1,,,314.28,random
CHEMBL3210183,Cc1nn(-c2ccccc2)cc1/C=N/NS(=O)(=O)c1ccccc1,,,340.41,random
CHEMBL1858079,c1ccc(-c2nc(CN3CCOCC3)co2)cc1,,,244.29,random
CHEMBL522007,CCCCCc1ccc(C#Cc2cn(C/C=C\CN3C(=O)c4ccccc4C3=O)c(=O)[nH]c2=O)cc1,,,481.55,random
CHEMBL1563469,O=C(O)C(F)(F)F.O=C1C(Cc2ccccc2)Nc2ncnc(N3CCc4ccccc4C3)c2N1Cc1ccc(Cl)cc1,,,610.04,random
CHEMBL1365549,COc1ccc(NC(=O)c2cc(S(=O)(=O)N3CCCC3)ccc2OC)cc1,,,390.46,random
CHEMBL3907689,COC1CCC2(CC1)Cc1ccc(CCC3CC3)cc1C21N=C(N)N(Cc2cccc(C#N)c2)C1=O,,,482.63,random
CHEMBL342674,OC(CSc1ncnc2c1ncn2-c1ccccc1)CN1CCN(C(c2ccc(F)cc2)c2ccc(F)cc2)CC1,,,572.69,random
CHEMBL1623986,Clc1cccc(CNCCCSc2ncccn2)c1,,,293.82,random
CHEMBL1742128,O=[As](O)(O)c1ccc([As](=O)(O)O)cc1,,,325.97,random
CHEMBL387968,Clc1ccc(-c2csc(N3N=C(c4cccs4)CC3c3cccnc3)n2)cc1,,,422.97,random
CHEMBL1945032,Cc1cccc2c(CCNCc3ccc(CCNC[C@H](O)c4ccc(O)c5[nH]c(=O)sc45)cc3)c[nH]c12,,,516.67,random
CHEMBL3670143,Cc1ncnc(N2CCOCC2)c1C#Cc1ccc(N)nc1,,,295.35,random
CHEMBL477590,CCN(CC)CCCCNc1cc(-n2c(Nc3c(C)cccc3Cl)nc3ccccc32)ncn1,,,478.04,random
CHEMBL2314712,N=C(N)NCC[C@@H](N)C(=O)NCCCCCCCCNCCCCNC(=O)[C@@H](NC(=O)Cc1ccc(O)cc1O)c1c[nH]c2ccccc12,,,679.87,random
CHEMBL1998984,O=C(N/N=C/c1ccc(Br)s1)c1ccccn1,,,310.18,random
CHEMBL1717792,CC1CCN(c2c([N+](=O)[O-])c(=O)n(-c3ccccc3)c3ccccc23)CC1,,,363.42,random
CHEMBL235276,CCCCCCc1ccc(NC(=O)/C=C/c2ccccc2)cc1,,,307.44,random
CHEMBL117224,O=C(O)CCc1cc(CCNS(=O)(=O)C2CCCCC2)cc(Cc2cccnc2)c1,,,430.57,random
CHEMBL3287861,O=C(O)C[C@H]1CC[C@H](c2ccc(-c3ccc4c(n3)OCCN4C(=O)Nc3ccccc3)cc2)CC1,,,471.56,random
CHEMBL1718674,COc1ccc(NC(=O)C2CCN(C(=O)Cc3ccccc3)CC2)c(OC)c1,,,382.46,random
CHEMBL1375644,CCOC(=O)CNc1cccc(C(F)(F)F)c1,,,247.22,random
CHEMBL3897273,CC(Nc1cc(NC2CC2)n2ncc(/C=C3\NC(=O)NC3=O)c2n1)c1ccc2c(c1)OCO2,,,447.46,random
CHEMBL2018460,O=C(Cc1cnc[nH]1)N[C@@H](COCc1ccccc1)C(=O)Nc1ccc(Oc2ccccc2)cc1,,,470.53,random
CHEMBL1452746,O=C(CCOc1ccccc1)Nc1ccccc1[N+](=O)[O-],,,286.29,random
CHEMBL1368028,CCCCCC(C)N.O=S(=O)(O)O,"TUAMINOHEPTANE SULFATE",,213.3,random
CHEMBL249438,CCOC(=O)C1=C(c2ccccc2)c2ccc(OCCC34CC5CC(CC(C5)C3)C4)cc2/C1=[N+](/C)[O-],,,485.62,random
CHEMBL1194154,N#Cc1ccc(C2(C(=O)OCCN3CCC(c4ccccc4)CC3)CCCC2)cc1,,,402.54,random
CHEMBL127998,Fc1ccccc1Cn1ccc2c(NC3CC3)ncnc21,,,282.32,random
CHEMBL609719,C[N+]1(C)CCO[C@@](O)(c2ccc([N+](=O)[O-])cc2)C1.[Cl-],,,288.73,random
CHEMBL351369,Cc1cc[n+]([O-])cc1Oc1ccccc1,,,201.22,random
CHEMBL1888239,O=C(Nc1ccccc1)c1cc(S(=O)(=O)Nc2cccnc2)ccc1Cl,,,387.85,random
CHEMBL79550,CC(C)NCCCCNCCCCNCCCCNC(C)C,,,314.56,random
CHEMBL3456455,Cc1ncccc1C(=O)NCC(C)Oc1ccc(F)cc1,,,288.32,random
CHEMBL3823934,O=[N+]([O-])c1ccc(-c2nc3ccccc3n3cccc23)cc1,,,289.29,random
CHEMBL605133,CCc1cc(C2(c3cccc(-c4cccnc4F)c3)N=C(N)N(C)C2=O)cc(CC)n1,,,417.49,random
CHEMBL3651493,N#Cc1nc2c(c(N3CC[C@H](S(=O)(=O)c4ccccc4C(F)(F)F)C3)n1)CCC2,,,422.43,random
CHEMBL3940331,CCN(CC)CCCNC(=O)c1cccc(Nc2ncc(Br)c(Nc3cc(C4CC4)n[nH]3)n2)c1,,,527.47,random
CHEMBL1302150,O=C(NNc1c(Cl)cncc1Cl)c1cccs1,,,288.16,random
CHEMBL368257,COc1ccc2c(CCN(C)CCCN3CCc4cc(OC)c(OC)cc4CC3=O)coc2c1,,,466.58,random
CHEMBL38480,Cc1oc(-c2ccc3ccccc3c2)nc1CCOc1ccc(CC2OC(=O)NC2=O)cc1,,,442.47,random
CHEMBL3644009,CN(Cc1cccc(-c2cnc(N3CCC(O)CC3)nc2)c1)C(=O)CN,,,355.44,random
CHEMBL2380796,C=C1C(=O)O[C@@H]2C[C@@H](C)C(=O)C/C=C(\C)CC[C@@H]12,ARGOLIDE,,248.32,random
CHEMBL1492648,CS(=O)(=O)c1nc(-c2ccccc2)cc(C(F)(F)F)n1,,,302.28,random
CHEMBL1933274,CCCCCCCCCCCC(=O)c1cc(CC(=O)O)n(C)c1,,,321.46,random
CHEMBL2049230,CCn1c2c(c3ccccc31)C(=O)c1c[n+]([O-])c3ccccc3c1C2=O,,,342.35,random
CHEMBL3947160,COc1cccc(CN2C(=O)c3ccccc3C2(O)c2ccc3c(c2)NC(=O)CO3)c1OC,,,446.46,random
CHEMBL1412405,O=C(CNC(=O)c1ccc(Cl)cc1Cl)OC(C(=O)Nc1cc(C(F)(F)F)ccc1Cl)c1ccccc1,,,559.76,random
CHEMBL2135349,CCN1C(=O)C2(C(C#N)=C(N)Oc3[nH]nc(-c4ccccc4)c32)c2ccccc21,,,383.41,random
CHEMBL3441972,O=c1cc(CN2CCCC2)nc2n1CCCN(CC1CCOCC1)C2,,,346.48,random
CHEMBL1185973,CCCCCCCN=c1ccn(CCCCCCCCn2ccc(=NCCCCCCC)cc2)cc1,,,494.81,random
CHEMBL3703992,c1cc2ncc(N3CCOCC3)cc2cc1Sc1nnc2ccc(-c3cn[nH]c3)cn12,,,429.51,random
CHEMBL2297748,O=C(c1cc2ccccc2[nH]1)N1CC(=O)N(CCN2CCCC2)C(=O)C1,,,354.41,random
CHEMBL2408349,O=C(Nc1cc(-c2nc3ncccc3o2)ccn1)c1ccco1,,,306.28,random
CHEMBL376378,O=C1C2C3OC(C(c4ccc(O)cc4)=C3c3ccc(O)cc3)C2C(=O)N1c1ccccc1,,,425.44,random
CHEMBL2324567,Cc1ccc(-c2cc(C(=O)O)c3cnn(Cc4ccncc4)c3n2)s1,,,350.4,random
CHEMBL3947984,O=C1CCCC(c2c(F)cccc2F)N1Cc1ccc(OC(F)(F)F)cc1,,,385.33,random
CHEMBL2361173,CCOC(O)=C(c1nc2ccccc2[nH]1)n1c(-c2cccnc2)nc2ccccc21,,,397.44,random
CHEMBL4098812,O=C(Cc1ccccc1)N(CCO)Cc1coc2cccc(OCC3CCCCC3)c2c1=O,,,449.55,random
CHEMBL3464583,N#CCCN(Cc1cccnc1)C(=O)c1cccc(-n2cnnn2)c1,,,333.36,random
CHEMBL3342417,Cc1nn(C)c(O)c1C(=O)c1ccc2nc(C)n(-c3cccc(Cl)c3)c(=O)c2c1,,,408.85,random
CHEMBL236541,CCN1CCC(n2cc(S(=O)(=O)c3cccc(Cl)c3)c3cccnc32)C1,,,389.91,random
CHEMBL1466610,Cc1cc(C(=O)N2CCc3c([nH]c4ccccc34)C2c2c(F)cccc2Cl)no1,,,409.85,random
CHEMBL125704,Nc1nc(N)c2nc(CCc3ccc(C(=O)NC(CCC(=O)O)C(=O)O)cn3)cnc2n1,,,440.42,random
CHEMBL3481411,c1nc(CCNc2nc(C3CC3)nc3c2CCNCC3)c[nH]1,,,298.39,random
CHEMBL3718799,CCn1ncc2cc(-c3cc(=O)n4ncc(-c5c(C)cnn5C)c4[nH]3)ccc21,,,373.42,random
CHEMBL3359036,Nc1nc(=O)n(C2CCCS2)cc1C#CCNS(=O)(=O)C1CC1,,,354.46,random
CHEMBL1333523,COc1ccc(-c2c([C@H]3[C@@H]4C=CCC[C@@]4(C)C(=O)N3Cc3ccccc3)ccc3ccccc23)cc1OC,,,503.64,random
CHEMBL3675310,O=c1cc(-c2ccc(C(F)(F)F)nc2)ccn1-c1ccc2c3c([nH]c2c1)CC1CCCN1C3,,,450.46,random
CHEMBL487470,Cc1ccccc1C(=O)OCC1(CO)C/C(=C/c2ccc([N+](=O)[O-])cc2)C(=O)O1,,,397.38,random
CHEMBL1339400,O=C(NCCc1ccc2c(c1)OCCO2)c1ccc(F)cc1,,,301.32,random
CHEMBL3318738,O=C(N/N=C/c1cc(O)c(O)c(O)c1)c1ccc(C(=O)N/N=C/c2cc(O)c(O)c(O)c2)cc1,,,466.41,random
CHEMBL12307,CC/C=C(\NC(=O)CC(C)C)C(=O)O,,,199.25,random
CHEMBL3977807,Cc1cc(C(=O)N[C@@]23CC(F)(F)[C@@H](C)[C@H](/C=C/c4ccc(-c5ccccc5C#N)cn4)[C@@H]2[C@@H](C)OC3=O)no1,,,532.55,random
CHEMBL3736302,Cc1noc(-c2nc(C)c3c(c2N)C(=O)N(Cc2ccc(C(F)(F)F)cc2)C3=O)n1,,,417.35,random
CHEMBL519925,CC1CN(c2nc3ccccc3n2C2CCN(C3(C)CCCCCCC3)CC2)CC(C)N1,,,437.68,random
CHEMBL1802770,Cc1[nH]c2ccccc2c1-c1ccnc(Nc2ccccc2Cl)n1,,,334.81,random
CHEMBL3692168,COc1cc(OCC(C)C)ccc1-c1nccc2cc(S(=O)(=O)Nc3ccncn3)ccc12,,,464.55,random
CHEMBL1699881,COc1ccc(/C=C2\SC(=O)N(CCCC(=O)Nc3cc(Cl)ccc3C(=O)O)C2=O)cc1,,,474.92,random
CHEMBL319895,CCCC1(CCC)CCC2(CCN(CCCN3CCOCC3)C2)CC1,,,350.59,random
CHEMBL3972186,C[C@@H](O)CNC(=O)c1ccc(NC(=O)N2Cc3ccccc3C2)cc1,,,339.4,random
CHEMBL3092387,O=C1CCc2cc(Br)ccc21,,,211.06,random
CHEMBL1991320,CC(=O)c1ccc(-c2oc(-c3ccccc3)cc2-c2ccc3c(c2)OCO3)s1,,,388.44,random
CHEMBL364987,CCN(Cc1ccc(Cl)cc1)c1cc(C)nc2c(-c3cnc(N(C)C)cc3C)c(C)nn12,,,449,random
CHEMBL3476395,N#Cc1ccc(C(=O)N2CCCC3(C=Cc4ccccc4O3)CC2)cn1,,,345.4,random
CHEMBL1864595,Cc1ccc(-c2nc3ccccc3o2)cc1NC(=O)COc1ccccc1C,,,372.42,random
CHEMBL2132823,Cc1cc(-c2ccnc(-n3ncc(C(=O)NC(C)(C)CO)c3C3CC3)n2)c(C)s1,,,411.53,random
CHEMBL3675315,Cn1c2c(c3ccc(-n4ccc(OCc5ccc(F)cc5F)cc4=O)nc31)C1CCCN1CC2,,,462.5,random
CHEMBL1449836,c1ccc(CSc2nnc(-c3ccco3)c(-c3ccco3)n2)cc1,,,335.39,random
CHEMBL1376140,Cc1cccc(N2C(=O)CC(=O)NC2=O)c1,,,218.21,random
CHEMBL3814997,CCN(CC)[c+]1sc2c(s1)C(c1ccccc1)Oc1ccc(Cl)cc1-2.F[B-](F)(F)F,,,475.77,random
CHEMBL4078103,Clc1ccc(Cn2c3cccc4cccc(c43)n3cnnc23)c(Cl)c1,,,367.24,random
CHEMBL1977807,COC(C[C@H]1CCCC[C@]1(O)/C(=C\CO[Si](C(C)C)(C(C)C)C(C)C)Sc1ccccc1)OC,,,508.84,random
CHEMBL4092787,Cc1ccoc1C(=O)N1CCCn2nc(C(=O)Nc3cncnc3)cc2C1,,,366.38,random
CHEMBL50776,NS(=O)(=O)c1ccc(C(=O)NCCC(=O)N[C@@H](Cc2c[nH]cn2)C(=O)O)cc1,,,409.42,random
CHEMBL175245,O=C(O)c1c(=O)c2cc(F)c(N3CCSCC3)c3c2n2c(csc12)CO3,,,392.43,random
CHEMBL609296,CC1(C)CC(=O)C2=C(C1)NC(c1cccnc1)=NC2c1ccccc1,,,331.42,random
CHEMBL1684946,COc1ccc([C@@H](C)NC(=O)Cc2ccc(C3CC3)cc2)nc1,,,310.4,random
CHEMBL2333725,CCCCCCCCCCCCOc1ccc(OC[C@H]2O[C@@H]3OC(C)(C)O[C@@H]3[C@H]3OCO[C@H]32)cc1,,,492.65,random
CHEMBL4291306,CCOc1ccc(-n2c(N/N=C3\C(=O)Nc4ccccc43)nc3ccccc3c2=O)cc1,,,425.45,random
CHEMBL1567880,CC1(C)[C@@H](O)C[C@H]2[C@](C)(O)[C@@H]3CC[C@H]4[C@@H](O)[C@@]3(C[C@@H](O)[C@@]21O)C[C@@]4(C)O,,,370.49,random
CHEMBL3455855,CSc1ccc(NC(=O)Cn2cc(NC(C)=O)cn2)cc1,,,304.38,random
CHEMBL1355012,Cc1cccc(OCC(=O)NNC(=O)c2ccc3[nH]cnc3c2)c1,,,324.34,random
CHEMBL4217205,c1ccc(CNc2ccc3nsnc3c2)cc1,,,241.32,random
CHEMBL1701764,Cc1c(CCO)c(=O)[nH]n1S(=O)(=O)c1ccc(Cl)cc1Cl,,,351.21,random
CHEMBL206557,COc1cccc2cc(C(=O)Nc3cc(Br)ccc3N3CCNCC3)c(=O)oc12.O=C(O)C(F)(F)F,,,572.33,random
CHEMBL302515,COc1nsnc1C1=CC(C)CN(C)C1,,,225.32,random
CHEMBL1575533,Cc1ccc(S(=O)(=O)c2c(N)n(NC(=O)C3CC3)c3nc4ccccc4nc23)cc1,,,421.48,random
CHEMBL565148,C=C1CC[C@H]2[C@H]3[C@H](CC[C@]2(C)NC=O)[C@@H](C)C[C@H](C=C(C)C)[C@H]13,,,315.5,random
CHEMBL1576474,CC(C)OCC1CC(CC(=O)Nc2ccc([N+](=O)[O-])cc2)C(=O)O1,,,336.34,random
CHEMBL3819291,O=C(CN1C(=O)Cc2c([nH]c3ccc(Br)cc23)-c2ccc(Cl)cc21)NCc1ccc(O)cc1,,,524.8,random
CHEMBL575690,O=C1c2ccccc2C(=O)N1CC(=O)N1c2ccccc2Sc2ccc(C(F)(F)F)cc21,,,454.43,random
CHEMBL364697,COC(=O)/C=C/c1cccc(N(Cc2ccc(/C=C/C(=O)NC(C)(C)C)cc2)C(=O)C2CCCCC2)c1,,,502.66,random
CHEMBL1592763,O=C(CN1CCN(Cc2ccccc2Cl)C1=O)NCc1ccccc1Cl,,,392.29,random
CHEMBL3822603,Nc1ncnc2c1nc(NCc1ccc(F)cc1)n2[C@@H]1O[C@H](CO)[C@@H](O)[C@H]1O,,,390.38,random
CHEMBL365613,NS(=O)(=O)N1CCN(C2CN(CC[C@]3(c4ccc(Cl)c(Cl)c4)CCC(=O)N(CC4CC4)C3)C2)CC1,,,544.55,random
CHEMBL3360988,CCCC1c2ccccc2C=NN1C(=O)/C=C/c1cc(Cc2cnc(N)nc2N)cc(OC(=O)c2ccc(OC(F)(F)F)cc2)c1OC,,,660.65,random
CHEMBL1862411,c1ccc(Oc2ccc(NCc3coc(-c4cccc5ccccc45)n3)cc2)cc1,,,392.46,random
CHEMBL1714576,CC(=O)c1sc(NC(=O)CS(=O)(=O)c2ccc(F)cc2)nc1C,,,356.4,random
CHEMBL1398437,COC(=O)C1=C(c2ccc(OC)c(OC)c2)C[C@@H]2CC[C@H]1N2C(=O)NCC1CC1,,,400.48,random
CHEMBL175194,CNC(=O)N(O)C(C)C#Cc1cc(-c2ccc(Cl)cc2)n(-c2ccc(OC)cc2)n1,,,424.89,random
CHEMBL3358073,COC(=O)[C@]1(C)CCC[C@@]2(C)[C@H]1CC[C@H]1[C@@H](C)C3=CC(=O)OC3=C[C@@H]12,,,344.45,random
CHEMBL538301,Cl.OC(CCCCN1Cc2c(n(-c3ccc(F)cc3)c3ccc(F)cc23)C1)c1ccc(F)cc1,,,486.97,random
CHEMBL2028894,O=C(CCNC(=O)[C@H](Cc1c[nH]cn1)NC(=O)CCNC(=O)NS(=O)(=O)c1ccc(F)cc1)N[C@@H](Cc1c[nH]cn1)C(=O)O,,,635.64,random
CHEMBL1478255,Cc1c(C(=O)NCc2cccs2)oc2ccccc12,,,271.34,random
CHEMBL1973986,CCOC(=O)C(=Cc1[nH]c2ccccc2c1-c1c[nH]c2ccccc12)C(=O)OCC,,,402.45,random
CHEMBL169703,CN1c2ccccc2C(c2ccccc2F)=NCC1CNC(=O)c1ccsc1,TIFLUADOM,2,393.49,random
CHEMBL1375931,Cc1c(C(=O)Nc2ccc3c(c2)OCO3)oc2ccccc12,,,295.29,random
CHEMBL2234700,COc1ccc(OC)c(C2CC(c3ccncc3)=NN2)c1,,,283.33,random
CHEMBL38881,O=C(NC(Cc1ccccc1)c1ccncc1)C(c1ccccc1)c1ccccc1,,,392.5,random
CHEMBL545688,CCCCN1CCC2=C(Cc3ccccc32)C1.Cl,,,263.81,random
CHEMBL201242,Cc1ccc(NC(=O)N2C[C@H](C)N(c3ccc(C#N)c(C(F)(F)F)c3)C[C@H]2C)cn1,,,417.44,random
CHEMBL3616720,Cc1cc(C)cc(OC(C)C(=O)Nc2ccc(OCC(=O)O)c(F)c2)c1,,,361.37,random
CHEMBL1347815,C=CCn1c(P(C)(=O)[O-])nc2ccccc21.[K+],,,274.3,random
CHEMBL3696441,CC(C)[C@H](CO)NCc1nc(-c2cc(C(F)(F)F)ccc2F)ccc1F,,,374.35,random
CHEMBL2178365,CN1CCN(c2ccc(Nc3ncc4nc(Nc5cccc(Cl)c5)n(C5CCCC5)c4n3)cc2)CC1,,,503.05,random
CHEMBL4228286,Cc1cc(C)nc(SCC(=O)Nc2ncc(Cc3cccc(OCc4cn(Cc5ccccc5)nn4)c3)s2)n1,,,557.71,random
CHEMBL1522019,Cc1ccc(O)c(-c2cc(C(=O)NC3CCS(=O)(=O)C3)[nH]n2)c1,,,335.39,random
CHEMBL63524,C=CCN(C)C/C=C/COc1ccc(C(=O)c2ccc(Br)cc2)cc1,,,400.32,random
CHEMBL2287363,COC(=O)c1nc(C)c(C)nc1C(=O)Nc1cc(Cl)ccc1Cl,,,354.19,random
CHEMBL3956441,COc1ccc2ncn(CCn3cc(NC(=O)c4ncoc4-c4cccc(C)c4)cn3)c2c1,,,442.48,random
CHEMBL1461688,Cc1cccc(COc2[nH]cnc3ncnc2-3)c1,,,240.27,random
CHEMBL3261553,COc1ccccc1N1C(=O)CSC1c1ccccc1,,,285.37,random
CHEMBL1350384,O=Cc1ccc(N2Cc3ccccc3C2)cc1,,,223.28,random
CHEMBL1380793,Cc1ccc(NC(=O)c2cc3cc(OC(F)(F)F)ccc3[nH]2)cc1,,,334.3,random
CHEMBL1993451,Cc1ccc(/C=C2\N=C(N3CCCC(CO)C3)NC2=O)cc1,,,299.37,random
CHEMBL1370692,CCOC(=O)C1CCN(CCC(=O)Nc2ccc(C)c(C)c2)CC1,,,332.44,random
CHEMBL1306135,COc1cc(C(=O)N(Cc2ccccc2)c2cccc(C)c2)ccc1OC(F)F,,,397.42,random
CHEMBL4077339,O=C(CNCCCN1CCOCC1)Nc1ccc(Cl)cc1,,,311.81,random
CHEMBL1947242,COc1cccc2c1C[C@@H]1[C@H](/C=C/c3ccccc3)c3c(OC)cccc3O[C@]1(c1ccccc1)O2,,,476.57,random
CHEMBL604179,C=CC(C)Oc1cccc2c1-c1cccc3c1[C@@H](C2)N(CCC)CC3,,,333.48,random
CHEMBL3104929,COc1cc(C(c2c(O)c3cc(F)ccc3oc2=O)c2c(N)n(C)c(=O)n(C)c2=O)cc(OC)c1O,,,499.45,random
CHEMBL3654498,COc1cccc(F)c1CN1CCC[C@@H](NC(=O)c2ccc3[nH]nc(-c4ccc(C(C)=O)cc4)c3c2)C1,,,500.57,random
CHEMBL34108,COc1cc(OC)c(CC(C)N)c(OC)c1,,,225.29,random
CHEMBL3247329,C[C@H](NC(=O)c1ccccc1)C(=O)OCC#N,,,232.24,random
CHEMBL441551,CCOCC(=O)CCCCCCCNC(=O)c1cc(OC)c(OC)c(OC)c1,,,395.5,random
CHEMBL2361347,COC(=O)c1ccc2cc(F)cc(C)c2n1,,,219.22,random
CHEMBL1630092,CC(C)C[C@H](NC(=O)CC(NC(=O)Cc1cccc2c1CCCC2)c1cccc(F)c1)B(O)O,,,468.38,random
CHEMBL1347825,Cn1c(=O)[nH]c(=O)c2[nH]c(CN3CCN(C(=O)c4ccco4)CC3)nc21,,,358.36,random
CHEMBL1364609,CCCCCn1c(CN2CCN(Cc3ccccc3)CC2)nc2c1c(=O)n(C)c(=O)n2C,,,438.58,random
CHEMBL113269,CCC(C)[C@@H](CN(CC(=O)N[C@@H](CCSC)C(=O)O)Cc1ccccc1)NC(=O)CSc1nc[nH]n1,,,536.72,random
CHEMBL3303155,COc1ccc(C2(O)CN3CCCCC3CO2)cc1OC,,,293.36,random
CHEMBL354352,Fc1ccc2[nH]cc(/C=C/c3ccncc3)c2c1,,,238.26,random
CHEMBL375488,CCc1cc(CN2CC(C(=O)O)C2)ccc1OCc1cc(-c2ccccc2)c(C(F)(F)F)s1,,,475.53,random
CHEMBL322195,CCCCOc1c(O)ccc2c1C13CCN(CC4CC4)C(C2)[C@]1(OC)CCC(=O)C3,,,413.56,random
CHEMBL3192280,COCC/N=C1/Sc2nc3ccc(C)cc3cc2CN1Cc1ccco1,,,367.47,random
CHEMBL1476561,Cc1ccc(S(=O)(=O)Nc2ccc(-c3ccc(N4CCCCCC4)nn3)cc2)c(C)c1,,,436.58,random
CHEMBL1950375,COc1ccc(OC)c(/C=C/C(=O)c2ccc(N)c(-c3ccc(F)cc3)c2)c1,,,377.42,random
CHEMBL376924,CCOCC(O)COc1c(C(C)(C)C)ccc(SC(C)(C)Sc2cc(C(C)(C)C)c(O)c(C(C)(C)C)c2)c1C(C)(C)C,,,618.99,random
CHEMBL3728504,CC(F)(F)CCC1(O)CCN(C(=O)c2ccc(NS(=O)(=O)c3cccc4nccnc34)cc2)CC1,,,504.56,random
CHEMBL3415526,CCn1cc(-c2ccccc2)c(C(N)=O)c1C,,,228.29,random
CHEMBL2142098,COc1ccc2c(c1)nc(-c1cccc(Br)c1)c(=O)n2C(c1ccccn1)c1nc2ccccc2[nH]1,,,538.41,random
CHEMBL2425980,CN1CCN(CN2C(=O)[C@@]3(c4ccccc42)N(C)C[C@@H](c2ccc(F)cc2)[C@@]32CCC/C(=C\c3ccc(F)cc3)C2=O)CC1,,,596.72,random
CHEMBL2012534,COc1cccc(Nc2[nH]c3c(Cl)c(Cl)ccc3c(=O)c2C(C)=O)c1,,,377.23,random
CHEMBL1709813,CC1CCCCN1C(=O)c1ccc(CS(=O)(=O)Cc2ccccc2)cc1,,,371.5,random
CHEMBL3489059,CCc1nc(C2CCCN(C(=O)c3cccnc3O)C2)no1,,,302.33,random
CHEMBL2440482,O=C1N(Cc2ccc(Cl)cc2Cl)c2cccn2S(=O)(=O)N1Cc1cccc(Cl)c1,,,470.76,random
CHEMBL4117001,CC1(C)N=C(N)N=C(N)N1OCCOc1ccc(/C=C/C(=O)c2ccccc2)cc1,,,407.47,random
CHEMBL1589598,CNC(C(=O)c1ccccc1)C(OC)c1ccc(C)cc1.[O-][Cl+3]([O-])([O-])O,,,383.83,random
CHEMBL174181,COc1cc2nc3c(c4c2c(c1OC)NCC4)CCc1ccccc1-3,,,332.4,random
CHEMBL543814,CCc1cc(C)c2c(c1O)C(N)C(c1ccccc1)C2.Cl,,,303.83,random
CHEMBL289733,CCCC(C(=O)O)c1cc(C(=O)c2cccs2)ccc1O,,,304.37,random
CHEMBL386282,O=C1OC(c2cc(Cl)c(O)c(Cl)c2)(c2cc(Cl)c(O)c(Cl)c2)c2cccc3cccc1c23,,,506.17,random
CHEMBL423917,O=C(Cc1ccccc1)NC1CCN(Cc2cccc(C(F)(F)F)c2)CC1,,,376.42,random
CHEMBL207114,COc1ccc(OCc2cc(C)nc3sc(C(N)=O)c(N)c23)cc1,,,343.41,random
CHEMBL3209206,COC(=O)c1sccc1N/N=C/c1cccc(Oc2ccccc2)c1,,,352.42,random
CHEMBL1878358,Cc1cc(C)c(C#N)c(SCCN2CCOCC2)n1,,,277.39,random
CHEMBL4169387,CCC(CC)O[C@@H]1C=C(C(=O)NCc2ccc(-c3ccccc3)cc2)C[C@H](N)[C@H]1NC(C)=O,,,449.6,random
CHEMBL2088305,COc1cccc(OCc2nc3c(c(=O)n(C)c(=O)n3C)n2C)c1,,,330.34,random
CHEMBL407540,CC(NC(=O)OCc1ccccc1)P(=O)(O)CC(CCc1ccccc1)C(=O)NC(Cc1c[nH]c2ccccc12)C(N)=O,,,604.64,random
CHEMBL1870111,COc1cccc(N(C(=O)c2ccco2)C(C(=O)NC2CCCC2)c2ccc(N3CCOCC3)cc2)c1,,,503.6,random
CHEMBL3555546,Cc1ccc(C(=O)N2Cc3c(CN4CCCCC4)nn(C)c3C2)o1,,,328.42,random
CHEMBL3732084,O[C@H]1CCN(CC2CCN(c3ncnc4scc(-c5ccccc5)c34)CC2)C1,,,394.54,random
CHEMBL2316500,COc1cc2c3c(c1O)-c1ccccc1C[C@H]3N(C)CC2,,,281.36,random
CHEMBL3660327,O=Cc1cc(Cl)cc(C=O)c1O,,,184.58,random
CHEMBL3986473,O=C(C1CCS(=O)(=O)CC1)N1CCN(c2ncccn2)CC1c1cccc(F)c1F,,,436.48,random
CHEMBL3657787,C1=C(CNCc2cnc(Oc3ccc4c(c3)CCC(c3ccccc3)O4)s2)N2CCCN=C2S1,,,490.65,random
CHEMBL368643,CCCn1cc2c(nc(NC(=O)NC(C)C)n3nc(-c4ccco4)nc23)n1,,,368.4,random
CHEMBL288737,COc1ccccc1Cc1c(N)[nH]c2c(O)nc(N)nc12,,,285.31,random
CHEMBL1704014,Fc1ccccc1CSc1ncnc2c1ncn2C1CCCCO1,,,344.42,random
CHEMBL2024406,CCOC(=O)N1C2CCC1CC(N1CC(NC(=O)c3ccccc3)C1)C2,,,357.45,random
CHEMBL3116057,C[C@H](Nc1ncc(Cl)c(Nc2cn(C)cn2)n1)c1ncc(F)cn1,,,348.77,random
CHEMBL3134237,O=C(O)CCc1ccc(CCNC(=O)c2cccc(Cl)c2)cc1,,,331.8,random
CHEMBL242739,O=c1c(-c2ccc(O)cc2)coc2c(O)c(O)ccc12,,,270.24,random
CHEMBL1993458,NC(=O)NC(=O)C1CCCCC1C(=O)O,,,214.22,random
CHEMBL1418815,COc1cccc(CNC(=O)C(CC(C)C)NC(=O)c2ccccc2C)c1,,,368.48,random
CHEMBL1468632,O=C(NCC1CCN(S(=O)(=O)c2ccccc2)CC1)Nc1ccccc1,,,373.48,random
CHEMBL1963192,O=C(CCc1ccccc1)c1cc(F)ccc1O,,,244.26,random
CHEMBL1609299,CCOc1ccnc(OCC)c1Br,,,246.1,random
CHEMBL1341577,Cc1ccc(CN=C(S)NC2CCCCC2)cc1,,,262.42,random
CHEMBL442523,C=C1C(=O)c2ccccc2OC1c1ccc(Br)cc1,,,315.17,random
CHEMBL1314040,Nc1nonc1C(=Nc1ccc(Br)cc1)NO,,,298.1,random
CHEMBL489406,CN(C)CCNc1c2ccccc2[n+](C)c2c1[nH]c1ccccc12.[I-],,,446.34,random
CHEMBL1076461,COc1cccc(CN(C(=O)C2=C(c3ccc(CCCOc4c(F)ccc(F)c4Cl)cc3)C[C@H]3COC[C@H]2N3)C2CC2)c1C,,,623.14,random
CHEMBL3975628,Cc1nc2c(N)cc(N3CCOCC3)nn2c1Cc1cccc(C(F)(F)F)c1C,,,405.42,random
CHEMBL1259127,COc1ccc2c(c1C)NC(=O)[C@]2(c1ccc(O)cc1)C1CCCCCC1,,,365.47,random
CHEMBL1481875,O=C(NCC1CCCO1)c1ccc[nH]1,,,194.23,random
CHEMBL504567,O=c1ncccn1[C@@H]1O[C@H](CO)[C@@H](O)[C@H]1O,ZEBULARINE,,228.2,random
CHEMBL2028512,O=C([O-])c1cc(=O)c2cc(C(=O)c3cccs3)c(Cl)c(Cl)c2o1.[Na+],,,391.16,random
CHEMBL4204271,COc1cc2c(cc1OC)/C(=C1/Nc3ccccc3C1=O)C(=O)N2,,,322.32,random
CHEMBL1727818,O=C1NC(Cc2ccccc2)c2nc3ccc(Cl)cc3c(=O)n2-c2ccccc21,,,401.85,random
CHEMBL1548434,O=C(NCC1COc2ccccc2O1)c1cnc2ccc(S(=O)(=O)N3CCOCC3)cc2c1O,,,485.52,random
CHEMBL1813326,COc1cccc(N(CCCCCCCCCCN(CCNC(C)=O)c2cccc(OC)c2)CCNC(C)=O)c1,,,554.78,random
CHEMBL3470571,COc1cc(N2C[C@@H]3COC[C@@H](Cc4nc(C)no4)[C@@H]3C2)ncn1,,,331.38,random
CHEMBL507457,COc1c(Br)ccc(Cc2n[nH]c(=O)n2C)c1F,,,316.13,random
CHEMBL513231,COc1ccc(-c2cccc(-c3cccc4c(=O)cc(N5CCOCC5)oc34)c2)cc1,,,413.47,random
CHEMBL479536,CCOC(=O)[C@H](Oc1ccc(NC(=O)C2CC=NN2C(=O)C[C@H](N)Cc2cc(F)c(F)cc2F)cc1)C(C)C.Cl,,,585.02,random
CHEMBL1203608,COc1ccc(OC)c2c1C[C@H](NCC(c1ccccc1)c1ccccc1)[C@@H](O)C2.Cl,,,439.98,random
CHEMBL1590192,Cc1cc(C)cc(OCC(=O)OCC(=O)N2CCc3ccccc32)c1,,,339.39,random
CHEMBL3759553,CCCCCCCCCCNCCN,,,200.37,random
CHEMBL1983639,Cc1cn2c(/C=C3/C(=O)Nc4ccccc43)c(-c3ccccc3)nc2s1,,,357.44,random
CHEMBL377384,O=C(Nc1ccc(Oc2ccccc2)cc1)c1ccc2c[nH]nc2c1O,,,345.36,random
CHEMBL1460460,COc1ccccc1-n1c(S)nnc1-c1ccccc1,,,283.36,random
CHEMBL1305148,O=C(c1ccc(S(=O)(=O)N2CCOCC2)cc1)N1CCc2ccccc21,,,372.45,random
CHEMBL3392481,CC1(Cn2ccnn2)[C@H](C(=O)O)N2C(=O)C[C@H]2S1(=O)=O,,,300.3,random
CHEMBL2260821,Cc1c(CCCl)c(Cl)n2c(nc3ccc(C(=O)O)cc32)c1C#N,,,348.19,random
CHEMBL3928959,Cc1ncc(C(CNC(=O)c2c(Cl)cccc2Cl)N2CCC(F)CC2)cn1,,,411.31,random
CHEMBL3681688,Cc1cc(-c2cnn(CCO)c2)c2c(c1)C(O)(C(F)(F)F)c1ccccc1-2,,,374.36,random
CHEMBL3415708,CC(C(N)=O)n1c(-c2ccccc2)cc2c1CCCC2,,,268.36,random
CHEMBL3972168,C=CC(=O)N1CC[C@@H](Oc2cc3c(Nc4ccc(F)c(Cl)c4F)ncnc3cc2OC)C[C@@H]1C(=O)OC,,,532.93,random
CHEMBL543468,CCc1ccc(CNCCCNCCCCCCCCNCCCNCc2ccc(CC)cc2)cc1.Cl.Cl.Cl.Cl,,,640.66,random
CHEMBL3484315,COc1ccccc1C1CCN(C(=O)CN2C(=O)OC(C)(C)C2=O)CC1,,,360.41,random
CHEMBL1406251,O=C(Nc1ccc(N2CCN(C(=O)c3cccs3)CC2)cc1)c1ccc([N+](=O)[O-])o1,,,426.45,random
CHEMBL546587,CC(C)CNCc1cccc(-c2cccc(CNCCCN3CCN(C)CC3)c2)c1,,,408.63,random
CHEMBL3187472,C=CC(=O)OCC1CCCO1,,,156.18,random
CHEMBL1290148,CCCCN/C=C1/C=C(/C=C/C(=O)c2ccccc2)c2c(ccc3c(C)cc(=O)oc23)C1=O,,,439.51,random
CHEMBL3645812,CCc1ncnc(-c2ccc(C(=O)NCC3(C)COC3)c(C)c2)c1C#Cc1ccc(N)nc1,,,441.54,random
CHEMBL260170,O=C(NCCCl)Nc1cccc(C(=O)O)c1,,,242.66,random
CHEMBL3606087,CO[C@]1(C(=O)O)C[C@H](O)[C@@H](NC(C)=O)[C@H]([C@H](O)[C@H](O)CNC(=O)C(=O)NC(C)(C)C)O1,,,449.46,random
CHEMBL3643171,CCc1ncnc(-c2ccc(C(=O)NC3CCCN(C)C3)c(F)c2)c1C#Cc1ccc(N)nc1,,,458.54,random
CHEMBL42863,CN1CCCC1COc1ccc(-c2cccc(N)n2)c2ccccc12,,,333.44,random
CHEMBL1778288,O=c1cc(CNCc2ccc(O)cc2)oc2ccc(O)c(O)c12,,,313.31,random
CHEMBL334576,Cc1cc(C)c2c(c1)C1=NCCN1C2(O)c1ccc(Cl)cc1,,,312.8,random
CHEMBL4085230,CCOc1ccc(C(=O)Nc2ccc(I)cn2)cc1[N+](=O)[O-],,,413.17,random
CHEMBL1242897,CN(C)c1ccc(C2CC(c3cc4ccccc4o3)=NN2C(=O)c2ccncc2)cc1,,,410.48,random
CHEMBL3342312,O=C(Nc1ccc(F)cc1)c1ccc(SCc2ccccc2-c2nn[nH]n2)nc1,,,406.45,random
CHEMBL3500350,O=C(O)C(F)(F)F.O=C(c1ncccn1)N1CCC[C@]2(C[C@@H](Oc3ncccc3F)CO2)C1,,,472.4,random
CHEMBL199541,Cc1ccccc1CNc1nc(Cl)nc2c1ncn2[C@@H]1S[C@H](C(=O)NCC2CC2)[C@@H](O)[C@H]1O,,,489,random
CHEMBL408484,C[C@@H](O[C@H]1[C@H](c2ccccc2)CN(C(=O)OC(C)(C)C)[C@H]1CO)c1cc(C(F)(F)F)cc(C(F)(F)F)c1,,,533.51,random
CHEMBL1169674,CCCCCCCCCCCCCCCCCCC(=O)O,"NONADECANOIC ACID",,298.51,random
CHEMBL1499250,CC(C)(C)c1cc(NCCCn2ccnc2)n2ncc(-c3ccccc3)c2n1,,,374.49,random
CHEMBL1530688,Cn1c(=O)c2c(nc(SCC(=O)N3CCCCCC3)n2C)n(C)c1=O,,,365.46,random
CHEMBL3545604,Nc1ncc(-c2ccc(NC(=O)c3cccc(Cl)c3Cl)cc2)[nH]1,,,347.21,random
CHEMBL493374,COC[C@@H]1CCCN1S(=O)(=O)c1ccc2c(c1)C(=O)C(=O)N2CCC1CO1,,,394.45,random
CHEMBL4173106,Cc1ccc(-c2ccc(N[C@H]3CC[C@H](O)CC3)c(C(N)=O)c2)c(C)c1,,,338.45,random
CHEMBL1306069,Cc1ccc(CN2CCN(C(=O)CCN3C(=O)c4ccccc4C3=O)CC2)cc1,,,391.47,random
CHEMBL308420,C=C(CCC12CCC(C(=O)O)(O1)C(O)(C(=O)O)C(C(=O)O)O2)[C@@H](OC(C)=O)[C@H](C)Cc1ccccc1,,,506.5,random
CHEMBL376993,COc1cc(SC)ccc1C(=O)Nc1nnc(CCc2ccccc2)s1,,,385.51,random
CHEMBL2030731,O=P(O)(O)C(F)(F)CCCCn1cc(Cn2cnc3c(O)ncnc32)nn1,,,403.29,random
CHEMBL3896451,Cc1nc(-n2nnc3c2CCC(C(=O)c2cccc(C(F)(F)F)c2Cl)C3C)ncc1F,,,453.83,random
CHEMBL4092957,C#CC(C)OC1=C(Cl)C(=O)c2cccnc2C1=O,,,261.66,random
CHEMBL282343,CCOC(=O)CN(CC(=O)OCC)c1ccc(C(=O)OCC)cc1,,,337.37,random
CHEMBL37432,C=CCC1=C[C@]2(OC)[C@H](C)[C@@H](c3ccc4c(c3)OCO4)O[C@]2(OC)CC1=O,,,372.42,random
CHEMBL1605301,O=C(CSc1nnc(COc2ccccc2)n1Cc1ccco1)Nc1ccc2c(c1)OCCO2,,,478.53,random
CHEMBL3947073,O=[N+]([O-])c1ccccc1CN(c1sc2ccccc2c1Br)S(=O)(=O)c1ccccc1,,,503.4,random
CHEMBL242969,O=C(O)[C@H](Cc1c[nH]c2ccccc12)N1C(=O)/C(=C/c2ccc(Br)cc2)SC1=S,,,487.4,random
CHEMBL1974645,COc1ccc(/C=C/c2cnnc3ccccc23)cc1OC,,,292.34,random
CHEMBL1554628,CO[C@H]1COC(=O)[C@H]2CCCN2C(=O)[C@@H](C)COC(=O)C/C=C\[C@@H]1C,,,353.42,random
CHEMBL3751881,C[C@H]1C[C@@H]2[C@H](CC[C@]3(C)C(=O)CC[C@@H]23)[C@@]2(C)CCCC=C12,,,286.46,random
CHEMBL1082215,NCCCC[C@H](NC(=O)[C@H](CC(N)=O)NC(=O)CS)C(N)=O,,,333.41,random
CHEMBL1527638,O=C(C(Cc1ccccc1)N1C(=O)C2C3C=CC(C3)C2C1=O)N1CCCCCC1,,,392.5,random
CHEMBL4098066,CCc1nc2c(N3CCOCC3)ncnc2n1Cc1ccc(-c2ccccc2)cc1,,,399.5,random
CHEMBL3785896,O=C(CN1C(=O)NC(c2ccccc2)(c2ccccc2)C1=O)Nc1ccccc1,,,385.42,random
CHEMBL388004,CCCCCCCOCCNC(=O)NC12CC3CC(CC(C3)C1)C2,,,336.52,random
CHEMBL3969775,CN(C)CCN(C)C(=O)c1ncccc1-c1ccc2c3[nH]ncc3c(=O)n(CC(F)(F)F)c2c1,,,472.47,random
CHEMBL183384,N=C(N)c1ccc2scc(C(Cc3ccccc3)C(=O)Nc3ccc(-n4cnc5ccccc54)cc3)c2c1.O=C(O)C(F)(F)F,,,629.66,random
CHEMBL1812613,COc1ccc(OC)c(NC2=CC(=O)c3cnc4c(c3C2=O)C(=O)CCC4)c1,,,378.38,random
CHEMBL3954837,COc1ccccc1-c1c[nH]c2ncnc(N3CCC(F)CC3)c12,,,326.38,random
CHEMBL3497593,Cc1nc(O)cc(C2(C)CCCNC2)n1.Cl,,,243.74,random
CHEMBL2079510,COc1ccc(C[n+]2cccc(CCCCCCCCCCCCCI)c2)cc1,,,508.51,random
CHEMBL3462110,CSc1ccc(NC(=O)NCC(O)C2CC2)cc1F,,,284.36,random
CHEMBL1986850,Cn1c(=O)c2c(nc3n(CCCCl)c(=O)ccn23)n(C)c1=O,,,323.74,random
CHEMBL199223,Cc1c(O)nc(SCc2ccc3c(c2)C(=O)c2ccccc2C3=O)nc1Cc1c(Cl)cccc1Cl,,,521.43,random
CHEMBL3545157,O=c1sn(-c2cccc3ccccc23)c(=O)n1Cc1ccccc1,TIDEGLUSIB,2,334.4,random
CHEMBL423431,Cc1cc(OCc2ccc(C(=O)O)cc2)cc(C)c1C[C@H](N)C(=O)N[C@H](C)C(=O)NCCCc1ccccc1,,,531.65,random
CHEMBL2230014,Cc1ccc(SSc2n[nH]c(-c3cccnc3)n2)cc1,,,300.41,random
CHEMBL254528,O=C1c2ccc(O)cc2OC1(O)Cc1ccc(O)cc1,,,272.26,random
CHEMBL2098024,FC(F)(F)c1ccccc1C1CCN(Cc2[nH]nc3ccccc23)CC1.O=C(O)C(F)(F)F,,,473.42,random
CHEMBL1739686,O=S(=O)(c1cccc2ccccc12)c1n[nH]c2cc(NC3CCNCC3)ccc12,,,406.51,random
CHEMBL53783,CCCCC(=O)NCCCCc1ccc(OC)cc1,,,263.38,random
CHEMBL3594130,Cc1ccccc1C1NC(=O)c2ccccc2N1,,,238.29,random
CHEMBL464235,C[C@H](NC(=O)C(=O)Nc1c(F)cccc1F)C(=O)N[C@@H](CC(=O)O)C(=O)COc1c(F)c(F)cc(F)c1F,,,549.38,random
CHEMBL3133182,O=C(Nc1cccc(F)c1)c1cc([N+](=O)[O-])cc([N+](=O)[O-])c1,,,305.22,random
CHEMBL3752464,COc1cc(/C=C/c2ccc3c(c2)[C@@H](c2cc(OC)cc(OC)c2)[C@H](c2ccc(O)cc2)O3)cc(OC)c1,,,510.59,random
CHEMBL1734015,NNC(=O)c1cccc(COCC(F)(F)C(F)F)c1,,,280.22,random
CHEMBL3192022,O=C(N/N=C/c1ccco1)c1cc(-c2cccc(Br)c2)nc2ccccc12,,,420.27,random
CHEMBL1172075,O=C(c1ccc(Oc2ccc(Cl)c(Cl)c2)cn1)N1CCCN(C2CC2)CC1,,,406.31,random
CHEMBL3459657,COC(=O)N1CCC(NC(=O)Cn2cc(C)c3ccccc32)CC1,,,329.4,random
CHEMBL1883166,Cc1ccccc1Cn1c(C)c(C(=O)NCc2ccc(Cl)c(Cl)c2)sc1=O,,,421.35,random
CHEMBL404300,Cc1ccc(C[n+]2csc(CCCO)c2C)c(N)n1,,,278.4,random
CHEMBL2114238,CCN1CCC[C@@H]1CNC(=O)c1cc(S(N)(=O)=O)cc2c1O[C@@H](C)C2,,,367.47,random
CHEMBL3617960,CC(C)=CCC/C(C)=C/Cc1cc(C(=O)/C=C/c2ccc(O)cc2)c(O)c(CC=C(C)C)c1O,,,460.61,random
CHEMBL1631167,CCCCNC(=O)c1nn(-c2ccc(Cl)cc2Cl)c(-n2c(C)ccc2C)c1C,,,419.36,random
CHEMBL3658814,Cc1cc(-c2n[nH]c3cc(NC(=O)NCCOC(C)C)ncc23)ccn1,,,354.41,random
CHEMBL587120,Cc1cccc(Nc2nc(N[C@@H]3CCCNC3)nc3cc[nH]c(=O)c23)c1.O=C(O)C(F)(F)F,,,464.45,random
CHEMBL3466417,O=C(NCCCc1nc(=O)[nH][nH]1)c1ccc(Cl)cn1,,,281.7,random
CHEMBL2070563,N#Cc1ccccc1-c1ccc(C=C2C(=O)NC(=S)NC2=O)o1,,,323.33,random
CHEMBL35656,COc1ccc(N(CC(=O)O)C(=O)[C@H](CCCCN)OP(=O)(O)CCCCc2ccccc2)cc1,,,506.54,random
CHEMBL214008,Cc1ccccc1C(=O)N(C)CCc1c[nH]c2ccccc12,,,292.38,random
CHEMBL1704332,CCN(CC)C(=O)[C@H]1CC(CC(=O)NCc2ccco2)C(=O)N2CCc3c([nH]c4ccc(OC)cc34)[C@]12C,,,520.63,random
CHEMBL1607417,Cc1ccc(S(=O)(=O)c2nc(-c3cccs3)oc2SCc2ccc(F)cc2)cc1,,,445.56,random
CHEMBL3246750,O=C(Sc1cccnc1C(=O)O)c1cccc(C(F)(F)F)c1,,,327.28,random
CHEMBL1612510,CC1CCCCC1NC(=O)c1ccc(-n2cncn2)c([N+](=O)[O-])c1,,,329.36,random
CHEMBL3650113,CCCCn1nc(C(C)(C)C)s/c1=N/C(=O)c1cc(C(F)(F)F)ccc1O/N=C(\CC)C(=O)ON,,,515.56,random
CHEMBL1198377,Cc1cc(C)[n+](C)n1CC(O)Cn1c2ccccc2c2ccccc21,,,334.44,random
CHEMBL1337947,O=C(/C=C/c1ccccc1)Oc1cccc2cccnc12,,,275.31,random
CHEMBL3972427,O=C(NCC(F)(F)F)c1ccccc1Sc1ccc2c(/C=C/c3ccccn3)n[nH]c2c1,,,454.48,random
CHEMBL4101780,Fc1ccc(C(OCCN2CCN(c3ccc(Cl)c(Cl)c3)CC2)c2ccc(F)cc2)cc1,,,477.38,random
CHEMBL3920788,CC(=O)N1CCN(c2ccc(CN(C3CCC3)S(=O)(=O)Cc3ccc(F)cc3F)c(F)c2)CC1,,,495.57,random
CHEMBL1921849,CC1(C)CN(Cc2ccc(Oc3ccc(C(N)=O)cn3)cc2)C1c1ccccc1,,,387.48,random
CHEMBL236129,O=C(N[C@@H](CCCCCS)C(=O)NC1CCCC1)OCc1ccccc1,,,378.54,random
CHEMBL2135961,C[C@@H]1CN([C@@H](C)CO)C(=O)c2cccc(NC(=O)c3ccncc3)c2O[C@H]1CN(C)Cc1ccc(-c2ccccc2)cc1,,,578.71,random
CHEMBL48021,O=C(c1ccc(OCCN2CCCCC2)cc1)c1c(-c2ccc(O)c(F)c2)sc2cc(O)ccc12,,,491.58,random
CHEMBL4225960,CC(C)CNC(=O)[C@H](Cc1c[nH]c2ccccc12)NC(=O)/C=C/c1ccc(C(=O)NO)cc1,,,448.52,random
CHEMBL1256346,CCCCC#Cc1c(C)[nH]c2ccc(F)cc2c1=O,,,257.31,random
CHEMBL503024,Cc1sc(N)c(C(=O)c2cccs2)c1C,,,237.35,random
CHEMBL4108314,COC(=O)Nc1ccc2c(c1)NC(=O)[C@H](C)CCC[C@H](N1CCC(c3cccc(Cl)n3)=CC1=O)c1cc-2ccn1,,,560.05,random
CHEMBL431867,COC1(Cc2ccccc2)CCN([C@@H](C)[C@@H](O)c2ccc(O)cc2)CC1,,,355.48,random
CHEMBL1689637,CCCCCCCCO[C@H]1O[C@H](CO)[C@@H](O)[C@H](O)[C@@H]1O,,,292.37,random
CHEMBL1524875,CC(Cc1ccsc1)NC(=O)CCc1nnc(CCc2ccccc2)o1,,,369.49,random
CHEMBL488991,CCO[C@@H](Cc1cccc(/C(C)=N/OCc2ccc(O)cc2)c1)C(=O)O,,,357.41,random
CHEMBL1405713,O=C(c1cc2ccccc2o1)N1CCN=C1SCc1cccc(F)c1,,,354.41,random
CHEMBL1203242,Cl.N=C(N)c1ccc2[nH]c(-c3ccc(-c4ccc(-c5ccc(-c6nc7cc(C(=N)N)ccc7[nH]6)cc5)o4)cc3)nc2c1,,,573.06,random
CHEMBL1393036,O=C(NC12CC3CC(CC(C3)C1)C2)c1cc([N+](=O)[O-])ccc1N1CCOCC1,,,385.46,random
CHEMBL1288649,Cc1ccc(CCNC(=O)Nc2ccc(F)cc2)cc1,,,272.32,random
CHEMBL1472471,CCOC(=O)c1sc2nc(C)nc(Nc3ccccc3)c2c1C.Cl,,,363.87,random
CHEMBL2144149,O=S1(=O)CCC(SCc2nc3sccn3c2Br)C1,,,367.32,random
CHEMBL216996,CCC[C@H](NC(=O)[C@H](NC(=O)[C@@H](Cc1ccc(O)cc1)NCCOc1ccccc1/C=C/CNC(C)=O)C(C)C)C(N)=O,,,595.74,random
CHEMBL599493,Cc1ccc(-c2cc(C(=O)OCC(=O)c3cccc([N+](=O)[O-])c3)c3cc(C)ccc3n2)cc1,,,440.46,random
CHEMBL541000,Cn1cc(C(=O)Cl)cc1/C=C/C(=O)NO,,,228.63,random
CHEMBL295091,O=C1CC2CCCC(Sc3ccccc3)(C1)C2,,,246.38,random
CHEMBL2358338,O=C1O[C@@H](c2ccccc2)C[C@@H](O)[C@H](O)CCCc2ccccc21,,,326.39,random
CHEMBL1442105,COc1ccccc1CCN1C(S)=NC(C)(C)CC1(C)O,,,308.45,random
CHEMBL3701861,CCOC(=O)N1CCC(N2CCC2C(=O)N2C[C@H](Sc3ccccc3OC)C[C@H]2C(=O)NC2(C#N)CC2)CC1,,,555.7,random
CHEMBL1946177,COc1cc(CC2CCCCC2O)c(Br)c(Br)c1OC,,,408.13,random
CHEMBL1834197,CN(C)C(=O)N[C@H]1CC[C@@H](C(=O)N(C)c2ccc(-c3nc4ccccc4o3)cc2)C1,,,406.49,random
CHEMBL1612592,CCCCC(CC)C(=O)Nc1ccc(S(=O)(=O)Nc2nccs2)cc1,,,381.52,random
CHEMBL1782394,CCN1CC[C@@]2(OC)OC(N)=C(C#N)[C@@H](c3ccc(OC)cc3)[C@@H]2C1,,,343.43,random
CHEMBL46535,COc1ccccc1N1CCN(CCN2C(=O)C3CCCN3C2=O)CC1,,,358.44,random
CHEMBL268196,COc1ccc2c3c1OC1[C@H](O)[C@](CO)(CCCCc4ccccc4)CC4C(C2)N(C)CCC341,,,463.62,random
CHEMBL386510,Cc1ccc(S(=O)(=O)OCCOc2ccc(CN3C(=O)C(=O)c4cc(S(=O)(=O)N5CCC[C@H]5COc5ccccc5)ccc43)cc2)cc1,,,690.8,random
CHEMBL3454826,C=C(C)CN(CC)C(=O)c1cc(F)ccc1NS(C)(=O)=O,,,314.38,random
CHEMBL3991108,OCCCNc1nc(Nc2ccccc2)nc(Nc2ccccc2)n1,,,336.4,random
CHEMBL3191098,Cc1cccn2c(=O)c3cc(C#N)/c(=N\C(=O)c4ccncc4)n(CCCOC(C)C)c3nc12,,,456.51,random
CHEMBL1836903,CN(CC(C)(O)c1ccccc1)S(=O)(=O)c1ccc(O)cc1,,,321.4,random
CHEMBL3693941,N[C@H]1CCN(C(=O)CN(CC(=O)NCc2cc(C(F)(F)F)cc(C(F)(F)F)c2)c2cccc(Oc3ccccc3)c2)C1,,,594.56,random
CHEMBL1488210,CC(C)C(=O)N1CCN(c2ccccc2NC(=O)Cc2ccc(Cl)cc2)CC1,,,399.92,random
CHEMBL1898935,CCOc1ccccc1C(=O)NCC(=O)Nc1ccc2c(c1)OCO2,,,342.35,random
CHEMBL3968835,Cc1ccc(N(C(=O)NC[C@H]2CC[C@H](COCC(=O)O)CC2)c2ccc(C)cc2)cc1,,,424.54,random
CHEMBL1956614,CC(=O)Oc1ccc(-c2ccc(/C=C/C(=O)O)cc2)cc1C12CC3CC(CC(C3)C1)C2,,,416.52,random
CHEMBL4130288,CC1(C)c2cccc(C(=O)NO)c2CN1c1nc2cc(C(F)(F)F)ccc2o1,,,391.35,random
CHEMBL3764293,N[C@@H](CCC(=O)OCc1ccccc1)C(=O)NCCCCCCCCCCCCNC(=O)[C@@H](N)CCC(=O)OCc1ccccc1,,,638.85,random
CHEMBL1495613,COc1cc(OC)c(N(C)C(=O)c2sc3nc4n(c(=O)c3c2C)CCCC4)cc1Cl,,,447.94,random
CHEMBL56180,CC[C@H](C)C(=O)O[C@@H]1CCC=C2C=C[C@@H](C)[C@@H](COC(=O)CCCC(=O)O)[C@@H]21,,,392.49,random
CHEMBL1224262,COc1cccc([C@@H](C)NCc2cccc(-c3ccccc3OC)c2)c1,,,347.46,random
CHEMBL1523151,COc1ccc(Nc2sc(C(=O)c3ccccc3)c(N)c2C(=O)Nc2cc(C)ccc2C)c(OC)c1,,,501.61,random
CHEMBL3990665,CC(C)COc1cc2cnc(Nc3ccc(N4CCNCC4)cc3)nc2n(C2CCCC2)c1=O,,,462.6,random
CHEMBL3633694,CCS(=O)(=O)c1ccc(OC)c(Nc2cn(-c3ccc(O)c(-c4cccnc4)c3)nn2)c1,,,451.51,random
CHEMBL3110300,CN(CCc1c[nH]c2ccccc12)Cc1cc(=O)c2c(OCc3ccc(Br)cc3)cccc2o1.Cl,,,553.88,random
CHEMBL1439949,CCOC(=O)N1CCN(c2c(N3CCN(c4cccc(C(F)(F)F)c4)CC3)c(=O)c2=O)CC1,,,466.46,random
CHEMBL1950349,CC1CCN(C(=O)c2ccc3c(c2)c2c(n3S(C)(=O)=O)CCN(C3CCOCC3)C2)CC1,,,459.61,random
CHEMBL3393483,CCOC(=O)c1[nH]cc2c1NC1=C(C(=O)CCC1)C2c1ccc(Sc2nc3c(N)cccc3[nH]2)o1,,,489.56,random
CHEMBL486378,Cn1c2ccccc2c(=O)c2c(O)cc3c(c21)CC(C(C)(O)CCl)O3,ISOGRAVACRIDONECHLORINE,,359.81,random
CHEMBL1527072,CC(C)OC(=O)c1c(NC(=O)COc2cccc(Br)c2)sc2c1CCCC2,,,452.37,random
CHEMBL3468340,Cc1ccc(OCc2nnc(SCC3CCCN(C)C3)o2)cc1,,,333.46,random
CHEMBL2004065,O=C(Nc1ccc(Cl)cc1Cl)C1C(=O)OC2(CCCCC2)OC1=O,,,372.2,random
CHEMBL419150,Cc1ccccc1[C@H]1CC[C@H]2CCCCN21,,,215.34,random
CHEMBL1881999,Cc1nc(Cl)c(S(N)(=O)=O)c(C)c1Cl,,,255.13,random
CHEMBL1606913,Cc1cc(C)c(NC(=O)CSc2nc3cc(Cl)c[nH]c-3n2)c(C)c1,,,360.87,random
CHEMBL528030,CCOc1ccc(NC(C)=O)c(O)c1,,,195.22,random
CHEMBL450304,Cn1c([N+](=O)[O-])cnc1/C=C/c1ccccc1I,,,355.13,random
CHEMBL1319522,C=C(C)Cn1c(N2CCN(c3ccc(OC)cc3)CC2)nc2c1c(=O)n(C)c(=O)n2C,,,424.51,random
CHEMBL1915486,CN1CC(c2ccc(-c3ccccc3)cc2)Sc2ccccc21,,,317.46,random
CHEMBL3262720,Cc1cc(OCc2ccc(I)cc2)c2c(c1)C(=O)c1cccc(OCc3ccc(I)cc3)c1C2=O,,,686.28,random
CHEMBL356094,COC(=O)[C@H]1[C@@H](C)CCCN1C(=O)[C@H](Cc1cccc(C(=N)N)c1)NS(=O)(=O)c1ccc2ccccc2c1,,,536.65,random
CHEMBL4094306,CC1(C)C=Cc2cc(CN(C3CCC3)S(=O)(=O)c3ccc(OC(F)(F)F)cc3)ccc2O1,,,467.51,random
CHEMBL1364317,COC(=O)c1cc(NC(=O)c2ccoc2C)cc(C(=O)OC)c1,,,317.3,random
CHEMBL489636,Cc1ccc(NC(=S)Nc2ccc(S(=O)(=O)Nc3cc(C)on3)cc2)cc1,,,402.5,random
CHEMBL1907499,CCN1C[C@@H]2[C@@H]3C(=O)N(Cc4ccccc4)C(=O)[C@@H]3[C@](C)(C(=O)OC)N2/C1=N/C,,,398.46,random
CHEMBL373119,Oc1ccc([C@@H]2N=CN[C@@H]2c2ccc(OCCN3CCCCC3)cc2)cc1,,,365.48,random
CHEMBL2031753,O=C1c2ccc(-c3ccc(F)c(F)c3)cc2CCN1CCN1CCCC1,,,356.42,random
CHEMBL3672905,Cc1cnc2cc(C(=O)N3CCc4ncsc4CC3)nn2c1,,,313.39,random
CHEMBL309537,O=C(O)[C@@H]1CCCN1CCCS,,,189.28,random
CHEMBL1204657,CON(C)C(=O)/C=C1/C(=O)N2C(C(=O)O)=C(COC(C)=O)CS[C@H]12,,,356.36,random
CHEMBL390141,Cc1nn(-c2ccccc2)c2nc(-c3ccc(C#N)cc3)cc(C(=O)N/N=C\c3ccc(O)cc3)c12,,,472.51,random
CHEMBL1398060,CC1CCN(c2ccc3c(c2)S(=O)(=O)c2cccc(C(=O)NCc4ccc(F)cc4)c2C3=O)CC1,,,492.57,random
CHEMBL4205859,NC(=O)c1sc(N2CCOCC2)cc1CCCc1ccccc1,,,330.45,random
CHEMBL208099,O=C(N[C@H](C(=O)N1CCCCC1)c1ccccc1)C1CCN(C(=O)c2ccccc2-c2ccc(C(F)(F)F)cc2)CC1,,,577.65,random
CHEMBL2048030,CS(=O)(=O)c1cc(C[C@H](NC(=O)c2c(Cl)cc3c(c2Cl)CCN(C(=O)c2ccc4ccoc4c2)C3)C(=O)O)ccc1Cl,,,649.94,random
CHEMBL3890143,C[N+](C)(C)NC(=O)c1ccccc1Nc1ccc2c(/C=C/c3ccccn3)n[nH]c2c1,,,413.51,random
CHEMBL1807657,Cc1ncc([N+](=O)[O-])n1CC(C)OC(=O)/C=C/c1ccc(-c2ccccc2)cc1,,,391.43,random
CHEMBL211164,COc1ccccc1N1CCN(Cc2cn3cc(Br)ccc3n2)CC1,,,401.31,random
CHEMBL47866,NC1C(OCc2ccc3c(c2O)C(=O)c2c(O)cccc2C3=O)OC(O)C(O)C1O,,,417.37,random
CHEMBL1507769,CCOC(=O)C(C(=O)OCC)C1CCS(=O)(=O)C1,,,278.33,random
CHEMBL592597,Cc1ccc(NC2=NC(=O)CC(C(=O)Nc3ccc(C(C)C)cc3)S2)cc1C,,,395.53,random
CHEMBL171861,O=C(N1CCCCC1)C(F)(F)C(F)(F)C(F)(F)C(F)(F)C(F)(F)C(F)(F)C(F)(F)F,,,481.2,random
CHEMBL1558730,O=C(Nc1cccnc1)c1ccc(Cl)cc1[N+](=O)[O-],,,277.67,random
CHEMBL3356902,COc1cncc(-c2ccc3nc(NC(=O)NCCOc4ccccc4)sc3c2)c1,,,420.49,random
CHEMBL3892617,CN(c1cccc(CO)c1)c1nc(Nc2cc(N3CCOCC3)cc(S(C)(=O)=O)c2)ncc1F,,,487.56,random
CHEMBL460344,COc1ccc(CN2CCCN(Cc3ccc(OC)cc3)C2c2cccc(C)n2)cc1,,,417.55,random
CHEMBL135121,N#CC(Cc1cccc(O)c1)c1ccc(O)cc1,,,239.27,random
CHEMBL1086129,COc1ccc(N2C(=O)[C@H]3[C@@H]2[C@H]2[C@H](c4ccccc4)[C@]4(COc5ccccc5C4=O)ON2[C@@H]3C[Se]c2ccccc2)cc1,,,637.59,random
CHEMBL1404375,O=C1CCN(CCc2ccccc2)CCN1[C@H](CSc1ccc(Br)cc1)Cc1ccccc1,,,523.54,random
CHEMBL3898409,COc1cn(C(CC2CCC2)C(=O)Nc2ccc3c(=O)n(C)[nH]c3c2)c(=O)cc1-c1cc(Cl)ccc1C#N,,,532,random
CHEMBL3764307,CC1CC(C)CN(CCCCC(=O)n2c3ccccc3c3ccccc32)C1.Cl,,,398.98,random
CHEMBL1709384,CN1CCN(C(=O)CN2C(=O)NC(C)(c3ccc4ccccc4c3)C2=O)CC1,,,380.45,random
CHEMBL3115456,COc1ccc(-c2c3c(nc4[nH]nc(-c5ccc(Cl)cc5)c24)-c2ccccc2C(=O)C3=O)cc1,,,465.9,random
CHEMBL1459828,N=C1/C(=C/c2ccco2)C(=O)N=C2SC(CC(=O)N3CCCC3)=NN12,,,357.4,random
CHEMBL515659,CN1CCN(c2cnc3cc(C(F)(F)F)cc(NCc4cccc5nonc45)c3n2)CC1,,,443.43,random
CHEMBL3553775,Cc1csc([C@@H]2C[C@H]3CN(c4ncc(F)cn4)C[C@H]3O2)n1,,,306.37,random
CHEMBL3963997,N=C(N)Nc1ccc(C(=O)Oc2ccc(CCCCC(=O)NC(Cc3ccccc3)C(=O)O)c(Cl)c2)cc1,,,537.02,random
CHEMBL1928430,Cc1cn([C@H]2C[C@H](Nc3nnnn3-c3ccc(Cl)c(C(F)(F)F)c3)[C@@H](CO)O2)c(=O)[nH]c1=O,,,487.83,random
CHEMBL185646,O=C(Nc1cccnc1)c1ccccc1Nc1ccnc(C(F)(F)F)c1,,,358.32,random
CHEMBL1529285,O=C(O)c1ccc(NS(=O)(=O)c2ccc3c(c2)C2C=CCC2C(c2ccccc2F)N3)cc1,,,464.52,random
CHEMBL1334223,CC1CCN(C(=O)CS(=O)(=O)Cc2ccccc2)CC1,,,295.4,random
CHEMBL2221036,NCCCC[C@H](N[C@@H](CNC(=O)Nc1ccccc1)Cc1ccccc1)C(=O)NCc1ccccc1,,,487.65,random
CHEMBL4067377,CC(C)(C)c1ccccc1Oc1ccc(-c2cccc(C(=O)O)c2)cc1NC(=O)Nc1ccc(Br)cc1,,,559.46,random
CHEMBL1224327,O=C(CCCCCO)c1ccc(-c2ccc(F)cc2F)cc1,,,304.34,random
CHEMBL3670045,Nc1ccc(CCCCc2nnc(NC(=O)Cc3ccccc3)s2)nn1,,,368.47,random
CHEMBL458334,Oc1ccc(-c2ccccn2)cc1O,,,187.2,random
CHEMBL3315173,N#CC1=C(N)Oc2cc(O)ccc2C1c1cc2c(c([N+](=O)[O-])c1)OCCO2,,,367.32,random
CHEMBL1761694,O=C(N[C@@H]1CCC[C@H](O)C1)c1noc(-c2ccc(C(F)(F)F)cc2)c1CNCC1CC1,,,437.46,random
CHEMBL3486736,O=C(C1CCC1)N1CCN(Cc2ccsc2)[C@H]2CS(=O)(=O)C[C@H]21,,,354.5,random
CHEMBL3542230,Cc1cc(F)ccc1[C@H]1C[C@@H](N2CCNCC2)CCN1C(=O)N(C)[C@H](C)c1cc(C(F)(F)F)cc(C(F)(F)F)c1,,,574.59,random
CHEMBL1206864,O=C(O)c1c2c(nc3ccc(F)cc13)-c1ccc(-c3ccccc3)cc1CO2,,,371.37,random
CHEMBL4100717,O=C(Nc1cnns1)c1nn(Cc2ccc(Cl)cc2Cl)c2ccccc12,,,404.28,random
CHEMBL3449226,Cc1c(C(=O)N2CCC(O)(CN(C)C)C2)c2ccccc2n1C,,,315.42,random
CHEMBL3974247,CCN1CCN(c2ccc(Nc3nc(N)c4scc(-c5cccc(NS(C)(=O)=O)c5)c4n3)cn2)CC1,,,524.68,random
CHEMBL3443003,CC(C)NC(=O)N1CCN(S(C)(=O)=O)CC2(CNC(=O)C2)C1,,,332.43,random
CHEMBL356825,Cc1cccc2c(=O)oc(NC(C)C)nc12,,,218.26,random
CHEMBL2016771,Cc1c(NCCN2CCCC2)cc(Cl)cc1N1CCN(c2ncnc3[nH]nc(Br)c23)CC1,,,519.88,random
CHEMBL2431349,COc1cc(/C=C/Cc2ccc(O)c(OC)c2OC)cc2c1OCO2,,,344.36,random
CHEMBL3694772,Nc1nc(-n2cccn2)nc(N2CCCCC2)c1Br,,,323.2,random
CHEMBL35387,COC(=O)Nc1ccc(Cl)c(-c2nc3cc(C(=O)O)ccc3o2)c1,,,346.73,random
CHEMBL43757,OC(CNc1ccc(Br)cc1)CON=C(C1CC1)C1CC1,,,353.26,random
CHEMBL389742,O=C(NC1CCCC1)Oc1cccc(C(=O)c2nc3ccccc3s2)c1,,,366.44,random
CHEMBL483898,Cc1cc(Nc2ccc(N3CCC(C)CC3)cc2)n2ncnc2n1,,,322.42,random
CHEMBL1978012,CCN1C2=NCCN2S(=O)(=O)c2ccccc21,,,251.31,random
CHEMBL1078573,Cc1cc2c(cc1C)[C@H]1OCCC[C@H]1[C@H](c1ccccc1)N2,,,293.41,random
CHEMBL1078735,N#C/N=C(/NCCCCc1c[nH]cn1)NCCc1c[nH]c2ccccc12,,,349.44,random
CHEMBL3264296,Oc1ccc2c(c1)CCc1c(-c3ccc(SC(F)(F)F)cc3)noc1-2,,,363.36,random
CHEMBL1796960,N#Cc1cnn(CCN2COc3cc4c(cc3C2=O)OC2CCCN2C4=O)c1,,,379.38,random
CHEMBL3452184,CCCc1c(C(=O)N2CCN(c3cnccn3)CC2)cnn1C,,,314.39,random
CHEMBL1704775,COc1cc(S(=O)(=O)N2CCN(C(=O)c3ccco3)CC2)ccc1Cl,,,384.84,random
CHEMBL3526627,COc1ccc(OC(=O)N(CC(=O)O)[C@@H](C)c2ccc(OCCc3nc(-c4ccccc4)oc3CO)cc2)cc1,,,546.58,random
CHEMBL4210829,COc1ccccc1-n1c(SCc2cccc(F)c2)nc2c(cnn2C)c1=O,,,396.45,random
CHEMBL3968169,O=C(O)c1ccc(C(CO)Nc2cc(Br)cc3[nH]ncc23)cc1,,,376.21,random
CHEMBL3489966,Cc1ccc(NC2CCN(C(=O)c3ccc(C)o3)CC2)nn1,,,300.36,random
CHEMBL1443300,COc1ccccc1CNC(=O)C[n+]1ccccc1.[Cl-],,,292.77,random
CHEMBL3936874,CCS(=O)(=O)c1cccnc1N1CCc2nc(N3CCCCC3)nc(Nc3ccc(C(F)(F)F)cc3)c2CC1,,,560.65,random
CHEMBL3298371,CN(C)CC[C@@H](c1ccccc1)n1cc(NC(=O)c2n[nH]c3c2CCC(C)(C)C3)cn1,,,420.56,random
CHEMBL3456084,CC1CCc2sc(C(=O)Nc3cnn(C)c3)cc2C1,,,275.38,random
CHEMBL1616439,COc1cccc(C(=O)N2CCN(C3CCN(Cc4ccccc4)CC3)CC2)c1,,,393.53,random
CHEMBL1545530,N#Cc1ccc(CSc2nnc(NC(=O)C3CC(=O)N(c4ccc5c(c4)OCCO5)C3)s2)cc1,,,493.57,random
CHEMBL1818959,COc1ccc(/C=C/C(=O)O)cc1CC=C(C)C,,,246.31,random
CHEMBL3593729,CN1CCCCC1CCN1CCCC1,,,196.34,random
CHEMBL1711458,CC(C)N(C(=O)[C@H]1C[C@H](CC(=O)NCCCN(C)C)C(=O)N2CCc3c([nH]c4cc(CCC(=O)N(C)C)ccc34)[C@]12C)C(C)C,,,622.86,random
CHEMBL4066405,CCOc1cccc(C(=O)NCCc2ccccc2)c1,,,269.34,random
CHEMBL1982554,N#CC(c1ccc(C(F)(F)F)cc1)c1c(Cl)cnn(Cc2cccc3ccccc23)c1=O,,,453.85,random
CHEMBL3674673,O=C(O)c1cc(C2CC2)ccc1Nc1cnc(-c2cc(F)ccc2F)nc1,,,367.36,random
CHEMBL3594327,COc1ccc(CNc2nc(Cl)nc(Nc3ccccc3CCO)n2)cc1,,,385.86,random
CHEMBL3504021,O=C(NCc1cccnc1)[C@@H]1C[C@@H]2CCN(c3ncc(F)cn3)C[C@@H]2O1.O=C(O)C(F)(F)F.O=C(O)C(F)(F)F,,,585.43,random
CHEMBL4174222,COc1cc(/C=C/CN2CCN(Cc3c4ccccc4cc4ccccc34)CC2)cc(OC)c1OC,,,482.62,random
CHEMBL2141263,O=C(Nc1cc(S(=O)(=O)N2CCOCC2)ccc1N1CCOCC1)c1cccc(Cl)c1,,,465.96,random
CHEMBL284174,CCCCCCOC(=O)n1cc(F)c(=O)n(C(=O)c2ccccc2C)c1=O,,,376.38,random
CHEMBL508552,COc1ccc2[nH]c(CN3c4ccccc4CC3C)c(CCNC(C)=O)c2c1,,,377.49,random
CHEMBL1161226,O=c1nc(NO)c(F)cn1[C@H]1C[C@H](O)[C@@H](COP(=O)(O)O)O1,,,341.19,random
CHEMBL163742,Nc1ccccc1C(=O)CCCN1CC[C@H]2[C@@H](C1)c1cccc3c1N2CCS3,,,393.56,random
CHEMBL2402912,O=C(NC1CCCCC1)Oc1ccc(O)c(-c2cccc(C(=O)O)c2)c1,,,355.39,random
CHEMBL1721697,Cc1ccc(C)c(CN2C(=O)CSc3ccc(C(=O)NCC(C)CN4CCC(C)CC4)cc32)c1,,,479.69,random
CHEMBL1822421,Cc1ccc(Oc2nc(C(Cl)(Cl)Cl)nc3ccccc23)cc1C,,,367.66,random
CHEMBL240426,N[C@H]1CCCO[C@H](c2cccc([N+](=O)[O-])c2)OC1,,,252.27,random
CHEMBL2268846,CCCC(CC)C(=O)OCC(C)OC(=O)C(CC)CCC,,,300.44,random
CHEMBL3354630,OC[C@H]1[C@@H](O)[C@H](O)[C@@H](O)CN1CCCCCOCc1ccccc1-c1ccccc1,,,415.53,random
CHEMBL1896620,CCC(C)[C@H]1CNCCN1CCc1cccc(F)c1,,,264.39,random
CHEMBL101738,CCCN(CCC)c1nc(N)nc2ncc(-c3ccc(OC)c(OC)c3)nc12,,,382.47,random
CHEMBL173715,N[C@H](Cc1c[nH]c2ccccc12)c1nc(-c2ccccc2)c[nH]1,,,302.38,random
CHEMBL1526711,COc1ccc(S(=O)(=O)Nc2c(NC3CCCCC3)c3ccccc3oc2=O)cc1Cl,,,462.96,random
CHEMBL4243915,Cc1nc(-c2ccc(C(C)(C)C)cc2)sc1-c1ccnc(NCCN)n1,,,367.52,random
CHEMBL76714,O=C(Nc1ccccc1)N(Cc1ccccc1)CC(O)CN(Cc1ccccc1)C(=O)Nc1ccccc1,,,508.62,random
CHEMBL389405,CCCNc1c(C(=O)OC(C)C)cnc2c1cnn2CC(Cl)c1ccccc1,,,400.91,random
CHEMBL1544809,Cc1ccc(NC(=O)COC(=O)C2CSC3(C)CCC(=O)N23)cc1S(=O)(=O)N1CCOCC1,,,497.6,random
CHEMBL3360171,CCn1c(Nc2ccncc2F)nc2c(C3CCCN(C(=O)C(C)(C)CO)C3)csc2c1=O,,,473.57,random
CHEMBL232472,c1ccc(NCc2nc3ccccc3[nH]2)cc1,,,223.28,random
CHEMBL366244,CC(=O)N[C@@H](Cc1ccc(OP(=O)(O)O)cc1)C(=O)N[C@@H](CC(C)C)C(=O)N1CCC[C@H]1C(=O)N1CCCC(C(N)=O)C1,,,623.64,random
CHEMBL290016,CCOP(=O)(OCC)Oc1cc(/C=C\c2cc(OC)c(OC)c(OC)c2)ccc1OC,,,452.44,random
CHEMBL1087496,C[C@H](N)C(=O)Nc1cn(C)nc1-c1ccccn1,,,245.29,random
CHEMBL2136040,CC1CCN(C(=O)CN2CCSc3ccccc32)CC1,,,290.43,random
CHEMBL531907,CCCc1cc(Cc2cnc(N)nc2N)cc2c1OC(C)(C)C2.Cl,,,348.88,random
CHEMBL1538759,CCCNc1ncnc2sc(C)c(C)c12,,,221.33,random
CHEMBL610848,CCCC(=O)OC[C@H]1OC(n2c(Cl)c(C=O)c3cc(Cl)c(Cl)cc32)[C@H](O)[C@@H]1O,,,450.7,random
CHEMBL4204741,NCCCCNS(=O)(=O)c1ccc(-c2cc(C(=O)O)cc(-n3cc(-c4ccc(C(F)(F)F)cc4)nn3)c2)s1,,,565.6,random
CHEMBL462269,CCCCN(C)C(=O)C(=O)c1c(-c2ccccc2)[nH]c2ccccc12,,,334.42,random
CHEMBL1708704,CC(C)NC(=O)N(C)C[C@H]1Oc2ccc(NC(=O)c3ccncc3)cc2C(=O)N([C@H](C)CO)C[C@@H]1C,,,497.6,random
CHEMBL2008535,CN(C)CCC(=O)/C=C\c1ccccc1,,,203.28,random
CHEMBL1549828,COc1ccc(-c2cc(C(=O)N3CCCCCC3)c3ccccc3n2)c(OC)c1,,,390.48,random
CHEMBL1702317,CSCCC(NC(=O)c1ccc(Cl)cc1Cl)C(=O)NCc1ccncc1,,,412.34,random
CHEMBL2386286,CC/C(=C(\c1ccc(O)cc1)c1ccc(OCC(N)=O)cc1)c1ccccc1,,,373.45,random
CHEMBL94526,O=C1Nc2cc(F)c(F)c(F)c2C(C#CC2CC2)(C(F)(F)F)O1,,,335.2,random
CHEMBL1859017,COc1ccc(-c2nc(CN3CCN(c4ccccc4)CC3)co2)cc1,,,349.43,random
CHEMBL1478954,CCOC(=O)c1c(-c2ccc(C)cc2)csc1NC(=O)c1cc(-c2ccc(OC)cc2)on1,,,462.53,random
CHEMBL3496731,c1ccc(-n2ccc(CN3CCCC3Cn3cccn3)n2)cc1,,,307.4,random
CHEMBL3934513,COc1cc(F)c(-c2cccc(C(CC(=O)O)c3ncc(C)s3)c2)cc1F,,,389.42,random
CHEMBL525692,CCOC(=O)C1=C(C)N=c2sc(=Cc3ccccc3O)c(=O)n2C1c1ccc(OC)c2ccccc12,,,500.58,random
CHEMBL47997,CC(C)[C@@H](N)C(=O)NC[C@H]1OCC[C@H]1SC1=C(C(=O)O)N2C(=O)[C@H]([C@@H](C)O)C2[C@H]1C,,,441.55,random
CHEMBL177485,O=C(CP(=O)([O-])[O-])NC1(P(=O)([O-])[O-])CCCC1.[Na+].[Na+].[Na+].[Na+],"21 METHOD A",,375.07,random
CHEMBL228826,N#CC1=C(N)Oc2c(ccc3[nH]ccc23)C1c1ccccc1,,,287.32,random
CHEMBL1313964,COc1cc([N+](=O)[O-])ccc1NC(=O)CSc1nccn1C,,,322.35,random
CHEMBL3210297,O=C(N/N=C(\Cc1ncc[nH]1)c1ccccc1)c1ccccc1,,,304.35,random
CHEMBL3685577,CC(C)(O)CNC(=O)c1nc(C2CC2)ccc1NC(=O)c1nc(C2CC2)cnc1Nc1cncnc1,,,488.55,random
CHEMBL3558999,C[C@H](NP(=O)(O)CNC(=O)OCc1ccccc1)C(=O)N[C@@H](Cc1ccccc1)C(=O)O,,,463.43,random
CHEMBL354995,CNCC#Cc1c(F)ccc2c1/C(=C/c1[nH]ccc1OC)C(=O)N2,,,325.34,random
CHEMBL1506348,O=C(Nc1cc(-c2nc3ncccc3o2)ccc1Cl)c1cccs1,,,355.81,random
CHEMBL255281,C/C(=N\OC(C)(C)C)c1ccc2[nH]c3c4c(c5c(c3c2c1)CNC5=O)-c1cn(C)nc1CC4,,,441.54,random
CHEMBL1991295,N[C@H](C(=O)O)[C@H]1ON=C(Cl)[C@@H]1O,,,194.57,random
CHEMBL1727967,C/C=C(\C)C(=O)Nc1cccc(C2=NOC3(C2)C[C@H](C(N)=O)N(C(=O)CC#N)C3)c1,,,409.45,random
CHEMBL2269098,Cc1nn(C)c2c1sc1nncn12,,,193.24,random
CHEMBL404679,Cc1ccc(S(=O)(=O)N2C(N)=C(C#N)[C@@H](c3ccccc3)[C@@H]2C(=O)c2ccc(Br)cc2)cc1,,,522.42,random
CHEMBL383955,O=C(NCc1ccc(S(=O)(=O)N2CCC(n3nnc4ccccc43)CC2)s1)c1ccc(Cl)cc1,,,516.05,random
CHEMBL3667203,NS(=O)(=O)c1ccc(-c2c(O)ccc3[nH]c(=O)c4sccc4c23)cc1,,,372.43,random
CHEMBL1902991,Cc1ccc2c(C(=O)CNc3nc(C)c(C)s3)c(C)[nH]c2c1,,,313.43,random
CHEMBL2397749,CCOC(=O)c1c(C)cc2nc(COC(=O)NCCOC(=O)[C@@H](N)C(C)C)n(-c3ccccc3S(=O)(=O)NC)c(=O)c2c1C,,,631.71,random
CHEMBL3408744,O=C1CCCN1c1cnc2ccccc2c1,,,212.25,random
CHEMBL1370785,COCCn1nnnc1C(c1cc2cc(C)ccc2nc1O)N1CCc2ccccc21,,,416.49,random
CHEMBL1459292,Cc1c(OCc2ccc(F)cc2)c(=O)ccn1-c1ncc(C(F)(F)F)cc1Cl,,,412.77,random
CHEMBL2063200,CN(C(=O)OC[C@@H](C1CCCOC1)N1Cc2cc(Oc3ccccc3)ccc2N=C1N)C1CCCCC1,,,506.65,random
CHEMBL16296,CCOC(=O)C(=O)Nc1nc(-c2ccc3c(c2)N(C(C)=O)c2ccccc2S3)cs1,,,439.52,random
CHEMBL4102614,CC(C)S(=O)(=O)Nc1ccc2c(ccc(=O)n2C)c1,,,280.35,random
CHEMBL1721902,CCN(CC)CCn1c2c(c(SCC(=O)Nc3ccc4c(c3)OCCO4)nc1=O)CCC2,,,458.58,random
CHEMBL3105778,COc1ccc(C(=O)NCc2ccc(O)c(O)c2)c(O)c1,,,289.29,random
CHEMBL1388833,CC(=O)N1CCN(C(c2ccccc2)c2ccccc2)CC1,,,294.4,random
CHEMBL2237439,NC(=O)c1ccc[n+](Cc2ccccc2)c1.[Cl-],,,248.71,random
CHEMBL16650,CCCCCCC[C@H](C[C@@H](O)CS)C(=O)N[C@H](C(=O)NC)C(C)(C)C,,,374.59,random
CHEMBL1698946,CCOCCN1CCN(C2c3ccccc3CSc3ccccc32)CC1.O=C(O)C(=O)O,,,458.58,random
CHEMBL4062463,CC(C)(C)c1cc(NC(=O)Nc2ccccc2F)n(CC(O)c2ccccc2)n1,,,396.47,random
CHEMBL2001497,COc1ccc(OC)c(SC(CC(=O)c2ccccc2)c2ccccc2)c1,,,378.49,random
CHEMBL2430366,O=C1/C(=C/c2ccco2)C(=O)N(c2ccc(Br)cc2)C(=S)N1c1ccccc1,,,453.32,random
CHEMBL3682223,O=C1COc2ccc(NC(=O)NCC3COc4ccc(F)cc4C3)cc2N1,,,371.37,random
CHEMBL74724,Cc1nc(O)c2c(ccc3ccc(Cl)cc32)n1,,,244.68,random
CHEMBL1367166,CCN1CCN(C(=O)C2CCN(C(=O)c3cc4sccc4n3CC)CC2)CC1,,,402.56,random
CHEMBL2313151,CCC(C)c1cc(C2C(C(=O)OC)=C(C)NC3=C2C(=O)CCC3)cc2cc(C(=O)OC)c(=O)oc12,,,479.53,random
CHEMBL196486,NC(=O)c1ccc(-c2nnc(N3CCOCC3)c3ccccc23)cc1,,,334.38,random
CHEMBL1726980,CC1c2ccsc2CCN1S(=O)(=O)c1cccs1,,,299.44,random
CHEMBL238556,CCC[C@H](NC(=O)Cc1cc(F)cc(F)c1)C(=O)Nc1nc(C)c(C(C)NCC(F)(F)F)s1,,,492.51,random
CHEMBL3297962,Cc1cn([C@H]2CCCN(Cc3ccc(C(=O)O)c(Oc4cccc(Cl)c4)c3F)C2)c(=O)[nH]c1=O,,,487.92,random
CHEMBL382759,COC(=O)C1CN1[C@@H](CC(C)C)C(=O)OCc1ccccc1,,,305.37,random
CHEMBL1727895,COc1ccc(-c2sc(Nc3cccc4ccccc34)n[n+]2C)c(C)c1C.[Cl-],,,411.96,random
CHEMBL3353295,O=c1c(-c2ccccc2C(F)(F)F)c(O)c2ccccc2n1O,,,321.25,random
CHEMBL115382,CC(CN1CCN(c2cccc(Cl)c2)C(C)C1)Cn1nc2ccccn2c1=O,,,399.93,random
CHEMBL312622,CN(C)c1ccc(-c2cn3ccccc3n2)cc1,,,237.31,random
CHEMBL1975911,O=c1[nH]ccc2cnc(-c3ccccc3)n12,,,211.22,random
CHEMBL472733,CN(C)C[C@H]1O[C@@H](n2cnc3c(N)ncnc32)[C@H](O)[C@@H]1O,,,294.32,random
CHEMBL166920,CC[C@@]1(O)C(=O)OCc2c1cc1n(c2=O)[C@H](C(=O)c2cc(OC)c(OC)c(OC)c2)c2cc3ccccc3nc2-1,,,542.54,random
CHEMBL474582,COc1cc(Nc2nc(NCCN)n3cnnc3c2C(N)=O)cc(OC)c1,,,372.39,random
CHEMBL1682033,O=C(O)c1cc(Cl)cc(C(=O)/C=C/c2ccc(Cl)cc2Cl)c1O,,,371.6,random
CHEMBL1578579,C=CCOc1nc2sc(C)c(C)c2c(=O)n1-c1ccccc1,,,312.39,random
CHEMBL1096528,CCOC(=O)C1=C(C(F)(F)F)NC(C(F)(F)F)=C(C(=O)OCC)C1c1cccc([N+](=O)[O-])c1,,,482.33,random
CHEMBL4282534,CC(C)C1NCCc2cc(-c3nc4c(C(N)=O)cc(F)cc4[nH]3)sc21,,,358.44,random
CHEMBL1425282,CC(C)OCCCNC(=O)c1cc(-c2cccnc2)nc2ccccc12,,,349.43,random
CHEMBL1443429,COc1cccc(CNC(=O)Cc2ccc(-n3c(=O)[nH]c4ccccc4c3=O)cc2)c1,,,415.45,random
CHEMBL385509,Nc1ccc2nc(O)cc(C(F)(F)F)c2c1,,,228.17,random
CHEMBL1335392,CC(C)Sc1oc(-c2ccco2)nc1S(=O)(=O)c1ccccc1,,,349.43,random
CHEMBL1418868,Cc1cc(C)c(S(=O)(=O)NCc2ccc3c(c2)OCO3)cc1C,,,333.41,random
CHEMBL3298586,Fc1ccc(Oc2ccncn2)c(F)c1,,,208.17,random
CHEMBL207834,COc1cc(Nc2ncc3ccn(-c4cccc(CC(=O)NCCN)c4)c3n2)cc(OC)c1OC,,,476.54,random
CHEMBL3416589,COC(=O)[C@@H](NC(=O)c1ccc(N)c(NC(=O)[C@@H](N)Cc2ccc(O)cc2)c1)[C@@H](C)O,,,430.46,random
CHEMBL1304029,O=C(Nc1cccc(O)c1)c1c(O)nc2ccccc2c1O,,,296.28,random
CHEMBL1530601,Cc1ccc(-n2nc3c(c2NC(=O)c2ccc(Br)o2)CSC3)c(C)c1,,,418.32,random
CHEMBL3715840,CNC(=O)c1ccc(-c2nc(COc3cc(OC)cc4oc(-c5cn6nc(OC)sc6n5)cc34)cs2)cc1,,,547.62,random
CHEMBL3986075,Cc1nc(C(C)(CS(C)(=O)=O)NC(=O)c2cc(OCC(F)(F)F)c(C3CC3)cn2)no1,,,462.45,random
CHEMBL2004949,Cc1ccc(NC(=O)C2C(=O)C(=O)N(c3ccc(C)cc3)C2=O)cc1,,,336.35,random
CHEMBL4171014,CC(C)=CCC[C@@H](C)[C@H]1CC[C@H]2C3=C(CC[C@]12C)[C@@]1(C)CC[C@H](O)C[C@@H]1CC3,,,384.65,random
CHEMBL238182,CNCc1cc(C#CCCN2CCN(C3CC3)CC2)ccc1Oc1ccc(SC)cc1,,,435.64,random
CHEMBL1361533,CCCn1c(C2CCCN2c2nc(-c3cccc(Br)c3)cs2)nc2cc(Cl)c(Cl)cc21,,,536.33,random
CHEMBL117020,CC(=O)OCC1=C(C(=O)O)N2C(=O)[C@@H](NC(=O)c3cccc(Cc4cc(Cl)cc(Cc5ccccc5O)c4O)c3O)[C@H]2SC1,,,639.08,random
CHEMBL1360220,Cn1nc(C(F)(F)F)c2cc(C(=O)NC3CC3)sc21,,,289.28,random
CHEMBL1476907,CC1CCN(C(=O)COC(=O)c2c[nH]c3ccccc23)CC1,,,300.36,random
CHEMBL1413876,O=C(CN(CCc1ccccc1)C(=O)CNS(=O)(=O)c1ccccc1)NCC1CCCO1,,,459.57,random
CHEMBL429275,Cc1ccc(N2CCN(C(=O)c3ccc(C(C)(C)C)cc3)CC2)cc1Cl,,,370.92,random
CHEMBL136775,CCCn1c(=O)c(-c2c(Cl)cccc2Cl)cc2cnc(N)nc21,,,349.22,random
CHEMBL1319412,COc1ccc(OC)c(-c2nnc(SCC(=O)NC3CCCCC3)o2)c1,,,377.47,random
CHEMBL2069916,CCOC(=O)c1cc(Cc2ccc(C)cc2)c(=O)[nH]c1C,,,285.34,random
CHEMBL1361317,Cc1ccc(CN(Cc2ccco2)C(=O)c2oc3c(C)c(C)ccc3c2C)cc1,,,387.48,random
CHEMBL1377761,COc1ccc(NC(=O)Nc2nnc(Cc3ccccc3)s2)cc1,,,340.41,random
CHEMBL4225670,OCCn1nc(-c2ccccc2)cc1-c1ccccc1O,,,280.33,random
CHEMBL200507,N#CCNC(=O)C1(NC(=O)c2ccc(-c3csc(N4CC[C@@H](N)C4)n3)cc2)CCCCC1,,,452.58,random
CHEMBL2392150,O=C(Cc1ccccc1)Nc1cccc2c(=O)cc(C(=O)O)oc12,,,323.3,random
CHEMBL3921715,CNc1nc(NCc2ccc(NC(=O)COCc3ccccc3)cc2)c2ccccc2n1,,,427.51,random
CHEMBL428773,CC(C#N)(COc1cc(C#N)ccc1C(F)(F)F)NC(=O)c1ccc(SC(F)(F)F)cc1,,,473.4,random
CHEMBL13863,CC(C)C(NC(=O)Cn1c(-c2ccccc2)cc2c(O)nc(O)nc2c1=O)C(=O)C(F)(F)F,,,464.4,random
CHEMBL1726513,O=C(Cc1c[nH]c2ccccc12)NCC(=O)Nc1ccc(F)c(F)c1F,,,361.32,random
CHEMBL3899012,CN1C(=O)CC[C@@]2(C)C1=CC[C@@H]1[C@@H]2CC[C@]2(C)C(n3ccnc3)=CC[C@@H]12,,,351.49,random
CHEMBL3415806,C#CCN(C)CC(=C)c1ccsc1.O=C(O)C(=O)O,,,281.33,random
CHEMBL440554,CC[C@H](C)[C@H](C(=O)O)N1C[C@H](CN2CCC(c3cc(Cc4ccc(OC(F)(F)F)cc4)nn3CC)CC2)[C@@H](c2cccc(F)c2)C1,,,644.75,random
CHEMBL1355553,Cc1coc2c(C)c3oc(=O)c(CCC(=O)NCc4ccccn4)c(C)c3cc12,,,390.44,random
CHEMBL1459584,CC1(C)CC(CC(=O)NC(=S)Nc2ccc([N+](=O)[O-])cc2)C(=O)O1,,,351.38,random
CHEMBL3814326,Cc1ccc(/C=C/CN(C)Cc2cccc3ccoc23)cc1.Cl,,,327.86,random
CHEMBL2007271,COC(=O)C1=CC2OC13CC1CCC3(C2=O)C1(C)C,,,262.3,random
CHEMBL134474,CCC1CC2C(CC(=O)OC)C(Cc3ccccc3)CC1N2C,,,315.46,random
CHEMBL571038,Cc1cnc(Nc2ccccc2Cl)nc1-c1c[nH]c(C(=O)N[C@H](CO)c2ccccc2)c1,,,447.93,random
CHEMBL1824770,CC1(C)N=C(N)N=C(N)N1OCc1ccccc1.Cl,,,283.76,random
CHEMBL1707196,CCOC(=O)C(CC)N1CCN(Cc2ccc(F)cc2)C(=O)C1=O,,,336.36,random
CHEMBL3924559,O=C(/C=C\n1cnc(-c2cccc(Cl)c2)n1)Oc1ccccc1,,,325.75,random
CHEMBL355593,CCOC(=O)[C@@H]1CCCN1N=O,,,172.18,random
CHEMBL1814246,CCCCNc1ncc(-c2ccc([N+](=O)[O-])cc2)[nH]1,,,260.3,random
CHEMBL1360225,Nc1c(C(=O)Nc2ccc(OC(F)(F)F)cc2)sc2nc3c(cc12)N1CCC3CC1,,,434.44,random
CHEMBL1474612,CN(c1ccccc1)S(=O)(=O)c1ccc(Cl)c(C(=O)Nc2ccncc2)c1,,,401.88,random
CHEMBL603637,Nc1nc(N2CCCCCC2)nc2c1[N+]([O-])=C(c1ccccc1)C2=O,,,337.38,random
CHEMBL2069635,COc1cc2ccccc2cc1C(=O)N[C@@H]1CC[C@@]2(O)[C@H]3Cc4ccc(O)c5c4[C@@]2(CCN3CC2CC2)[C@H]1O5,,,526.63,random
CHEMBL3937662,CNC(=O)c1cc(Oc2ccc(NC(=O)c3cc(-c4ccc(OC)cc4)ncn3)cc2)ccn1,,,455.47,random
CHEMBL386712,c1ccc2c(N3CCOCC3)c3c(cc2c1)CCCC3,,,267.37,random
CHEMBL330713,CN(C)CC1C[C@H]2c3ccccc3Oc3ccccc3[C@H]2O1,,,295.38,random
CHEMBL1702487,Cc1cc(C)c(CSc2nnc(-c3ccccn3)n2Cc2ccco2)c(C)c1,,,390.51,random
CHEMBL536364,COc1ccc(CCN(C)CCCOc2ccc(NC(=O)COc3cccc4sc5ccccc5c(=O)c34)cc2)cc1OC,,,612.75,random
CHEMBL1593232,CO[C@H]1COC(=O)[C@@H](C)COC(=O)[C@@H](OCc2ccccc2)/C=C\[C@@H]1C,,,362.42,random
CHEMBL3187093,CN1CCN(C2=C(Nc3ccc(I)cc3)C(=O)c3ccccc3C2=O)CC1,,,473.31,random
CHEMBL1928488,Oc1ccc(/C=N/c2cc(Cl)cc(Cl)c2)c(O)c1,,,282.13,random
CHEMBL2354549,CCOc1ccccc1CNC(=O)CCCN1C(=O)c2cccnc2Oc2ccc(Cl)cc21,,,465.94,random
CHEMBL2113220,O=C(O)CCCCCCN1C(=O)CC[C@@H]1CC[C@@H](O)CCc1ccccc1,,,375.51,random
CHEMBL1463742,CN(C)/C=C(\C=O)c1c(Cl)cccc1Cl,,,244.12,random
CHEMBL524557,CC(=O)Nc1ncc(C(=O)Nc2cccc(-c3ccc(-c4nc5cc(C(F)(F)F)ccc5[nH]4)s3)c2)s1,,,527.55,random
CHEMBL1595860,COC(=O)NCC(c1cccnc1)N1CCOCC1,,,265.31,random
CHEMBL1434864,CCOC(=O)CC(NC(=O)c1cc2c(=O)n3cccc(C)c3nc2s1)c1ccc(OCC)c(OC)c1,,,509.58,random
CHEMBL1402626,Cc1cccc(C)c1NC(=O)Cn1cc(C(=O)C2CC2)c2ccccc21,,,346.43,random
CHEMBL209823,O=C(c1cc2cc(O)ccc2[nH]1)c1cc2c(F)cccc2[nH]1,,,294.29,random
CHEMBL1385228,O=C(C1CCN(S(=O)(=O)N2CCC3(CC2)OCCO3)CC1)N1CCCCC1,,,401.53,random
CHEMBL3893022,CS(=O)(=O)Nc1noc2cc(COc3ccc(Cl)c(Cl)c3)c(Cl)cc12,,,421.69,random
CHEMBL3731320,Nc1ncc(-c2cc(N3C[C@@H]4C[C@H]3CO4)nc(N3CCCC(F)(F)CC3)n2)cn1,,,403.44,random
CHEMBL202990,C[C@@H]1CN(c2ccc(C#N)c(C(F)(F)F)c2)[C@@H](C)CN1C(=O)Nc1ccc(F)cc1F,,,438.4,random
CHEMBL389944,O=C1OC(O)C(c2csc3ccccc23)=C1Br,,,311.16,random
CHEMBL1483609,N#CCSc1nc2ccccc2c(=O)n1CCCC(=O)NCc1ccco1,,,382.45,random
CHEMBL520278,CCOc1cc2ncc(C(N)=O)c(Nc3cccc(Cl)c3F)c2cc1N1CCN(C)CC1,,,457.94,random
CHEMBL2333956,O=C(O)c1cc(-c2c3ccc(=O)cc-3oc3cc(O)ccc23)ccc1NC(=S)NCCc1ccc(O)c(O)c1,,,542.57,random
CHEMBL211449,O=C(c1ccccc1)N(C(=O)c1ccccc1)c1nc2ccccc2n2c(=O)n(-c3ccccc3)nc12,,,485.5,random
CHEMBL1341834,CS(=O)(=O)Nc1ccc(C(=O)N2CCCC2)cc1,,,268.34,random
CHEMBL585785,Cc1ccnc(NC(c2ccc(Cl)cc2Cl)c2ccc3cccnc3c2O)c1,,,410.3,random
CHEMBL1618975,Cc1ccc(NC(=O)c2sc3nc(N)c(C#N)cc3c2N)cc1,,,323.38,random
CHEMBL37195,C[n+]1ccc(Nc2ccc(Cc3ccc(N(CCO)CCO)cc3)cc2)c2ccccc21,,,428.56,random
CHEMBL2106810,C=CCC1(CC(C)(C)C)C(=O)NC(=O)NC1=O,NEALBARBITAL,2,238.29,random
CHEMBL1195099,CC1(NCc2ccc3ccc4cccc5ccc2c3c45)COC(C)(C)OC1,,,359.47,random
CHEMBL3908972,N#Cc1ccc(-c2cc(-c3ccc([C@@H]4CNCCO4)cc3)n[nH]2)cc1,,,330.39,random
CHEMBL1465729,Cc1cc(C)n2nc(SCC(=O)Nc3ccc(F)cc3)nc2n1,,,331.38,random
CHEMBL1909695,O=C(c1ccc(Cl)c(Cl)c1)N(Cc1ccccc1)CC(O)Cn1c2ccccc2c2ccccc21,,,503.43,random
CHEMBL1713451,CCN1CCN(C(=O)COCc2cc(-c3ccc4c(c3)OCO4)on2)CC1,,,373.41,random
CHEMBL1538843,O=C(CSc1cn(CCNC(=O)c2cccs2)c2ccccc12)NC1CCCCC1,,,441.62,random
CHEMBL3273044,O[C@@H]1CC2=C(CC(CN3CCCCC3)C2)C[C@@H]1O,,,251.37,random
CHEMBL1409568,Cc1ccc(C(=O)Nc2ccc(N3CCOCC3)nc2)cc1,,,297.36,random
CHEMBL555433,CCCc1cccc(N2CCNCC2)n1.Cl,,,241.77,random
CHEMBL1338903,Cc1nc(SC(C)C(=O)Nc2ccccc2Cl)cc(-c2ccccc2)n1,,,383.9,random
CHEMBL564499,O=C1c2ccc(O)c(O)c2C(=O)N1Cc1ccc(F)cc1Cl,,,321.69,random
CHEMBL2313443,CCOC(=O)C1=C(C)NC2=C(C(=O)CC(C)(C)C2)C1c1cc(C(C)(C)C)c2oc(=O)c(C(=O)OCC)cc2c1,,,535.64,random
CHEMBL1672532,CCCCCCC/C=C/C(=O)CCCCCCCC(=O)NCCO,,,339.52,random
CHEMBL234040,CN(Cc1cc(Cl)cc(-c2cc(-c3cc(C(F)(F)F)ccc3Cl)c(C#N)c(=O)[nH]2)c1O)C(=O)CCN1CCOCC1,,,609.43,random
CHEMBL1973914,CC(=O)NCCC1CN(C(=O)/C=C\I)c2ccccc21,,,384.22,random
CHEMBL373045,CCOc1cc(Br)cnc1Nc1cccc(C)n1,,,308.18,random
CHEMBL8167,O=C(O)CN(C(=O)c1ccccc1)c1ccc2ccccc2c1,,,305.33,random
CHEMBL4071586,Cn1ncc(-c2nn(C)c3ncnc(N4CCC4)c23)c1-c1ccccc1,,,345.41,random
CHEMBL1865183,Cc1ccc(NC(=O)Cn2c(C)cc(C)c(C#N)c2=O)cc1,,,295.34,random
CHEMBL3991023,COc1cc(OC)cc(N(CC#CC2CCNCC2)c2ccc3ncc(-c4cnn(C)c4)nc3c2)c1,,,482.59,random
CHEMBL1204203,CCS(=O)(=O)Nc1cccc(N2CCN(CCCCN3C(=O)C4CCCN4C3=O)CC2)c1.Cl,,,500.07,random
CHEMBL386911,CCCOC1(c2ccccc2)c2ccccc2C(=O)N1CCO,,,311.38,random
CHEMBL3758202,Cc1cc(C#N)cc(C)c1Oc1cc(NCC2CC2)nc(Nc2ccc(C#N)cc2)c1,,,409.49,random
CHEMBL560276,COc1c2c(c(C(C)(C)C3CO3)c3oc(=O)ccc13)OC(C)(C)C1OC21,,,358.39,random
CHEMBL3235439,O=C1CCc2cc(OCCN3CCOCC3)ccc2N1Cc1ccccc1,,,366.46,random
CHEMBL3653482,CCc1ccc(C(=O)Nc2ccc(F)c([C@]3(C(F)F)COCC(N)=N3)c2)nc1,,,392.38,random
CHEMBL1381710,Cc1ccc(S(=O)(=O)n2c(=O)oc3ccccc32)cc1,,,289.31,random
CHEMBL239886,COc1cc(OC)c(C2CCN(C)CC2)cc1C(=O)/C=C/c1ccncc1,,,366.46,random
CHEMBL3193893,C/C(=N\Nc1nccnc1Cl)c1ccc(F)cc1,,,264.69,random
CHEMBL521544,CC(C)C[C@H](N)C(=O)NS(=O)(=O)OC[C@H]1O[C@@H](n2cnc3c(N)ncnc32)[C@H](F)[C@@H]1O,,,461.48,random
CHEMBL1704159,CC1(C)CC2(CCCN(CC(O)(c3ccccc3)c3ccccc3)C2)CCO1.Cl,,,416,random
CHEMBL434455,COCCc1n(CC2CC(c3ccccc3)(c3ccccc3)C(=O)O2)cc[n+]1C.[I-],,,518.4,random
CHEMBL491494,COc1ccccc1[C@@H]1C[C@H](CN2CCCCC2)C(=O)N1C,,,302.42,random
CHEMBL3909932,O=C(N[C@H]1CCCC[C@@H]1O)c1cc(NC(=O)c2cc(-c3ncccc3F)ccc2Cl)n(-c2ccccc2)n1,,,533.99,random
CHEMBL280307,CCCC(CCC)c1nc2c([nH]1)N1C(=N[C@@H]3CCC[C@@H]31)N(C)C2=O,,,329.45,random
CHEMBL436076,COC(=O)CCC/C=C\C[C@@H]1[C@@H](/C=C/[C@@H](O)C#Cc2ccc(Cl)cc2)[C@H](O)C[C@@H]1O,,,432.94,random
CHEMBL420490,O=C(O)COc1ccc(-c2coc3cc(OCC(=O)O)ccc3c2=O)cc1,,,370.31,random
CHEMBL3679065,CC(C)(O)c1ccc(C2(CNC(=O)c3ccccc3Cl)CCC(F)(F)CC2)cn1,,,422.9,random
CHEMBL2380415,CCCCn1cc(C(=O)Cc2cccc(F)c2F)c2cccc(OC)c21,,,357.4,random
CHEMBL2356525,CN1C(=O)c2cc(NC(=O)c3cscn3)ccc2OC[C@@H]2O[C@H](CC(=O)NCc3ccc(Cl)c(Cl)c3)CC[C@H]21,,,589.5,random
CHEMBL1727150,CCOC(=O)c1sc(N(C)C(C)=O)nc1C,,,242.3,random
CHEMBL3809008,CC(C)(C)[C@H](NC(=O)[C@H](CC1CCCC1)CN(O)C=O)C(=O)N1CCC(NCc2nc3ccccc3[nH]2)CC1,,,540.71,random
CHEMBL79762,Fc1cccc(CCNCc2cccc(COc3nn4c(C(F)(F)F)nnc4c4ccccc34)n2)c1,,,496.47,random
CHEMBL221560,O=C(COc1ccc(C23CC4CC(CC(C4)C2)C3)cc1)Nc1cccc(C(=O)Nc2ccc(Cl)cc2)c1,,,515.05,random
CHEMBL1761101,CC(=O)Nc1cccc(C2CCN(CCCn3c(-c4ccccc4Cl)nc4ccccc43)CC2)c1,,,487.05,random
CHEMBL3125541,NC(=O)c1sc(N2CCOCC2)nc1CC(=O)Nc1ccc(F)c(Cl)c1,,,398.85,random
CHEMBL1257765,CCOC(=O)C1=C(C)NC(SC)NC1c1cn(-c2ccccc2)nc1-c1ccc(C)cc1,,,448.59,random
CHEMBL3913087,C[C@H]1COCCN1c1nc(-c2cnc(N)nc2)c2c(n1)N(C1CN(S(=O)(=O)CC3CC3)C1)CC2,,,486.6,random
CHEMBL87248,Fc1ccc(-c2[nH]c(-c3ccc(Br)o3)nc2-c2ccncc2)cc1,,,384.21,random
CHEMBL3683202,O=S(=O)(Nc1ncns1)N1CCc2c(cccc2-c2cccc3c2CCNC3)C1,,,427.56,random
CHEMBL1891223,CC(C)C(=O)N1CCN(c2ccccc2NC(=S)NC(=O)c2ccco2)CC1,,,400.5,random
CHEMBL1617776,O=C(CN1CCCCCC1)Nc1cccc(Br)c1,,,311.22,random
CHEMBL252483,COCCO/N=C(\C)c1cc(Cl)ccc1NS(=O)(=O)C(F)(F)F,,,374.77,random
CHEMBL1354887,CN(CC(=O)Nc1c(Cl)cccc1Cl)C(=O)CNC(=O)c1ccc2c(c1)OCO2,,,438.27,random
CHEMBL3909452,CN[C@@H](C)C(=O)N[C@H](C(=O)N1Cc2ccccc2[C@H]1C(=O)Nc1cccc2cccnc12)C(C)C,,,473.58,random
CHEMBL2112667,C[C@@H]1CSC(=O)[C@@H]2Cc3ccccc3N2C1=O,,,247.32,random
CHEMBL2115346,O=c1[nH]c(=O)n([C@H]2C[C@H](O)[C@@H](CO)O2)cc1C=C(F)F,,,290.22,random
CHEMBL540762,O=c1oc(-c2ccc(F)cc2)c(I)c2c1sc1ccccc12,,,422.22,random
CHEMBL285905,N#C/C(=C(/N)Sc1ccccc1N)c1ccccc1Oc1ccccc1,,,359.45,random
CHEMBL1346818,O=C(CSc1nnc(O)nc1O)c1ccc(Cl)cc1Cl,,,332.17,random
CHEMBL3676745,CN(CCOc1cnc2c(c1)C(O)(C(F)(F)F)c1ccccc1-2)C(=O)CO,,,382.34,random
CHEMBL3823836,COc1cc(N2CCC(N3CCN(C)CC3)CC2)c(C)cc1Nc1ncc(Cl)c(Nc2ccccc2P(C)(C)=O)n1,,,598.13,random
CHEMBL3195212,CSc1nsc(N/N=C/c2ccc3c(c2)OCO3)c1C#N,,,318.38,random
CHEMBL3644019,C[C@@H](Oc1nc(Nc2ccc(S(=O)(=O)C3CC3)cc2)ncc1C(F)(F)F)C(C)(C)O,,,445.46,random
CHEMBL483794,O=C1OCC2=C1C(c1cccc(Br)c1)c1cc3c(cc1N2)OCO3,,,386.2,random
CHEMBL2370305,CCCCCCOC(=O)CCC(NC(=O)[C@@H]1CCC(=O)N1)C(=O)N1CCC[C@H]1C(N)=O,,,438.53,random
CHEMBL516830,COC(=O)[C@H](C/C=C/C(C)(C)OO)[C@@H]1[C@@H](O)C[C@]2(C)C3=CC[C@H]4C(C)(C)C(=O)CC[C@]4(C)[C@H]3CC[C@@]12C,"MELIASTATIN 3",,516.72,random
CHEMBL1553339,O=C(c1ccc2c(c1)N(Cc1ccccc1F)C(=O)c1ccccc1S2(=O)=O)N1CCC(Cc2ccccc2)CC1,,,568.67,random
CHEMBL1551079,Cc1cccc(C(=O)Nc2ccc(S(=O)(=O)N(Cc3ccccc3)c3ccccc3)cc2)c1,,,456.57,random
CHEMBL1224415,CCN(CC)c1ccc(C2CC(c3cc(OC)c(OC)c(OC)c3)=NN2C(C)=O)cc1,,,425.53,random
CHEMBL387253,CS(=O)(=O)c1ccc(CNC(=O)c2cc(N)c(C#N)c(-c3ccoc3)n2)cc1,,,396.43,random
CHEMBL1191196,COc1ccccc1OCC1SCCN1C(=O)CNc1cc(Br)cc(Br)c1O,,,532.25,random
CHEMBL550432,COc1ccc2c(c1)OCc1c-2oc2c3c(c(O)cc12)OC(C)(C)C=C3,"LESPEFLORIN H2",,350.37,random
CHEMBL1429118,CC(C)CC(=O)Nc1ccc2c(c1)nc(CCN1CCCCC1)n2C,,,342.49,random
CHEMBL482298,CC(C)C[C@@H](C=O)NC(=O)[C@@H](NC(=O)c1ccc(C=O)s1)C(C)C,,,352.46,random
CHEMBL419634,COCCNS(=O)(=O)c1ccc(Nc2nccc(-c3cnc4ccc(C#N)cn34)n2)cc1,,,449.5,random
CHEMBL3234216,C=C[C@]1(C)CC[C@@]2(CO)C3=CC[C@H](O)C(C)(C)[C@@H]3CC[C@@H]2C1,,,304.47,random
CHEMBL1608290,CCOC(=O)c1ccc(-c2nnc(O)c3ccccc23)cc1,,,294.31,random
CHEMBL294454,CCCCCN(CCCCC)C(=O)[C@H](CCC(=O)O)NC(=O)[C@H](Cc1ccc(OP(=O)(O)O)cc1)NC(=O)CCc1ccccc1,,,661.73,random
CHEMBL2145402,CCN(CC)C(=O)C1=C(C)N(CCC2=CCCCC2)C(=O)C(CC(=O)NCc2cccs2)C1,,,471.67,random
CHEMBL1897351,COc1ccc(NC(=O)CCc2nnc3n(C)c(=O)c4sccc4n23)cc1Cl,,,417.88,random
CHEMBL3758410,COc1cc(N)c(Cl)cc1C(=O)N[C@H]1CCN(CCC(=O)N2CCOCC2)C[C@H]1OC,,,454.96,random
CHEMBL1190166,Cc1c(O)c(Cc2cccnc2)c2sc(N)nc2c1C,,,285.37,random
CHEMBL1441340,CCOc1ccc(CN2CCN(Cc3c[nH]c4ccccc34)CC2)cc1.O=C(O)C(=O)O,,,439.51,random
CHEMBL1189371,CCn1c2ccccc2c2cc(NC(=O)CN3CCC(N4C(=O)OCc5cccc(OC)c54)CC3)ccc21,,,512.61,random
CHEMBL3453664,Cc1cc(C)c(C#N)c(NCCn2cnnc2C(C)C)n1,,,284.37,random
CHEMBL328596,COc1ccc(C(=O)NCC(=O)O)cc1OC1CCCC1,,,293.32,random
CHEMBL404165,OC1CCc2cccc(Nc3cc(-c4ccc(C(F)(F)F)cc4)ncn3)c2C1,,,385.39,random
CHEMBL382948,O=C(O)Cc1ccc2oc(-c3ccc(NC(=O)/C=C/c4cccc(Br)c4)c(F)c3)nc2c1,,,495.3,random
CHEMBL256589,CCOc1ccc(-n2cc(-c3ccccc3)nc2[C@@H](C)N(CCS(=O)(=O)CC)C(=O)Cc2ccc(F)c(C(F)(F)F)c2)cc1,,,631.69,random
CHEMBL3670459,NCC1(c2ccc(OC(F)(F)F)cc2)CCN(c2ncnc3c(C(N)=O)cccc23)CC1,,,445.45,random
CHEMBL3100077,C[C@@H](CS)C(=O)NCc1ccccc1,,,209.31,random
CHEMBL1383323,CN(CCC#N)C(=O)COC(=O)c1cc(Cl)cc(Cl)c1N,,,330.17,random
CHEMBL598134,CO[C@]1(C(C)C)C=C2C(=O)C[C@@]3(C)[C@](C)(COC(=O)CCC(=O)O)CCC[C@]3(C)[C@H]2CC1,"ABIESADINE U",,448.6,random
CHEMBL1885938,CCc1nc2ccc(C(=O)Nc3cccc(OCC(=O)N(C)C)c3)cn2c1N(C)C(=O)c1ccncc1,,,500.56,random
CHEMBL3450001,O[C@@H]1CN(Cc2ccncc2)C[C@H]1Oc1ccccc1,,,270.33,random
CHEMBL3976128,Cc1ccnc(C2CN([C@H](C)c3nc4c(cnn4C4CCOCC4)c(=O)[nH]3)C2)n1,,,395.47,random
CHEMBL74297,CSC1OC(C(NC(=O)[C@@H]2C[C@H](C(C)(C)C)CCN2)C(C)Cl)C(O)C(O)C1O,,,439.02,random
CHEMBL1728379,Cc1ccc(OCC(=O)N(Cc2ccco2)Cc2ccco2)cc1C,,,339.39,random
CHEMBL4300461,COc1ccc(-c2cc3cc(C)ccc3c(-c3ccc(OCCN(C)C)cc3)n2)cc1OC,,,442.56,random
CHEMBL2135438,O=C(Nc1cccc(Cl)c1)Nc1nnc([C@@H]2C[C@H](O)[C@@H](CO)O2)s1,,,370.82,random
CHEMBL2004433,CCOc1ccc2c(c1)[n+]([O-])c(-c1ccccc1Cl)c(N)[n+]2[O-],,,331.76,random
CHEMBL441886,NCc1cnc(C2=CCC(N(CCN3CCCC3)C(=O)Nc3ccc(F)c(Cl)c3)CC2)s1,,,478.04,random
CHEMBL55279,CS/C(=N\c1cccc(C2CN3CCSC3=N2)c1)Nc1cccc(C#N)c1,,,393.54,random
CHEMBL1465666,CC(C)C(=O)NC(=S)Nc1ccccc1C(F)(F)F,,,290.31,random
CHEMBL284586,CN1CCc2ccc3c4c2[C@H]1Cc1cccc(c1-4)C3,,,247.34,random
CHEMBL1901452,Nc1nn(-c2ccccc2Cl)cc1-c1nn[nH]n1,,,261.68,random
CHEMBL1336187,N#Cc1ccccc1NC(=O)C1SC(Nc2ccccc2)=C(c2nc3ccccc3s2)C1=N,,,467.58,random
CHEMBL55569,C[C@@H](NC(=O)c1nc(-c2ccc(Cl)cc2)no1)[C@](O)(Cn1cncn1)c1ccc(F)cc1F,,,474.86,random
CHEMBL473197,CC1CC2(C)CC(=O)C1C1C(=O)N(OCCCN3CCN(c4cccc(Cl)c4)CC3)C(=O)C12,,,474,random
CHEMBL528880,CN(C)CCCOc1ccc(CNCc2cccc(Oc3ccc(Cl)cc3)c2)cc1,,,424.97,random
CHEMBL3964033,O=C(CCCCCn1cc(-c2ccc3ncnc(Nc4ccc(OCc5cccc(F)c5)c(Cl)c4)c3c2)nn1)NO,,,576.03,random
CHEMBL1241164,COc1ccc(C(O)CN(C)N)cc1,,,196.25,random
CHEMBL3665595,CC(C)(C)C[C@@H]1N[C@@H](C(=O)N[C@H]2C[C@@](C)(O)C2)[C@H](c2cccc(Cl)c2F)[C@]12C(=O)Nc1cc(Cl)c(F)cc12,,,566.48,random
CHEMBL1486798,Cn1c(=O)n(Cc2ccc(Cl)cc2)c2ccccc21,,,272.74,random
CHEMBL3678493,O=C(O)[C@@H]1CCCC[C@@H]1c1nc2cc(OCc3ccc4cc(F)ccc4n3)ccc2n1Cc1ccc(N2CCC(C(F)(F)F)CC2)cc1,,,660.71,random
CHEMBL3707058,N[C@@H](Cc1c[nH]c2ccccc12)C(=O)N[C@H](C(=O)O)[C@H]1O[C@@H](n2ccc(=O)[nH]c2=O)[C@H](O)[C@@H]1O,,,473.44,random
CHEMBL1870385,COc1ccc(CNC(=O)CN(Cc2ccccc2)C(=O)CCC(=O)Nc2ccccn2)cc1,,,460.53,random
CHEMBL115276,COC(=O)[C@@H]1CCCN1CCOc1ccc(Cc2ccccc2)cc1,,,339.44,random
CHEMBL1497895,CN(C)S(=O)(=O)c1cccc(-c2nnc(SCCNCCO)n2-c2ccc(F)cc2)c1.O=C(O)C(=O)O,,,555.61,random
CHEMBL1976448,O=C1Cc2c(-c3ccccc3)cc(-c3ccc(Cl)cc3)nc2-c2ccccc2N1,,,396.88,random
CHEMBL1498834,N#Cc1ccc(NCCc2ccccn2)c([N+](=O)[O-])c1,,,268.28,random
CHEMBL545717,Cl.O=C1c2cccc3c2[C@H](CCC3)CN1[C@H]1CN2CCC1CC2,,,332.88,random
CHEMBL39938,CC[C@@H](CO[N+](=O)[O-])NC(=O)[C@@H]1CSC(=O)N1,,,263.27,random
CHEMBL1862562,COc1cc(CN(C)Cc2coc(-c3ccc(Br)cc3)n2)cc(OC)c1OC,,,447.33,random
CHEMBL1494519,Cc1ccc(CCNC(=O)c2sc3nc4n(c(=O)c3c2C)CCCC4)cc1,,,381.5,random
CHEMBL3827509,COc1cc(/C=C/C(=O)c2cc(C(=O)O)c3c(C)cc(C)cn23)cc(OC)c1OC,,,409.44,random
CHEMBL2170363,CCCC/C(=C\c1cccc(OCCc2ccccc2)c1OCCc1ccccc1)C(=O)O,,,444.57,random
CHEMBL1209325,CCCCCCCc1nc(-c2ccc(CNC(=O)[C@H]3NCC[C@@H]3O)cc2)nn1C,,,399.54,random
CHEMBL2346936,Cc1ccc2ccccc2c1/C=N/NC(=N)N.Cl,,,262.74,random
CHEMBL1860740,CC(C)N(Cc1coc(-c2cccc3ccccc23)n1)c1ccccc1,,,342.44,random
CHEMBL1539014,CCc1nn(-c2ccccc2)c2c1-c1cc(OC)c(OC)cc1C1(N2)C(=O)Nc2ccccc21,,,452.51,random
CHEMBL1316178,CC(=O)OC1CC[C@]2(C)C(CC(OC(C)=O)[C@@]3(C)C4=CC(=O)OC(c5ccoc5)[C@]4(C)CCC23)C1(C)C,,,512.64,random
CHEMBL4081863,Cc1nc(-c2cccc3ccccc23)sc1C(=O)N1CCC(CO)CC1,,,366.49,random
CHEMBL1574807,Cc1ccc2c(c1)N(CC(=O)NC1CCCCC1)C(=O)c1cccnc1O2,,,365.43,random
CHEMBL1726104,Cc1ccc(C(=O)OCC(=O)NCc2ccc3c(c2)OCO3)cc1S(=O)(=O)N1CCOCC1,,,476.51,random
CHEMBL1807301,CCc1cccc(CC)c1NC(=O)c1nn(C)c2c1CCc1cnc(Nc3ccc(C(=O)N4CCC[C@H]4CN4CCCC4)cc3OC)nc1-2,,,662.84,random
CHEMBL3213410,C/C(=N\NC(=O)c1cccnc1)c1ccc(-c2ccccc2)cc1,,,315.38,random
CHEMBL1904867,CCCCCC1CC(=O)C=C(C)C1C(=O)OC,,,238.33,random
CHEMBL3495217,Cn1cc(-c2nc(CN3CCN(CCO)CC3)cs2)cn1,,,307.42,random
CHEMBL4225061,COc1ccc(-c2ccc3ncnc(N[C@H]4CCN(C(=O)C5CCCC5)C4)c3c2)cn1,,,417.51,random
CHEMBL3733055,O=C(c1ccc(O)cc1O)N(Cc1cccnc1)c1ccc(-c2ncnc3ccc(Cl)cc23)cc1,,,482.93,random
CHEMBL1882413,COc1cc(OC)c2c(-c3ccccc3)cc(C3CCCCC3)nc2c1,,,347.46,random
CHEMBL4108966,CC1[C@H](/C=C/c2ccc(-c3ccccc3C#N)cn2)C2[C@@H](C)OC(=O)[C@]2(NCc2cccnc2)CC1(F)F,,,514.58,random
CHEMBL3691460,Cc1nc([C@@H]2CCOC2)c2c(N3CCc4cnn(C(C)C)c4C3)ncnn12,,,367.46,random
CHEMBL2418302,O=C1Nc2ccc(Cl)cc2C(=O)/C1=N/Nc1ccc(F)cc1,,,317.71,random
CHEMBL4060245,Clc1ccc(-c2cnc(-c3ccc4nc(-c5c(Cl)cccc5Cl)[nH]c4c3)o2)cc1,,,440.72,random
CHEMBL1549035,CC(=O)N1CCCC(C(=O)c2ccc(Oc3ccccc3)cc2)C1,,,323.39,random
CHEMBL108957,CC1=C(COP(N)(=O)N(CCBr)CCBr)C(=O)c2ccccc2C1=O,,,494.12,random
CHEMBL1766742,CC(=O)OC[C@H]1O[C@@H](n2c(SCc3cc4cc(Br)ccc4oc3=O)nc3cncnc32)[C@H](OC(C)=O)[C@@H]1OC(C)=O,,,647.46,random
CHEMBL2269248,COC(=O)C1(c2ccccc2)C(=O)N(C(C)(C)c2cccc(Cl)c2)C=C1C,,,383.88,random
CHEMBL429912,COc1cccc(CN2CC[C@@H](NC(=O)CNC(=O)c3cccc(C(F)(F)F)c3)C2)c1,,,435.45,random
CHEMBL165107,CCCCCCCCCCCCOOC(C)(C)OC,,,274.44,random
CHEMBL1592602,Cc1ccc(C2=CC(c3ccc(Cl)cc3)n3nc(-c4ccc(C)cc4)nc3N2)cc1,,,412.92,random
CHEMBL9636,CN1CCC23c4c5ccc(O)c4OC2[C@H](O)[C@](CO)(CCc2ccccc2)CC3C1C5,,,421.54,random
CHEMBL33181,COC(=O)C(CSc1ccc(NC(C)=O)cc1)n1c(=O)n2n(c1=O)C(C(=O)NC[C@H]1CC[C@H](N)CC1)C=CC2,,,558.66,random
CHEMBL4242124,COc1ccc(NC(=O)[C@@H]2CCC3=Nc4ccccc4CN32)cc1,,,321.38,random
CHEMBL605398,C/C=C1\CN2[C@H]3C[C@@]45c6ccccc6N(C)[C@@H]4[C@@H]2C[C@@H]1[C@@]3(C(=O)OC)C5OC(=O)c1ccc(OC)c(OC)c1,,,530.62,random
CHEMBL1416287,CCCCNC(=O)CCn1c(=O)c2ccccc2n(CC(=O)Nc2ccccc2OCC)c1=O,,,466.54,random
CHEMBL1357801,COCCOc1ccc(C(F)(F)F)cc1NC(=O)COC(=O)C1=COCCO1,,,405.33,random
CHEMBL1613708,C=CCn1c(SCC(=O)NCCOC)nc2scc(-c3ccco3)c2c1=O,,,405.5,random
CHEMBL4291458,Nc1nc(OCc2cccc(OC(F)F)c2)c2nn[nH]c2n1,,,308.25,random
CHEMBL489017,NC(Cc1ccc(F)cc1)c1ccc(O)cc1O,,,247.27,random
CHEMBL1488757,Nc1nc(Nc2ccccc2)nc(NCc2ccccc2)c1[N+](=O)[O-],,,336.36,random
CHEMBL372135,COC(=O)CN1C(=O)C2(CCN(C(C)c3ccccc3)CC2)c2ccccc21,,,378.47,random
CHEMBL1272166,OC(c1ccccc1)c1cn(C[C@@H]2Cc3c([nH]c4ccccc34)CN2)nn1,,,359.43,random
CHEMBL3632696,O=C(NC1CCN(CC(O)COc2ccc(C(F)(F)F)cc2)CC1)c1ccccc1,,,422.45,random
CHEMBL4225304,C[C@@H]1C[C@H](C)C[C@H](C)[C@@H](O)CC(=O)O[C@@H]([C@@H]2CCC[C@H]2C(=O)O)C/C=C\C=C(/C#N)[C@H](O)[C@@H](C)C1,,,489.65,random
CHEMBL381455,C=CCOC(=O)c1ccc(S(N)(=O)=O)cc1,,,241.27,random
CHEMBL1443885,O=C(CCN1C(=O)c2ccccc2C1=O)Nc1ccc(F)cc1,,,312.3,random
CHEMBL238016,CC(C)(c1ccc(NC(=O)c2ccc(-c3ncccc3Cl)cc2)cc1)C(F)(F)F,,,418.85,random
CHEMBL1712058,CC1Cc2cc(S(=O)(=O)N3CCN(c4ccccc4)CC3)ccc2N1C(=O)C1CC1,,,425.55,random
CHEMBL1568138,COC(=O)c1ccc(NC(=O)c2cccc(NC(=O)c3ccccc3)c2)cc1,,,374.4,random
CHEMBL1705576,COc1ccc(S(=O)(=O)CCC(=O)N2CCN(c3ccc(C(C)=O)cc3)CC2)cc1,,,430.53,random
CHEMBL345667,[O-][S+]1c2ccccc2SN1C1CCCCCCC1,,,281.45,random
CHEMBL1549692,N#Cc1sc2nc3c(c(-c4ccco4)c2c1N)CCCC3,,,295.37,random
CHEMBL1448491,O=C(NCCCO)C(=O)Nc1ccc2c(c1)N(S(=O)(=O)c1cccs1)CCC2,,,423.52,random
CHEMBL103796,Cc1ccc2c(O)cc(Cc3ccccc3)nc2n1,,,250.3,random
CHEMBL32640,CS(=O)(=O)Nc1cc([C@@H](O)CNC2CCN(c3ccc(CC(=O)O)cc3)CC2)ccc1O,,,463.56,random
CHEMBL3742062,COc1cnc2ccc(=O)n(CCN3CCN(C(=O)Nc4ccc(Cl)cc4)CC3)c2c1,,,441.92,random
CHEMBL4081997,NCCNS(=O)(=O)c1ccc(-c2ccc(CSc3nc4c(c(=O)[nH]3)CCC4)cc2)cc1,,,456.59,random
CHEMBL3394902,COc1cccc(C(=O)Nc2ccc(C(=O)N/N=C/c3cc(Br)c(O)c(OC)c3)cc2)c1,,,498.33,random
CHEMBL1462887,COc1ccc(-n2nnc3c(=O)n(C/C=C/c4ccccc4)cnc32)cc1,,,359.39,random
CHEMBL587997,COc1cc(CCCON2C(=N)N=C(N)NC2(C)C)cc(OC)c1OC,,,365.43,random
CHEMBL235224,CC(C)CCn1c(CN2C(=O)CSc3ccccc32)nc2ccccc21,,,365.5,random
CHEMBL4110819,COCCOc1n[nH]c2c(F)c(NC(=O)N[C@H](CO)c3ccccc3)ncc12,,,389.39,random
CHEMBL2282614,O=C(NCCNc1ccnc2c(F)cc(F)cc12)Nc1cc(C(F)(F)F)ccc1Cl,,,444.79,random
CHEMBL1193143,CCC(C)[C@H](N)C(=O)OCC(CCn1cnc2c(O)nc(N)nc21)COC(C)=O,,,408.46,random
CHEMBL1191367,OC[C@H]1N[C@@H](c2c(F)[nH]c3c(O)ncnc23)C(O)[C@H]1O,,,284.25,random
CHEMBL347944,CCOc1cc(NC(C)=O)c(Cl)cc1C(=O)NCC1CN(Cc2ccc(F)cc2)CCO1,,,463.94,random
CHEMBL568269,C=C(C)C(=O)c1ccc(OCc2nc(-c3ccccc3)no2)c(C)c1C,,,348.4,random
CHEMBL2333941,C[C@@]1(c2cc(-c3cncnc3)c(F)cc2F)CCSC(N)=N1,LY-2811376,1,320.37,random
CHEMBL2392925,Cc1nc(-c2ccc(Cl)cn2)nc(NC[C@H](NCCCCc2ccc(Cl)cc2)c2ccccc2)c1Cl,,,540.93,random
CHEMBL1938884,O=C(/C=C/c1ccc2nccnc2c1)c1ccc([N+](=O)[O-])cc1,,,305.29,random
CHEMBL1862980,COc1ccccc1N1CCN(C(c2cncnc2)c2ccc(Cl)cc2F)CC1,,,412.9,random
CHEMBL1874790,COc1ccc(NC(=O)COC(=O)Cc2c[nH]c3ccccc23)cc1Cl,,,372.81,random
CHEMBL463802,Cc1cc2c(c3c1OC(O)C3O)-c1ccc(O)c(C)c1CC2,,,298.34,random
CHEMBL138975,Cc1cccc(C)c1C(=O)N1CCC(C)(N2CCC(/C(=N\OC(C)C)c3ccc(Br)cc3)CC2)CC1,,,554.57,random
CHEMBL1373799,CC(=O)Nc1ccc(OC(=O)c2ccco2)cc1,,,245.23,random
CHEMBL1527590,Cc1cccc(N=Nc2c[nH]nc2-c2ccco2)c1,,,252.28,random
CHEMBL1368619,Cc1ccc(-c2cn3c(S)nnc3s2)cc1,,,247.35,random
CHEMBL1905120,Cc1nnc(SCCC(=O)Nc2ccccc2Cl)o1,,,297.77,random
CHEMBL3288712,O=c1c(O)c(-c2ccc(O)c(O)c2)oc2cc(OCc3ccc(F)cc3)cc(O)c12,,,410.35,random
CHEMBL610499,O=C(NCCCN1CCOCC1)c1ccc(Cl)nc1,,,283.76,random
CHEMBL1413762,CC1CCN(CCCNC(=O)CN2C(=O)CSc3ccc(S(=O)(=O)N4CCCCC4)cc32)CC1,,,508.71,random
CHEMBL1944870,CC(C)CN1C/C=C/CCOc2cccc(c2)-c2ccnc(n2)Nc2cccc(c2)C1,,,414.55,random
CHEMBL4247239,CC(C)OC1OC(=O)C(Cl)=C1N1CCCCC1,,,259.73,random
CHEMBL1724611,O=c1c2ccccc2n(Cc2ccccc2Cl)c(=O)n1CCc1ccccc1,,,390.87,random
CHEMBL2229550,CCN(CC)SN(C(=O)NC(=O)c1c(F)cccc1F)c1ccccc1,,,379.43,random
CHEMBL334635,Cc1cnc2c(c1)CCc1cc(Cl)ccc1C2=C1CCN(C(=O)Cc2ccncc2)CC1,,,443.98,random
CHEMBL78687,CN1C(=O)/C(=C(/S)N(C)c2ccccc2)C(=O)c2ccc(Cl)cc21,,,358.85,random
CHEMBL2205808,COc1ccnc(-c2cc(OC)ccn2)c1,,,216.24,random
CHEMBL1602923,COc1ccc(C(=O)O/N=C(\N)c2ccccc2)cc1,,,270.29,random
CHEMBL4065503,Cc1nnc(NC(=S)Nc2ccc3ncnc(Nc4cccc(Cl)c4)c3c2)s1,,,427.95,random
CHEMBL273789,CS(=O)(=O)CCN(CCCCOc1ccc2ncnc(Nc3ccc(OCc4ccccc4)cc3)c2c1)C(=O)C(F)(F)F,,,616.66,random
CHEMBL1603369,Cc1ccc(S(=O)(=O)n2ccc(=O)[nH]2)cc1,,,238.27,random
CHEMBL196725,CCn1c2ccccc2c2cc(/C=N/O[C@@H]3OC(CO)C(O)[C@H](O)C3O)ccc21,,,400.43,random
CHEMBL1343805,Cc1ccc(C(=O)OCC(=O)Nc2sccc2C(N)=O)cc1NC(=O)c1ccco1,,,427.44,random
CHEMBL119761,Cc1ccc(NC(=O)c2cccc([N+](=O)[O-])c2)c(Oc2ccc(C(=O)O)c(C(=O)O)c2)c1,,,436.38,random
CHEMBL1740206,CCN1CCCC1CNCc1cc(OC)c(OC)c(OC)c1,,,308.42,random
CHEMBL1719873,COc1ccc(OC)c(C2C(C(=O)c3ccc(C)o3)=C(O)C(=O)N2CCCN2CCOCC2)c1,,,470.52,random
CHEMBL3353878,CC(C)(C)c1cc(NC(=O)[C@@H]2C[C@@H](O)CN2C2CCCCC2)on1,,,335.45,random
CHEMBL522438,CN1CCC2(CC1)CCN(C(=O)CCNC(=O)c1nc3ccccc3n1Cc1ccccc1)CC2,,,473.62,random
CHEMBL131381,NC(CCc1ccncc1)COc1ccc(-c2cccc([N+](=O)[O-])c2)cc1,,,363.42,random
CHEMBL604530,CC1(C)CC(=O)C2=C(C1)Nc1ccccc1N(C(=O)Cc1ccccc1)C2c1ccc([N+](=O)[O-])s1,,,487.58,random
CHEMBL1836593,O=[N+]([O-])c1cn2c(n1)OC[C@@H](Oc1ccnc(-c3ccc(C(F)(F)F)nc3)c1)C2,,,407.31,random
CHEMBL250177,CC(C)S(=O)(=O)n1c(N)nc2ccc(NC(=O)c3ccccc3Cl)cc21,,,392.87,random
CHEMBL546268,O=[N+]([O-])c1ccc(C(O)P(=O)(c2ccccc2)c2ccccc2)cc1,,,353.31,random
CHEMBL1315689,O=C(NCCCN1CCOCC1)c1cc2ccccc2cc1O,,,314.39,random
CHEMBL3594114,C[C@]12CC[C@@H](OS(=O)(=O)O)C[C@H]1CC[C@@H]1[C@@H]2CC[C@@]2(C)[C@H]1CCC2(F)F.c1ccncc1,,,471.61,random
CHEMBL1389487,CCOC(=O)c1cn(Cc2cccc(Cl)c2)nn1,,,265.7,random
CHEMBL1529544,CCN1C(=O)c2ccccc2[S+]([O-])c2ccc(C(=O)NCc3ccc(C)cc3)cc21,,,418.52,random
CHEMBL1546509,CC1CCCN(C(=O)COc2ccc3c(c2)OCO3)C1,,,277.32,random
CHEMBL1205944,N#CCC1=C(C(=O)O)N2C(=O)/C(=C/c3ccccn3)C2S(=O)(=O)C1,,,345.34,random
CHEMBL3341891,O=C(Nc1cccc(Cl)c1)Nc1cccc(-c2cccc(N3CCCC3)n2)c1,,,392.89,random
CHEMBL398543,C[C@@]1(O)[C@H](O)[C@@H](COC(=S)NCc2ccccc2)O[C@H]1n1cnc2c(N[C@@H]3CCOC3)ncnc21,,,500.58,random
CHEMBL608409,COc1ccc(/N=C(C)\C(C)=N\c2ccc(OC)cc2)cc1,,,296.37,random
CHEMBL3298182,O=c1[nH]cnc2cc3[nH]c(NCCN4CCCCC4)nc3cc12,,,312.38,random
CHEMBL4173206,C=CCc1ccc(O)c(-c2cc(C(=O)O)ccc2O)c1,,,270.28,random
CHEMBL1964689,O=C(Nc1cc(C(F)(F)F)ccc1Cl)C(=O)C(C(=O)c1ccc2ccccc2c1)C1OC(=O)c2ccccc21,,,551.9,random
CHEMBL1363215,CCc1cc(C(=O)N2CCN(c3ncc(C(F)(F)F)cc3Cl)CC2)sc1C,,,417.88,random
CHEMBL2238365,CCCCn1c(=O)c2ccccc2n2c(-c3cccc([N+](=O)[O-])c3)nnc12,,,363.38,random
CHEMBL3973883,CC1(C)C(=O)CC[C@]2(C)[C@@H]1CC[C@]13C[C@H](CO)[C@@H](CC[C@H]12)C3,,,304.47,random
CHEMBL4213250,O=c1oc(-c2ccccc2F)nc2nccnc12,,,243.2,random
CHEMBL4281662,CC(=O)N1CCN(Cc2c(-c3ccc(Cl)cc3)nc3ccc(N(C(F)F)S(C)(=O)=O)cn23)CC1,,,511.98,random
CHEMBL1434193,Cc1ccc(NC(=O)CNC(=O)c2ccc(Br)o2)nc1,,,338.16,random
CHEMBL3946794,CC(C)(C)c1ccc(C2=C(C(=O)NS(C)(=O)=O)C(=O)N[C@](C)(c3ccc(OCCCC(F)(F)F)cc3)C2)cc1,,,566.64,random
CHEMBL3490426,Cc1cc(C)n(CC2CCCN2C(=O)CCc2nccs2)n1,,,318.45,random
CHEMBL2013162,Cc1cccnc1Nc1ncc(-c2cncc(C(=O)NCCN)c2)s1,,,354.44,random
CHEMBL378207,CN(C)c1ccc2c(c1)OC(N)=C(C#N)C2c1cn([C@H]2C[C@H](O)[C@@H](CO)O2)c(=O)[nH]c1=O,,,441.44,random
CHEMBL1991641,COC(=O)[C@@H]1CCCCC[C@H]2C(CO)=C(C)C(=O)C12,,,266.34,random
CHEMBL1465620,CCCCNC(=O)c1sc2nc(C)cc(COC)c2c1-n1cccc1,,,357.48,random
CHEMBL52122,COc1ccc(C2=NOC(C(=O)Nc3ccc(-c4ccccc4S(N)(=O)=O)cc3)C2)cc1,,,451.5,random
CHEMBL218578,CC(O)(CSc1ccc(F)cc1)c1cc2cc(C#N)c(C(F)(F)F)cc2[nH]1,,,394.39,random
CHEMBL3233269,COc1ccc(F)cc1C(C)(C)CC(C)(O)Cc1cc2ccncc2[nH]1,,,356.44,random
CHEMBL3673308,NC1CCc2ccc(CNS(=O)(=O)C3CCC3)cc2C1Cc1ccc(F)c(F)c1,,,420.53,random
CHEMBL1515286,CC(OC(=O)c1cc(O)c2ccccc2c1O)C(=O)Nc1ccc(C(N)=O)cc1,,,394.38,random
CHEMBL3277573,COc1ccc(C(=O)NNC(C)C)cc1,,,208.26,random
CHEMBL2136447,Cc1ccc(C)c(OCCC(=O)OCC(=O)Nc2cccnc2Cl)c1,,,362.81,random
CHEMBL331493,Cn1c2c(ccc1=O)C(NCCCc1ccccc1)CCC2,,,296.41,random
CHEMBL1928174,Cc1cc(-c2cccc(C(=O)c3cc(O)cc(F)c3)n2)ccc1O,,,323.32,random
CHEMBL2180936,Cn1cc2c(nc(NCc3ccc(F)cc3)n3nc(-c4ccco4)nc23)n1,,,363.36,random
CHEMBL1765893,COc1cc(/C=C2\SC(c3ccc(C)cc3)=NC2=O)cc(Cl)c1O,,,359.83,random
CHEMBL37956,CN1CCCC2(c3ccccc3)CCC1C2.O=C(O)C(=O)O,,,305.37,random
CHEMBL3927772,O=C1CN(Cc2cccnc2)CCN1CC(O)CN1CCc2ccccc2C1,,,380.49,random
CHEMBL1393807,CCCC(C)c1nnc(NC(=O)C2CC(=O)N(CCc3ccc(F)cc3)C2)s1,,,404.51,random
CHEMBL409328,CNC(=O)c1ccc(C)c(Nc2ncnc3c2cnn3-c2c(C)cc(C)cc2C)c1,,,400.49,random
CHEMBL1369825,COC1=CC(=O)CC(C)C12Oc1c(Cl)c(OC)cc(OC)c1C2=O,,,352.77,random
CHEMBL187083,[O-][N+]1(Cc2ccc3ccccc3c2)CCC(O)(c2ccc(Cl)c(C(F)(F)F)c2)CC1,,,435.87,random
CHEMBL284186,CCCCCCN1CCCC[C@H]1[C@H]1COC(c2ccccc2)(c2ccccc2)O1,,,393.57,random
CHEMBL3245794,N#CCC[P+](CCC#N)(CCC#N)CCN1C(=O)c2ccccc2C1=O.O.[Br-],,,465.29,random
CHEMBL223578,O=C(NO)C(Cc1ccccc1)C(=O)N1CCN(c2ccccc2)CC1,,,353.42,random
CHEMBL3715217,CC(C)(Nc1cccc(NS(C)(=O)=O)c1)C(=O)Nc1nc2c(C(F)(F)F)cc3[nH]ncc3c2s1,,,512.54,random
CHEMBL3810263,O=C(Nc1ccc(F)cc1)Nc1ccc(CNc2nc3ccc(OCCN4CCOCC4)cc3o2)cc1,,,505.55,random
CHEMBL4217365,c1ccc(-c2nc3ccccc3c3c2c(-c2ccccc2)nn3-c2ccccc2)cc1,,,397.48,random
CHEMBL3440704,O=C1CCC2(CCN(Cc3ccsc3)CC2)N1Cc1ccccc1,,,340.49,random
CHEMBL3490368,COc1ccccc1COCC(O)CN1CC(n2cccn2)C1,,,317.39,random
CHEMBL68513,CCC(C)C(=O)O[C@@H]1c2c(ccc3ccc(=O)oc23)OC(C)(C)[C@@H]1OC(C)=O,,,388.42,random
CHEMBL1880184,Cc1ccc(C)c(NC(=O)CSc2nncn2C)c1,,,276.37,random
CHEMBL3445230,O=C(O)Cn1nc(C2CC2)c2c(-c3ccc(F)cc3)ccnc21,,,311.32,random
CHEMBL1196079,CCOC(=O)c1c(C)nc(C)c(C(=O)OCC)c1-c1cccc(-n2ccnc2)c1,,,393.44,random
CHEMBL3234343,CC[N+](C)(CC)CCCC(=O)[O-],,,173.26,random
CHEMBL4170766,CC(C)=CCc1c(O)c(CN(C)C)c2oc3c(CN(C)C)c(O)c(O)c(CC=C(C)C)c3c(=O)c2c1O,,,510.63,random
CHEMBL3742107,CCCCCCOc1ccc(CN2CCC[C@H](C(=O)O)C2)cc1,,,319.44,random
CHEMBL1599379,CCOc1ccc(CN2CCN(Cc3nc(C(C)C)cs3)CC2CCO)cc1,,,403.59,random
CHEMBL197931,Cc1cc(F)ccc1COc1ccc(C(=O)NCC(=O)NO)cc1,,,332.33,random
CHEMBL2288567,CNC(=O)/C(=N/OC)c1ccccc1Oc1ccc(C(C)C)cc1C(C)C,,,368.48,random
CHEMBL3604439,CN1CCN(CCCC[C@@H]2[C@H]3CCCN4CCC[C@@H](CN2S(=O)(=O)c2ccc(S(C)(=O)=O)cc2)[C@@H]34)CC1,,,552.81,random
CHEMBL4110366,C[C@H](Nc1nccc(N2C(=O)OC[C@@H]2[C@@H](C)N)n1)c1cnc(-c2ccc(Cl)cc2)s1,,,444.95,random
CHEMBL1490042,Cn1c(C(=O)NCCCN2CCN(c3ccccc3F)CC2)cc2c(=O)n(C)c3ccccc3c21,,,475.57,random
CHEMBL2424750,COc1ccc(C2CC(c3ccc(NC(=O)c4cc(Cl)ccc4OC)cc3)=NN2C(C)=O)cc1,,,477.95,random
CHEMBL3557044,CO[C@@H]1CCN(C(=O)c2ccsc2)[C@@H]2CN(CC3CC3)C[C@@H]21,,,320.46,random
CHEMBL3091569,Cc1cnc(Nc2ccc(C(=O)Nc3ccccc3CN3CCN(C)CC3)cc2)nc1-c1ccc(OC(F)(F)F)cc1,,,576.62,random
CHEMBL4066345,CCOc1cc(C(=O)N2CC3(CC(c4ccc(C(=O)O)cc4)=NO3)C2)cc(OCC)c1-c1ccc(F)cc1,,,518.54,random
CHEMBL3448808,CNC(=O)C1(C)CCCN(c2cnccn2)C1,,,234.3,random
CHEMBL377006,N#Cc1c(-c2ccc(OC(F)(F)F)cc2)c(NCCc2ccccc2)n2c(Cl)cccc12,,,455.87,random
CHEMBL1514355,O=C(CSc1nnnn1C1CC1)Nc1cccc(S(=O)(=O)N2CCCC2)c1,,,408.51,random
CHEMBL171661,N[C@H](C1CCCCC1)[C@H](O)C(=O)NNC(=O)c1cccc(Cl)c1,,,339.82,random
CHEMBL305804,CCN(CC)C(=O)c1ccccc1-c1ccc(CN2C(=O)[C@H](NC(=O)CC(C)(C)N)CCc3ccccc32)cc1,,,540.71,random
CHEMBL1605361,O=C(Nc1ccc(S(=O)(=O)N2CCCCC2)cc1)C1CCCCC1,,,350.48,random
CHEMBL1347742,[Cl-].c1ccc(Cn2c[n+](Cc3ccccc3)c3ccccc32)cc1,,,334.85,random
CHEMBL1355324,Cc1ccc2nc(COc3cccc(NC(=O)COc4ccc(F)cc4)c3)cc(=O)n2c1,,,433.44,random
CHEMBL4300602,CN(C/C=C/c1ccc(Cl)cc1Cl)Cc1ccc2c(c1)OCO2,,,350.25,random
CHEMBL421538,COC1(c2cccc(OCc3ccc4ccccc4c3)c2)CC[S+]([O-])CC1,,,380.51,random
CHEMBL3355697,O=C(Nc1ccccc1)c1cnc(NCCc2ccccc2)cn1,,,318.38,random
CHEMBL532902,CCOc1cc2ccccc2cc1CNCCCCCCNCc1cc2ccccc2cc1OCC.CS(=O)(=O)O,,,580.79,random
CHEMBL4105197,C=CC[C@]1(C(=O)c2ccccc2)C=CCN(Cc2ccccc2)[C@H]1CC#N,,,356.47,random
CHEMBL1580124,CCc1nc(SCC(=O)Nc2cccc(C(F)(F)F)c2)c2c(=O)n(C)c(=O)n(C)c2n1,,,453.45,random
CHEMBL2348658,O=C(O)c1cccc(C2CCCN2C(=O)C(Nc2ccccc2F)c2cc3ccccc3s2)c1,,,474.56,random
CHEMBL2004585,CCOC(=O)c1c(-c2ccccc2)[nH]c2ccc(Cl)cc2c1=O,,,327.77,random
CHEMBL3546022,CN1CCCN(c2ccc(C(=O)Nc3ccccc3C(=O)Nc3nc4ccccc4[nH]3)cc2)CC1,,,468.56,random
CHEMBL1593772,CCOC(=O)c1sc(NC(=O)c2cc(-c3ccc(F)cc3)on2)c(C(=O)OCC)c1C,,,446.46,random
CHEMBL373824,CC(C)(C)[C@H]1CC[C@H](N(Cc2ccc(C(=O)NCCC(=O)O)cc2)C(=O)Nc2ccc(OC(F)(F)F)cc2C#N)CC1,,,588.63,random
CHEMBL293688,Cc1cc(C)c2c(c1O)C(NC(=O)CN1CCN(c3cccc(Cl)c3)CC1)C(c1ccc(Cl)cc1)C2,,,524.49,random
CHEMBL3263780,CCOP(=O)(CC)Oc1cc(Nc2cc(-c3cccc([N+](=O)[O-])c3)ncn2)ccc1C,,,442.41,random
CHEMBL3334508,COc1cc2ccn3c(CC(C)C)nc4c(=O)[nH]c(c1OC)c2c43,,,325.37,random
CHEMBL102939,NCCCCCCCNCCCCCCCN=C(N)N,,,285.48,random
CHEMBL3219786,CC1=NCC(C23CC4CC(CC(C5CCCC5)(C4)C2)C3)N1C.Cl,,,336.95,random
CHEMBL1618697,OC1CN=C2C=CC=CN2C1,,,150.18,random
CHEMBL3230573,CCOc1ccc2[nH]cc(CCNC(C)=O)c2c1,,,246.31,random
CHEMBL1542782,COc1ccccc1N1CCN(C(=O)c2ccccc2NC(=O)C2CCCCC2C(=O)O)CC1,,,465.55,random
CHEMBL1090600,CC(C)(N)c1cc2nc(-c3cnc(N)nc3)nc(N3CCOCC3)c2s1,,,371.47,random
CHEMBL1721958,COC(=O)[C@@]12CCCCN1[C@H](c1ccc(-c3ccc(F)cc3)cc1)[C@H]1C(=O)N(C)C(=O)[C@H]12,,,436.48,random
CHEMBL3809368,Cc1ccc(NC(=O)c2cc(F)cc(C(F)(F)F)c2)cc1OC1CCN(C(=O)c2cccnc2)CC1,,,501.48,random
CHEMBL1165199,CC(C)(C)c1cc(O)c(C2C=CCCC2)cc1O,,,246.35,random
CHEMBL3084332,CCCc1cc(OC)c(C[C@H](N)CC)cc1OC.Cl,,,287.83,random
CHEMBL1999391,N#CC(Cc1ccccc1)N(CCC1=CCCCC1)Cc1ccccc1,,,344.5,random
CHEMBL1315856,C[C@H](CO)N1C[C@H](C)[C@@H](CN(C)S(=O)(=O)c2cn(C)cn2)Oc2ccc(NC(=O)Cn3cnnn3)cc2C1=O,,,561.63,random
CHEMBL4216289,CN1CC[C@@](O)(C#Cc2cccc(-c3ccc(N)c(C(N)=O)n3)c2)C1=O,,,350.38,random
CHEMBL1566058,Nc1c(-c2cccc(Cl)c2)cnn1-c1cccc([N+](=O)[O-])c1,,,314.73,random
CHEMBL436162,N#Cc1c(N2CCC3CCCCC3C2)[nH]c2cccnc12,,,280.38,random
CHEMBL1713135,CCc1nnc(NS(=O)(=O)c2ccc(NC(=O)c3ccccc3)cc2)s1,,,388.47,random
CHEMBL3409594,O=c1nc(-c2ccnc(NC3CCOCC3)n2)ccn1C(CO)c1ccc(Cl)c(F)c1,,,445.88,random
CHEMBL3309340,COc1cc(C=C2C(=O)NC(=S)NC2=O)cc(OC)c1O,,,308.32,random
CHEMBL2001787,COc1ccc(/C=C2\N=C3Sc4c([nH]cnc4=O)N3C2=O)cc1,,,326.34,random
CHEMBL397524,COc1cccc(C(=N)Nc2cc(C(=O)Nc3cc(C(=O)Nc4cc(C(=O)NCCCN5CCOCC5)n(C)c4)n(C)c3)n(C)c2)c1,,,643.75,random
CHEMBL3501526,CCC(=O)N1CCN(CCn2cccn2)c2ncccc2C1.O=C(O)C(F)(F)F,,,413.4,random
CHEMBL131596,COc1cc2c(c(OC)c1)CCC1(CN=CN1)C2,,,246.31,random
CHEMBL3951908,COc1ccc(Oc2nc3ccccc3nc2C(=O)Nc2cccc(S(N)(=O)=O)c2)c(OC)c1,,,480.5,random
CHEMBL226409,CC1Cc2c(C=O)ccc(O)c2C(=O)O1,,,206.2,random
CHEMBL1773339,COc1cc([C@@H]2c3cc4c(cc3[C@@H](OC(=O)NCC3CC3)[C@H]3COC(=O)[C@H]23)OCO4)cc(OC)c1OC,,,511.53,random
CHEMBL1875470,CC(=O)OCC1OC(n2cnc3c(=O)[nH]cnc32)C(OC(C)=O)C1OC(C)=O,,,394.34,random
CHEMBL1996913,Cl.N=C(N)NCCCCCCC(=O)NC(O)C(=O)NCCCCNCCCN,"GUSPERIMUS TRIHYDROCHLORIDE",,423.99,random
CHEMBL513007,Cc1nccc(-c2cccc(S(=O)(=O)N[C@@H](Cc3cccc(C(=N)N)c3)C(=O)N3CCC(CCN)CC3)c2)n1,,,549.7,random
CHEMBL4061378,CC(c1ccc2ncc(-c3cnn(C)c3)cc2c1)n1nnc2ncc(-c3ccncc3)nc21,,,433.48,random
CHEMBL1795619,O=c1c2cccnc2sn1Cc1ccc(Cl)c(Cl)c1,,,311.19,random
CHEMBL556350,Br.COc1ccc(C(=O)Cn2c3c(sc2=N)CC2CCCCC2C3)cc1,,,437.4,random
CHEMBL168899,O=C1Nc2ccccc2B(O)N1c1ccccc1,,,238.06,random
CHEMBL117787,CCC1=Nc2ccc(Cl)cc2CC(c2ccccc2)N1C,,,298.82,random
CHEMBL1369356,COC(=O)c1ccc(NC(=O)CCS(=O)(=O)c2ccc(C)cc2)cc1,,,361.42,random
CHEMBL391611,CC(C)(C)c1ccc(C(=O)Nc2ccccc2C(=O)Nc2ccc(Cl)cn2)c(OC2CCN(C(=O)Cn3cnnn3)CC2)c1,,,617.11,random
CHEMBL492851,C=CC(C)(CC/C=C(\C)CCCC(C)C(=O)[C@H](O)C=C(C)C)Oc1ccc(O)cc1CC(=O)OC,"NAHOCOL A1",,486.65,random
CHEMBL1354122,Cc1ccc(C)c(OCC(O)CN2C(C)CCCC2C)c1.Cl,,,327.9,random
CHEMBL196801,Cc1cccc(C)c1NC(=O)/N=N/c1c(O)[nH]c2ccc(Cl)cc12,,,342.79,random
CHEMBL108170,CN(C)c1cc2c(cn1)cc(-c1c(Cl)cccc1Cl)c(=O)n2C,,,348.23,random
CHEMBL142762,Cc1[nH]c2nc(C(C)c3ccccc3)nc(N)c2c1C,,,266.35,random
CHEMBL1257606,COc1ccc(/C=N/NC(=O)c2cc(Cl)c[nH]2)cc1OC,,,307.74,random
CHEMBL2004767,O=C1NC(=O)C(C(=O)C(=O)Nc2ccc(Cl)cc2Cl)C(=O)N1,,,344.11,random
CHEMBL1464100,CC(C)NC(=O)c1cc(-c2ccc3c(c2)OCO3)on1,,,274.28,random
CHEMBL168564,O=C1c2c(O)cccc2C(C(=O)Cc2ccc(F)cc2)c2cccc(O)c21,,,362.36,random
CHEMBL1700772,CC(C)c1ccc(S(=O)(=O)NCc2ccc(C(=O)NCCN(Cc3ccccc3)C(C)C)cc2)cc1,,,507.7,random
CHEMBL2028873,Cc1ccccc1S(=O)(=O)NC(=O)N[C@@H](CCCCN)C(=O)NCCC(=O)N[C@@H](Cc1c[nH]cn1)C(=O)O,,,551.63,random
CHEMBL1302108,CCOc1ccc2sc(NS(=O)(=O)c3ccc(OC)c(OC)c3)nc2c1,,,394.47,random
CHEMBL3211755,Cc1ccc(/N=C2\C(Cl)=C(O)OC2OC(C)C)c(C)c1,,,295.77,random
CHEMBL3251211,O=C([O-])c1cc(=O)c2ccc(OCCCCCCCCCOc3ccccc3)cc2o1.[Na+],,,446.48,random
CHEMBL3637884,O=C(Nc1nc(-c2ccccn2)cs1)C1CC1c1ccccc1F,,,339.4,random
CHEMBL1276887,O=C1O[C@@H]2[C@@H](O)[C@H](N(O)CCCc3ccc(N(CCCl)CCCl)cc3)O[C@@H]2[C@@H]1O,,,449.33,random
CHEMBL193887,C[C@@H](c1ccc(-c2ccc(NS(C)(=O)=O)cc2)cc1)[C@H](N)C(=O)N1CC[C@H](F)C1.O=C(O)C(F)(F)F,,,533.54,random
CHEMBL3221204,CCCCC/C=C\C/C=C\C/C=C\C/C=C\CCCC(=O)O[C@H](CO)COP(=O)(O)O[C@@H]1[C@@H](O)[C@H](O)[C@@H](O)[C@H](O)[C@@H]1O,,,620.67,random
CHEMBL555558,Br.Cc1nccc2cc(O)c(O)cc12,,,256.1,random
CHEMBL2227881,CCOCCOC(=O)/C(C#N)=C(\NCc1cc(-c2ccc(Cl)cc2Cl)no1)C(C)C,,,452.34,random
CHEMBL1688004,Cc1cc(NC(=O)Nc2ccc([N+](=O)[O-])c(C(F)(F)F)c2)c2ccccc2n1,,,390.32,random
CHEMBL1215878,CS/C=C/C(=O)N(C)C(=O)Cc1ccccc1,"PENIMIDE A",,249.34,random
CHEMBL2230306,CNC(=O)/C(=N/OC)c1ccccc1COc1c(C)c(-c2ccc(OCC(F)(F)F)cc2)nn1C,,,490.48,random
CHEMBL136841,COc1ccc2c(c1)C(N1CCN(CCO)CC1)CC2c1ccc(F)cc1,,,370.47,random
CHEMBL3623732,COC(=O)[C@@H](NC(=O)CCN1c2ccccc2Sc2ccccc21)C(C)C,,,384.5,random
CHEMBL2110981,CSc1ccc2c(c1)N(CC(C)CN(C)C)c1ccccc1S2,METHIOMEPRAZINE,-1,344.55,random
CHEMBL1881408,O=C(CCc1nnc2ccc(NCc3ccccc3Cl)nn12)N1CCC2(CC1)OCCO2,,,456.93,random
CHEMBL2064203,OC1Cc2sccc2C2(CCN(Cc3ccccc3)CC2)O1,,,315.44,random
CHEMBL3303777,C=CC[C@]12CCN(CC)[C@H](Cc3ccc(O)cc31)[C@@]2(C)O,,,287.4,random
CHEMBL2435700,O=c1c(NCCNc2ccnc3cc(Cl)ccc23)c(NCCNc2ccnc3cc(Cl)ccc23)c1=O,,,521.41,random
CHEMBL1356920,COc1ccccc1C(=O)n1nc(-c2ccco2)nc1NCc1ccc(Cl)cc1,,,408.85,random
CHEMBL1450719,O=C(Nc1ccccc1Cl)c1ccc(-n2cccn2)c([N+](=O)[O-])c1,,,342.74,random
CHEMBL3249845,CC1C2Cc3ccc(O)cc3C1(c1ccccc1)CCN2,,,279.38,random
CHEMBL3662344,CC(=O)N[C@@H](C)c1ccc(O[C@@H]2CCN(c3ccnc(N4CCCCC4)n3)C2)cc1,,,409.53,random
CHEMBL3108781,Cc1ccc(-c2nn3c(C)nnc3c3ccccc23)cc1S(=O)(=O)N(C)C,,,381.46,random
CHEMBL1892962,CC(=O)C1=C(O)C(=O)N(c2ccc(O)cc2)C1c1ccc(C)cc1,,,323.35,random
CHEMBL3786971,CNC(=O)N1N=C(c2ccc(N3CC4(CCS4(=O)=O)C3)cc2)c2cc(OC)c(OC)cc2CC1C,,,498.61,random
CHEMBL1835261,COc1ccc(Nc2nc3ccccc3nc2S(=O)(=O)c2ccc(C)cc2)cc1,,,405.48,random
CHEMBL306576,C=C(C=O)[C@@H]1C[C@@]2(C)C(=CC1=O)[C@H](OC(=O)/C(C)=C/C(C)CCCC)CC[C@@H]2C(=O)O/C(=N\C1CCCCC1)NC1CCCCC1,,,636.87,random
CHEMBL384023,O=C1C(=O)N(Cc2ccc(I)cc2)c2ccc(S(=O)(=O)N3CCC[C@H]3COc3ccccc3)cc21,,,602.45,random
CHEMBL531794,CN(C)CCOc1ccc(-c2cc(-c3ccncc3)c(-c3ccc(Cl)c(O)c3)[nH]2)cc1,,,433.94,random
CHEMBL1305980,CCN(CC)c1ccc2cc(C(N)=O)c(=O)oc2c1,,,260.29,random
CHEMBL3189911,CC(C)Oc1ccc(CCC(=O)N/N=C/c2ccncc2)cc1,,,311.39,random
CHEMBL1478979,COc1ccc(C)cc1N=C(S)N1CCN(c2ncccn2)CC1,,,343.46,random
CHEMBL2088839,NS(=O)(=O)c1ccc(Nc2nccc(-n3ncc4ccccc43)n2)cc1,,,366.41,random
CHEMBL1269679,Cc1cc(Cl)c(OCCOc2ccc([C@H]3CCNC[C@@H]3C(=O)N(Cc3cc(CNC4CC4)ccc3Cl)C3CC3)cc2)c(Cl)c1,,,657.08,random
CHEMBL175919,O=C(O)c1ccc(/C=N/Oc2ccc(C(=O)O)cc2)cc1,,,285.25,random
CHEMBL591149,CC(C)CN(CC(C)C)S(=O)(=O)c1ccc(C(=O)Nc2nc(-c3ccccn3)cs2)cc1,,,472.64,random
CHEMBL1535508,Nc1cccc(S(=O)(=O)c2cccc(N)c2)c1,,,248.31,random
CHEMBL316468,CC[C@@H](c1ccccc1)N1C(=O)c2c(F)c(F)c(F)c(F)c2C1=O,,,337.27,random
CHEMBL1928979,COc1ccc(/C=C/c2cc(OC)cc(OC)c2/C=C/C(=O)/C=C/c2ccc(Cl)cc2Cl)cc1,,,495.4,random
CHEMBL1461128,c1coc(-c2nnc(SCc3cn4ccccc4n3)o2)c1,,,298.33,random
CHEMBL1394417,COc1ccc(S(=O)(=O)NCCc2nnc3ccc(SCC(=O)Nc4ccc(C(F)(F)F)cc4)nn23)cc1,,,566.59,random
CHEMBL286326,O=C(NCc1cccc(CC(Oc2ccc(O)cc2)(P(=O)(O)O)P(=O)(O)O)c1)c1ccc(Cl)c(Cl)c1,,,576.26,random
CHEMBL4277784,COc1ccc(-n2c(C(=O)c3sc(Nc4ccc(Cl)cc4)nc3C)cnc2N)cc1,,,439.93,random
CHEMBL3673511,CN1CCC(c2cc3c(-c4cncc(N(C)Cc5ccccc5)n4)ccnc3[nH]2)CC1,,,412.54,random
CHEMBL1994862,COc1ccc(/C=N/n2c(C)n[nH]c2=O)cc1,,,232.24,random
CHEMBL4169089,CC1(C)CC(=O)c2cnn(-c3ccc(S(N)(=O)=O)cc3)c2C1,,,319.39,random
CHEMBL2348294,CN(C)C(=O)Cc1cc(I)c(Oc2ccc(O)c(I)c2)c(I)c1,,,649,random
CHEMBL2282732,O=C1C=C(/N=C\c2cccc(Br)c2)c2ccccc2C1=O,,,340.18,random
CHEMBL3810232,CCCCCCCCCCOc1cc2c(=O)c(C(=O)OCC)cn(S(=O)(=O)C3CC3)c2cc1OCC,,,521.68,random
CHEMBL3645137,CC(C)N1C(=O)N(Cc2cnc3cc4c(cc3c2)C[C@@]2(C4)C(=O)Nc3ncccc32)C2(CCCc3ccccc32)C1=O,,,557.65,random
CHEMBL3560302,CO[C@@H]1CN(C)C(=O)c2ccc(NC(=O)C3CC3)cc2OC[C@@H](C)N(Cc2cc(F)ccc2F)C[C@H]1C,,,515.6,random
CHEMBL1988387,Cn1cc(-c2cnc(N)c3c(-c4ccc(NC(=O)Nc5ccc(OC(F)F)cc5)cc4)csc23)cn1,,,506.54,random
CHEMBL516809,O=C1CC(CN2CCC(c3noc4cc(F)ccc34)CC2)Cc2oc(-c3ccccc3)cc21,,,444.51,random
CHEMBL456414,C=C1CC[C@@H]2C(C)(C)CCC[C@@]2(C)[C@@H]1CC1=C(O)C(=O)C=C(OC)C1=O,,,358.48,random
CHEMBL1977262,c1ccc(C2=NN(c3nc4ccccc4s3)C3(CCCCC3)N2)nc1,,,349.46,random
CHEMBL1488750,Cc1ccc(C(=O)COC(=O)C(Cc2c[nH]c3ccccc23)NC(=O)c2ccc(Br)cc2)cc1,,,519.4,random
CHEMBL1367478,C[C@@H](CCc1ccc(O)cc1)NCCc1ccc(O)c(O)c1,LEVDOBUTAMINE,-1,301.39,random
CHEMBL2010281,CC(C)(CN1CCCCC1)C(=O)/C=C/c1ccc(Cl)cc1,,,305.85,random
CHEMBL1609791,COc1cc(CN2CCCCCC2)cc([N+](=O)[O-])c1O,,,280.32,random
CHEMBL1604369,Cc1ccc(-c2cc3nn(-c4ccccc4)c(N)c3c(=O)o2)cc1,,,317.35,random
CHEMBL258153,CNCc1cc(C(=O)N2CCN(C3CCC3)CC2)ccc1Oc1ccc(Cl)c(Cl)c1,,,448.39,random
CHEMBL338266,Cc1nc2c(nc1C)N(CCN(C(C)C)C(C)C)S(=O)(=O)N=C2N,,,354.48,random
CHEMBL3234339,CCN(CC)CCO/N=C1/C[C@H]2C(C)(C)O[C@H]3CC(=O)OC[C@]32[C@H]2CC[C@]3(C)C(=CC(=O)O[C@H]3c3ccoc3)[C@]12C.Cl,,,605.17,random
CHEMBL3560406,COCCCN1Cc2cccc(C(=O)Nc3cccc(-c4nc5ccccc5[nH]4)c3)c2C1=O,,,440.5,random
CHEMBL4107803,CCC(=O)N[C@@H]1c2cncc(-c3cc4c(cc3F)N(C)C(=O)CC4)c2CC[C@H]1C,,,395.48,random
CHEMBL2070449,CCCCc1ccc(C#CC(O)(c2ccc(N(CC(C)C)S(=O)(=O)c3ccccc3)cc2)C(F)(F)F)cc1,,,543.65,random
CHEMBL2332333,CNC(=O)c1cc(-c2ncc(F)c3c(C(=O)C(=O)N4CCN(C(=O)c5ccccc5)CC4)c[nH]c23)n[nH]1,,,503.49,random
CHEMBL3546880,COc1ccc(OC)c2c1c(OC)cc1c(=O)c(OCCOC(=O)[C@H](C)N)c(-c3cccc(F)c3)oc12,,,511.5,random
CHEMBL1703271,O=[N+]([O-])c1ccc(Oc2ccc(OCc3ccccc3)cc2)nc1,,,322.32,random
CHEMBL3330123,COc1ccc(Cl)cc1-c1[nH]c(-c2ccnc(N)n2)cc1C(N)=O,,,343.77,random
CHEMBL2313752,CCN1CCN(c2cc(C)nc(Nc3ccc(OCCCCCOc4ccc(Nc5nc(C)cc(N6CCN(CC)CC6)n5)cc4)cc3)n2)CC1,,,694.93,random
CHEMBL3410270,Cc1cc(C)c(Oc2cc(NC3CCN(Cc4ccccc4C#N)CC3)nc3ncnn23)c(C)c1,,,467.58,random
CHEMBL1256687,Cl.Fc1ccc(C(OCCCc2c[nH]cn2)c2ccc(F)cc2)cc1,,,364.82,random
CHEMBL1824460,CCCCNc1nc(SCC)nc2ncccc12,,,262.38,random
CHEMBL220656,COc1c(-c2cc(C)nc(C)c2)c(F)cc2c(=O)c3c(=O)[nH]sc3n(C3CC3)c12,,,411.46,random
CHEMBL111232,CC(C)OCC(COC(C)C)OCn1cnc2cnc(N)nc21,ROCICLOVIR,2,323.4,random
CHEMBL1438159,COc1ccc(CN=C(S)Nc2cccc(OC)c2)cc1,,,302.4,random
CHEMBL1729615,Cc1c(Br)c(C(F)(F)F)nn1CC(=O)NCCN1CCOCC1,,,399.21,random
CHEMBL562327,CC1(C)c2nc(C(=O)NCc3ccc(F)cc3)c(O)c(=O)n2CCN1CC(=O)O,,,404.4,random
CHEMBL516707,CC(=O)O[C@H]1C=C2CCN3Cc4cc5c(cc4[C@H]([C@@H]1O)[C@@H]23)OCO5,,,329.35,random
CHEMBL309550,O=C1CC[C@H](C(=O)N2CCC(CNc3nc4c(s3)CCCc3ccc(F)cc3-4)CC2)O1,,,443.54,random
CHEMBL3577327,CC(C)(C)CNC(=O)[C@@H](CC1CCCCC1)NC(=O)N[C@@H](CCCCN)C(=O)O,,,412.58,random
CHEMBL325339,O=C1NCCC2=C1C(c1ccc(F)c(Br)c1)C1=C(CCNC1=O)N2,,,392.23,random
CHEMBL2392728,O=C(Nc1nnc(-c2cccs2)o1)NC12CC3CC(CC(C3)C1)C2,,,344.44,random
CHEMBL3355311,Cc1cc(Nc2cc(Cc3ccccc3)nc(N[C@H]3CC[C@H](O)CC3)n2)n[nH]1,,,378.48,random
CHEMBL304069,CC(=O)Nc1ccc2c(c1)C(=O)c1ccccc1C2=O,,,265.27,random
CHEMBL3965953,NS(=O)(=O)c1c(F)cccc1NS(=O)(=O)/C=C/c1ccc(Cl)cc1,,,390.85,random
CHEMBL3663090,Cc1cc(-c2n[nH]c3cc(NC(=O)NC4CCCC(Oc5cccc(F)c5)C4)ncc23)ccn1,,,460.51,random
CHEMBL1922671,CCOc1ccc(-c2ccc(Cn3c(CC(C)(C)C(=O)O)c(C(=O)CC(C)(C)C)c4cc(OCc5ccc(C)cn5)ccc43)cc2)cn1,,,647.82,random
CHEMBL1571997,COC(=O)C1=C(C)OC(N)=C(C#N)C1c1ccsc1,,,276.32,random
CHEMBL3357063,CN1CCN(c2ccc(-c3ncc4c(n3)N(CCN3CCOCC3)CC4)cc2)CC1,,,408.55,random
CHEMBL3105374,CN(C)CC1CC2c3ccccc3C1c1ccccc12,,,263.38,random
CHEMBL3696030,COc1ccc(-c2cc3ncccc3c(OCC3CCC(=O)NC3)n2)cc1OC,,,393.44,random
CHEMBL3229002,CCCCCCCCNC(=N)NC(=N)Nc1ccccc1,,,289.43,random
CHEMBL102043,CC(=O)N1CCN(c2ccc(OCC3CO[C@](Cn4ccnc4)(c4ccc(Cl)cc4Cl)O3)cc2)CC1,,,531.44,random
CHEMBL3972696,CCCCCc1ccc(C(=O)N(CCN(CCCC)CCCC)Cc2ccc(Oc3ccccc3)cc2)cc1,,,528.78,random
CHEMBL1812050,COc1nc(N)nc2c1ncn2[C@@H]1O[C@H](COP(=O)(O)O)[C@@H](O)[C@@]1(C)F,,,393.27,random
CHEMBL1824068,COc1cc2ncnc(Nc3cccc(NC(=O)Nc4cc(C(C)(C)C)on4)c3)c2cc1OC,,,462.51,random
CHEMBL3220178,CCCN(CCC)C(=O)N1C[C@@H](N)[C@@H](C(=O)O)C1,,,257.33,random
CHEMBL1592408,COc1ccc(OC)c(-n2c(=O)[nH]c3cc(C(=O)NCCc4ccc(OC)c(OC)c4)ccc3c2=O)c1,,,505.53,random
CHEMBL16499,O=C(NCCNCC(O)c1ccccc1)C1CCCC1,,,276.38,random
CHEMBL1349814,Brc1cccc(-c2cnc3n2CCCCC3)c1.Cl,,,327.65,random
CHEMBL19049,CNC(=O)NCc1nc(-c2ccc(OC)cc2)c(-c2ccc(OC)cc2)s1,,,383.47,random
CHEMBL334446,O=C(NO)[C@H]1CCCC[C@@H]1C(=O)Nc1ccc(COc2ccc3ncccc3c2)cc1,,,419.48,random
CHEMBL1993192,CCOC(=O)/N=C(\N)SCc1ccccc1.Cl,,,274.77,random
CHEMBL395277,COC(=O)c1ccc(-c2ccc3c(c2)Nc2ccccc2NC3=O)cc1OC,,,374.4,random
CHEMBL555330,CCOc1cc(C(=O)N=C(N)N)nc2cc3c(cc12)OCO3.Cl,,,338.75,random
CHEMBL1172895,Cc1cc(O)c(C(=O)/C=C/c2ccc(Cl)cc2)c(-c2ccc(Cl)cc2)c1C(=O)/C=C/c1ccc(Cl)cc1,,,547.87,random
CHEMBL541584,CCN1CC=C(c2ccccc2)C(C(=O)OCc2ccccc2)C1.Cl,,,357.88,random
CHEMBL1393160,CCOC(=O)N1CCN(C(=O)CSc2nnc(Cc3cccn3C)n2CCc2ccccc2)CC1,,,496.64,random
CHEMBL1352703,Cc1ccc2c(c1)nnn2C1CCN(C(=O)C2CCCCC2)CC1,,,326.44,random
CHEMBL1728182,COC(=O)Nc1nnc(CC(=O)Nc2ccccc2C)s1,,,306.35,random
CHEMBL2017544,CC(C)c1onc(-c2ccccc2)c1COc1ccc(C(=O)N(Cc2ccccc2)c2cccc(C(=O)O)c2)c(Cl)c1,,,581.07,random
CHEMBL178234,O=S(=O)(c1ccc(Cl)s1)n1cc(C2=CCNCC2)c2ccccc21,,,378.91,random
CHEMBL1272013,CC(C)(C)c1ccc(C(C)(C)C)c(NC(=O)C2C(C(=O)O)[C@@H]3CC[C@H]2O3)c1,,,373.49,random
CHEMBL1462952,O=C(NCc1ccc2c(c1)OCO2)c1ccc(CSCc2cccc(Cl)c2)o1,,,415.9,random
CHEMBL380173,CC(C)C[C@H](NC(=O)[C@@H](NC(=O)[C@@H](N)CCC(=O)O)C(C)C)C(=O)N[C@@H](Cc1ccccc1)[C@@H](O)C(=O)Nc1cccc(C(=N)N)c1,,,653.78,random
CHEMBL3687743,COc1cc(C2(F)COC2)ccc1-c1nc(C)nc2cc(S(=O)(=O)Cl)ccc12,,,422.87,random
CHEMBL1974936,Nc1nc(N)c(-c2ccccc2)c(CCC(=O)Nc2ccc(Cl)cc2)n1,,,367.84,random
CHEMBL3103099,COc1cc2c(cc1C)C=C[C@@H]1C(C)(C)[C@H](O)CC[C@@]21C,,,286.42,random
CHEMBL3323651,O=c1[nH]c2c(O)ccc([C@@H](O)CNC3CCCC3c3ccccc3)c2s1,,,370.47,random
CHEMBL270250,C[C@]12CC[C@@H]3c4ccc(O)cc4CC[C@H]3[C@@H]1C[C@H](Cc1ccccc1)[C@@H]2O,,,362.51,random
CHEMBL1498090,O=C(CSCc1c(Cl)cccc1Cl)NCc1ccccn1,,,341.26,random
CHEMBL30900,CCOc1ccc(S(N)(=O)=O)cc1C(=O)NCC1CN(Cc2ccccc2)CCO1,,,433.53,random
CHEMBL1437019,COc1cccc2c1Oc1ncccc1N(C(=O)CCC(=O)NCc1ccc(N(C)C)cc1)C2,,,460.53,random
CHEMBL2043395,NCCSC(C(=O)c1ccccc1)(c1ccccc1)c1ccccc1,,,347.48,random
CHEMBL1907346,CCOC(=O)C1=C(C)N=C2SC=C(C)N2C1c1ccc(OC)cc1,,,344.44,random
CHEMBL3143780,O=C(OC[C@H]1O[C@@H](n2ccc(=O)[nH]c2=O)C[C@@H]1O)c1ccccc1,,,332.31,random
CHEMBL1885347,COc1ccccc1NC(C)C(=O)c1c(C)[nH]c2ccccc12,,,308.38,random
CHEMBL1332194,COCc1nn2c(N)c(-c3ccccc3)cnc2c1-c1ccccc1,,,330.39,random
CHEMBL4077594,Cc1cc(COc2ccc(S(=O)(=O)N(C)[C@H]3CCCC[C@@H]3C(=O)NO)cc2)c2ccccc2n1,,,483.59,random
CHEMBL152390,COc1cccc(C23CCCC[C@H]2CN(C)CC3)c1,,,259.39,random
CHEMBL3740196,C=C(C)[C@@H]1CC[C@]2(C(=O)N(C)OC)CC[C@]3(C)[C@H](CC[C@@H]4[C@@]5(C)CCC(=O)C(C)(C)[C@@H]5CC[C@]43C)[C@@H]12,,,497.76,random
CHEMBL4170599,O=C1Cc2cc(-c3ccccc3)ccc2C(=O)N1O,,,253.26,random
CHEMBL1726009,C=CCN1C(=O)NC(=O)/C(=C(/CC)NCC2CCCO2)C1=O,,,307.35,random
CHEMBL4083426,CN1C=CC(C2NC(C(Cl)(Cl)Cl)=CN2c2ccc(S(N)(=O)=O)cc2)C=C1,,,435.76,random
CHEMBL1444394,Cc1ccc(OCCOCCn2ccnc2)c(Br)c1,,,325.21,random
CHEMBL3235346,CN1CCc2c3c(n(-c4ccc5c(c4)CNC5=O)c2C1)CC(C)(C)CC3=O,,,363.46,random
CHEMBL3655208,COc1cc(-c2nc(-c3ccc(N4CCN(C)CC4)cc3)n3ccnc(N)c23)ccc1C(=O)c1ccccc1,,,518.62,random
CHEMBL1688671,CCC(=O)N(CCCCCCCCN/C(=N/C(=O)OC(C)(C)C)NC(=O)OC(C)(C)C)C1CCN(CCc2ccccc2)CC1,,,629.89,random
CHEMBL408977,COc1cc2ncnc(N3CC[C@@H](Oc4ccc5c(c4)CCC5)C3)c2cc1OC,,,391.47,random
CHEMBL3700563,O=C(O)c1ccc2c(c1)nc(Nc1ccc(F)c(Cl)c1)c1ncsc12,,,373.8,random
CHEMBL1722837,Cc1ccc(S(=O)(=O)c2nc(S(=O)(=O)c3ccc(C)cc3)c(NCCCOC(C)C)s2)cc1,,,508.69,random
CHEMBL4092807,CCOc1nn(C)cc1Nc1ncc(C)c(-c2c[nH]c3c(NC(=O)[C@@H](CC)N4CCN(C)CC4)cccc23)n1,,,531.67,random
CHEMBL1233438,CC(=O)N[C@H]1[C@H](OCCCO)OC(C(=O)O)=C[C@@H]1O,,,275.26,random
CHEMBL2448387,BP(=O)(OC[C@H]1O[C@@H](n2cc(F)c(N)nc2=O)CS1)OP(=O)(O)C(F)(F)P(=O)(O)O,,,517.02,random
CHEMBL3715337,CN(Cc1ccccn1)c1nc2cc(C(=O)O)ccc2nc1-c1ccc(F)cc1,,,388.4,random
CHEMBL1215552,COC(=O)C1=C(Cn2ccnc2)NC(C)=C(C#N)C1c1ccc(F)cc1Cl,,,386.81,random
CHEMBL3933127,CCn1c(=O)c2cn[nH]c2c2ccc(-c3ccc(N)nc3)cc21,,,305.34,random
CHEMBL3214274,CN(C)c1ccc(/C=N/NC(=O)CCCCCNC(=O)c2ccccc2)cc1,,,380.49,random
CHEMBL4288542,Nc1nc2oc3ccc(N4CCOCC4)cc3c(=O)c2cc1-c1nn[nH]n1,,,365.35,random
CHEMBL122653,Cc1cc2c(cc1Cc1ccc(C(=O)NCc3cccc(CNc4nccc(C(F)(F)F)n4)c3)o1)C(C)(C)CCC2(C)C,,,590.69,random
CHEMBL3496428,CCCc1nc(CN2CCOC(CNc3cccnn3)C2)cs1,,,333.46,random
CHEMBL1532144,O=C(CNC(=O)c1cc(O)nc2ccccc12)Nc1ccc(F)c(F)c1,,,357.32,random
CHEMBL1536631,Cc1cccc(-n2ncc3c2CCCC3NC(=O)C2=CC(=O)CC(C)(C)O2)c1C,,,393.49,random
CHEMBL1878725,CN(Cc1ccc(OC(F)F)cc1)C(=O)c1ccc2c(=O)n3c(nc2c1)CCC3,,,399.4,random
CHEMBL1307987,CCOc1ccc(N(CC(=O)NCc2ccc(OC)cc2)S(=O)(=O)c2c(C)nc(O)nc2O)cc1,,,502.55,random
CHEMBL1489335,c1cnc2ccc(-c3ccc4ncccc4c3)cc2c1,,,256.31,random
CHEMBL3671344,N#CC1(NC(=O)[C@@H]2C[C@@H](S(=O)(=O)c3ccc(F)cc3Cl)CN2C(=O)C2(c3ncc(Br)cc3F)CCN2)CC1,,,628.88,random
CHEMBL3952519,C[C@H]1CCCN1c1nc2cc(-c3nc(=O)o[nH]3)nc(-c3cncc(Cl)c3)c2n1C[C@H]1CC[C@H](C)CC1,,,508.03,random
CHEMBL4116826,O=C(O)[C@@H]1C[C@@H](Cc2ccc(F)cc2)CN1,,,223.25,random
CHEMBL3323245,COc1cccc(-c2c3c(c(OC)c4c2OCO4)[C@H]([C@H]2OC(=O)c4c2ccc(OC)c4OC)N(C)CC3)c1,,,519.55,random
CHEMBL47954,COc1ccc(C(=O)Nc2ccc(C)cc2)cc1OC1CCCC1,,,325.41,random
CHEMBL2313896,COc1ccc2c(c1)oc1c(Nc3ccc(Cl)cc3F)ncnc12,,,343.75,random
CHEMBL174844,CC(=O)NC(=O)N(C)C1CCC(N=[N+]=[N-])O1,,,227.22,random
CHEMBL4079159,O=[N+]([O-])c1cc(-c2nnn(Cc3cccc(F)c3)n2)cc([N+](=O)[O-])c1,,,344.26,random
CHEMBL1882133,O=C(CCNC(=O)c1ccccc1Cl)NN=Cc1ccco1,,,319.75,random
CHEMBL317398,Cn1cnc2c(N)nc(Cl)nc21,,,183.6,random
CHEMBL480146,CN(Cc1cc2c(=O)c(C(=O)NCc3ccc(Cl)cc3)cn(CCc3ccccc3)c2o1)C[C@@H](O)c1ccco1,,,560.05,random
CHEMBL3718488,COc1c(-c2cc(=O)n3nc(N)c(-c4ccccn4)c3[nH]2)ccc2[nH]nnc12,,,374.36,random
CHEMBL3808977,CNC(=O)CCCCC[C@H](NC(=O)c1cncs1)c1ncc(-c2ccc3cc(OC)ncc3c2)[nH]1,,,492.61,random
CHEMBL1741912,COc1ccccc1N1CCN(c2nc(-c3ccccc3)cc(C(F)(F)F)n2)CC1,,,414.43,random
CHEMBL1546096,COc1ccccc1CNC(=O)C(NC(=O)Nc1ccccc1)C(C)C,,,355.44,random
CHEMBL1600265,O=C(Nc1ccccc1Cl)Oc1ccc(-c2ccccc2)cc1,,,323.78,random
CHEMBL1553536,CCc1ccc(C(O)(C(C)C)C(CN2CCOCC2)c2ccccc2)cc1.Cl,,,403.99,random
CHEMBL390543,Cc1ccc(-n2cc(C(=O)NC3CCCCC3)nc2-c2ccc(Cl)cc2Cl)cc1,,,428.36,random
CHEMBL183921,CC(COc1ccc2c(c1)NC(=O)CO2)NCC(O)COc1cccc2[nH]ccc12,,,411.46,random
CHEMBL88839,CC(=O)NC[C@H]1CN(c2ccc(N3CCN(C(=O)c4cc(C)no4)CC3)c(F)c2)C(=O)O1,,,445.45,random
CHEMBL1586772,Cc1ccc(N=Nc2c(C)n[nH]c2O)c(C)c1,,,230.27,random
CHEMBL4287097,COc1ccc(S(C)(=O)=O)cc1C(=O)Nc1cccc(-c2nncn2C(C)C)n1,,,415.48,random
CHEMBL3652379,CN(c1ncnc2[nH]ccc12)[C@H]1CC[C@H](CS(=O)(=O)N2CCC[C@H]2CN2CCCC2)CC1,,,460.65,random
CHEMBL312906,NC(=O)N1c2ccccc2CC(OC=O)c2ccccc21,,,282.3,random
CHEMBL1357611,Cc1ccccc1C(=O)OCC(=O)NCc1ccco1,,,273.29,random
CHEMBL368517,CCOC(=O)Cn1nc(Cc2ccccc2)cc1C1CCN(C[C@H]2CN([C@@H](C(=O)O)C3CCCCC3)C[C@@H]2c2ccccc2)CC1,,,626.84,random
CHEMBL2449376,CCCNC[C@@H](O)COc1ccc(OCc2ccccc2)cc1C(=O)CCc1ccccc1,,,447.58,random
CHEMBL425877,O=c1c(-c2ccc(F)cc2)c(-c2ccnc(Oc3ccccc3)n2)n2n1CC1(C2)OCCCO1,,,460.47,random
CHEMBL1618277,CCCCCCCCCCCCCCNc1c2c(nc3ccc(OC)cc13)CCCC2,,,424.67,random
CHEMBL2314959,CCCCOc1ccc2c(c1)CCc1nccn1-2,,,242.32,random
CHEMBL1465794,Cc1cccc2cc(CN(CC3CCCO3)C(S)=NCc3ccco3)c(O)nc12,,,411.53,random
CHEMBL251327,N#CC1(NC(=O)[C@H](CS(=O)(=O)CC2CC2)N[C@@H](c2ccc(F)cc2)C(F)(F)F)CC1,,,447.45,random
CHEMBL357631,COc1ccc2[nH]c3c(C)c4ccnc(C)c4cc3c2c1,,,276.34,random
CHEMBL3398236,O=C(O)COc1cccc2c1CC[C@@H](Cn1ncc(-c3cccc(F)c3F)c(-c3ccc(F)cc3)c1=O)C2,,,520.51,random
CHEMBL1448227,Cc1cc(NC(=O)c2cc3ccccc3oc2=O)no1,,,270.24,random
CHEMBL1733274,CNC(=O)COc1coc(CN2CCN(c3ccccc3)CC2)cc1=O,,,357.41,random
CHEMBL3556830,CN(C)S(=O)(=O)N1CC[C@]2(C[C@@H](Oc3ncccc3F)CO2)C1,,,345.4,random
CHEMBL1078484,CC(=O)CC[C@H](NC(=O)[C@H](Cc1c[nH]cn1)NC(=O)CS)C(N)=O,,,355.42,random
CHEMBL1688996,COc1ccccc1N1CCN(C/C=C/CNC(=O)c2ccc(OCCF)cc2)CC1.O=C(O)C(=O)O,,,517.55,random
CHEMBL1522546,COc1ccc(N(CC(=O)Nc2c(C)cccc2C)S(=O)(=O)c2ccccc2[N+](=O)[O-])c(OC)c1,,,499.55,random
CHEMBL2418755,Cn1cc(-c2cnc3[nH]cc(-c4cnn(Cc5cccc(C#N)c5)c4)c3c2)cn1,,,379.43,random
CHEMBL1367952,O=C(O)c1ccccc1N=Nc1c(O)[nH]c2ccc([N+](=O)[O-])cc12,,,326.27,random
CHEMBL326929,Cc1cccc(CNCCc2c[nH]c3ccccc23)c1,,,264.37,random
CHEMBL1883836,O=C(Nc1cccc(S(=O)(=O)N2CCCC2)c1)C1CCCN1C(=O)c1cccs1,,,433.56,random
CHEMBL3133559,O=C(c1ccccc1)c1ccc(/N=C/c2cc([N+](=O)[O-])ccc2O)cc1,,,346.34,random
CHEMBL1162053,Nc1ncnc2c1ncn2[C@@H]1O[C@H](COS(=O)(=O)NC(=O)[C@@H](N)Cc2ccccc2)[C@@H](O)[C@H]1O,PHESA,,493.5,random
CHEMBL4060944,C[C@@H](Oc1ccc(-n2ccnc2)cc1)C(=O)Nc1ccc(-c2ccccc2)cc1,,,383.45,random
CHEMBL1515325,COc1ccc(CNC(=O)CSc2ncc3c(n2)-c2ccc(Cl)cc2N(Cc2ccccc2)S3(=O)=O)cc1,,,567.09,random
CHEMBL2035396,Nc1ccccc1NC(=O)c1ccc(NCC(=O)Nc2cc(Cl)ccc2Cl)cc1,,,429.31,random
CHEMBL2435830,CCCNC(=O)c1cc(C)c2nc(CCC)n(Cc3ccc(-c4ccccc4C(=O)O)cc3)c2c1,,,469.59,random
CHEMBL1735856,Cc1ccc(CN2COc3cc(C)c4c(oc(=O)c5ccccc54)c3C2)cc1,,,371.44,random
CHEMBL103811,CCCCOC(=O)c1ccc(NC(=O)N2CCCCC2O)cc1,,,320.39,random
CHEMBL307310,CCCCc1nn(CC(=O)OC(C)(C)C)c(=O)n1Cc1ccc(-c2ccccc2-c2nn[nH]n2)cc1,,,489.58,random
CHEMBL1491529,COc1cc(OC)cc(-c2cc3ccc(OC)cc3cn2)c1,,,295.34,random
CHEMBL1545067,CCN1CCCC1CNC(=O)c1ccc(N2CCOCC2)c(NS(=O)(=O)c2ccc(OC)cc2)c1,,,502.64,random
CHEMBL3922276,O=C(Nc1ccc(C2=CCN(C(=O)c3ccccc3)CC2)cc1)N1Cc2ccccc2C1,,,423.52,random
CHEMBL1643525,O=C(c1ccccc1)N1CCC(n2cc(-c3nnc(-c4ccccc4)o3)nn2)CC1,,,400.44,random
CHEMBL3700982,COc1ccc(C(=O)N2CCC[C@@H]2c2cccc(C(=O)Nc3nc4c(s3)C[C@@H](N3CCOCC3)CC4)c2)cc1OC,,,576.72,random
CHEMBL3972135,O=C(Nc1ccc(OC(F)(F)Cl)cc1)c1cnc(Cl)c(-c2cncnc2)c1,,,411.2,random
CHEMBL1469685,O=C(c1c(F)cccc1F)N(Cc1ccccc1)Cc1ccccc1,,,337.37,random
CHEMBL1515597,COc1ccccc1CNC(=O)COC(=O)c1ccc(C)s1,,,319.38,random
CHEMBL61500,O=Cc1ccccc1OCc1ccccc1,,,212.25,random
CHEMBL3557569,CCN(CC)Cc1cn2c(n1)CN(C(=O)Cc1ccsc1)CC2,,,332.47,random
CHEMBL1309142,O=C(Nc1nc2cc3c(cc2s1)OCO3)c1ccco1,,,288.28,random
CHEMBL2180614,COC(=O)C1=C(C)NC2=C(C(=O)CC(C)(C)C2)C1c1ccc(-c2ccccc2C)cc1,,,415.53,random
CHEMBL1447851,COc1ccccc1C(=O)OC1CCCN(C)C1.Cl,,,285.77,random
CHEMBL1544364,COc1ccc(C2/C=C\CN(S(=O)(=O)c3ccc(C)cc3)[C@H](Cc3ccccc3)C(=O)N2Cc2ccc(F)cc2)cc1,,,584.71,random
CHEMBL3915100,Cc1c(Cc2ccccc2)nnc(N2CCN(c3cnc(C(=O)NC4CCC(O)CC4)cn3)[C@H](C)C2)c1C,,,515.66,random
CHEMBL568250,CCCCCOC(=O)N1CCN(C(=O)[C@H](CCC(=O)O)NC(=O)c2cc(NCCOC)nc(-c3ccccc3)n2)CC1,,,584.67,random
CHEMBL352862,Nc1sc2c(c1C(=O)c1ccc(Br)c3ccccc13)CCCC2,,,386.31,random
CHEMBL445994,CNC(=O)[C@H](Cc1ccccc1)NC(=O)[C@@H](N)CC(C)C,,,291.39,random
CHEMBL3958555,C[C@H]1COCCN1c1nc(-c2cnc(N)nc2)c2c(n1)N([C@]13C[C@H]1CN(C(=O)OC(C)(C)C)C3)CC2,,,494.6,random
CHEMBL1307966,CCN(CC)C(=O)c1cnn(-c2ccccc2)c1NC(=O)c1ccco1,,,352.39,random
CHEMBL487045,COC(=O)Oc1ccc(-c2cc3cc(OC(=O)OC)ccc3oc2=O)cc1,,,370.31,random
CHEMBL1552169,CCSc1ncc(Cl)c(C(=O)N(Cc2ccccc2)Cc2ccco2)n1,,,387.89,random
CHEMBL3649947,CC(=O)N1CCN(c2nc3cc(-c4noc(=O)[nH]4)nc(-c4cncc(Cl)c4)c3n2C[C@H]2CC[C@H](C)CC2)[C@@H]2CCC[C@H]21,,,591.12,random
CHEMBL242780,COc1cc(-c2ccc(C(F)(F)F)cc2)ccc1NS(N)(=O)=O,,,346.33,random
CHEMBL1630038,O=c1c2ccccc2nc(Nc2nnc(-c3ccc(Cl)cc3)s2)n1-c1ccccc1,,,431.91,random
CHEMBL1421179,Cc1occc1-c1nnc(SCCCC(=O)c2ccc(F)cc2)n1C,,,359.43,random
CHEMBL393305,CCCc1nc2cccc(C(=O)O)c2n1Cc1ccc(-n2cccc2C(=O)O)cc1,,,403.44,random
CHEMBL354301,CC(C)CCCC(C)CCOC(=O)c1cc(/N=C/c2cc(O)ccc2O)ccc1O,,,413.51,random
CHEMBL71541,CC(C)n1cc(-c2ccc(Oc3ccccc3CO)cc2)c2c(N)ncnc21,,,374.44,random
CHEMBL180522,Cc1cccc(S(=O)(=O)c2c(C(=O)NNCCO)[nH]c3ccc(Cl)cc23)c1,,,407.88,random
CHEMBL243874,CC#CCOc1ccc(S(=O)(=O)N(C)CCS)cc1,,,299.42,random
CHEMBL1382725,Cc1cc(C(=O)NC2CCCN(Cc3ccc(Cl)cc3)C2)c(C)o1,,,346.86,random
CHEMBL435757,CC1(C)O[C@H]2[C@@H]3OC(=O)O[C@@H]3CO[C@@]2(COS(N)(=O)=O)O1,,,325.3,random
CHEMBL1277699,O=C(NCc1cccnc1)c1cncc(-c2ccc(Cl)cc2)n1,,,324.77,random
CHEMBL1784406,Cc1nc2ccccc2n1C1CC2CCC(C1)N2CCC1(c2cccc(F)c2)CCN(C(=O)C(C)(C)C(=O)O)CC1,,,560.71,random
CHEMBL1491436,COc1cccc(OCC(O)CN2CCN(C)CC2)c1.O=C(O)C(=O)O,,,370.4,random
CHEMBL556009,Cc1ccnc2c1/C(=N/N=C(N)N)CC(c1cc(Cl)sc1Cl)C2.Cl.Cl,,,441.22,random
CHEMBL4108363,C[C@@H](Nc1nccc(N2C(=O)OC[C@@H]2[C@@H](C)O)n1)c1nc(-c2ccc(Cl)cc2)no1,,,430.85,random
CHEMBL1094858,C=C(C)[C@H]1CC[C@]23O[C@H]2[C@@H](C[C@@]2(C)CC(=O)[C@@H](CC(=O)C1)O2)OC3=O,,,348.4,random
CHEMBL579231,CCOC(=O)[C@H](C)NP(=O)(N[C@@H](C)C(=O)OCC)c1ccc(-c2nc3c(N)c(F)cc(CC)c3n2CC(C)C)o1,,,579.61,random
CHEMBL112533,Oc1ccc([C@H]2N=CN[C@H]2c2ccc(O)cc2F)c(F)c1,,,290.27,random
CHEMBL1989461,COC(=O)C(NC(=O)C(CC(=O)OCc1ccccc1)NC(=O)OCc1ccccc1)C1CCCCC1,,,510.59,random
CHEMBL241299,Cc1cc(OCC[C@@H](C)Oc2ccc(Cl)cc2-c2ccccn2)ccc1CCC(=O)O,,,439.94,random
CHEMBL1243380,CCOC(=O)c1c2c(n3cccc(O)c13)C(=O)c1cnncc1C2=O,,,337.29,random
CHEMBL3443710,CCc1c(C)n(CC(=O)OC)c2nc3ccccc3n2c1=O,,,299.33,random
CHEMBL3982210,CCC(C)(CNC(=O)c1ccc(NC(=O)N2Cc3ccc(F)cc3C2)cc1)N1CCOCC1,,,454.55,random
CHEMBL488731,CC(C)(C)C(=O)Oc1cc(C(F)(F)F)cc(S(=O)(=O)N2CCN(C(=O)[C@@H]3C[C@H]3c3ccc(C(F)(F)F)cc3)CC2)c1,,,606.58,random
CHEMBL3921509,NC(=O)c1nn(-c2ccc(NC(=O)c3ccccc3)cc2)c2c1CCc1ccc(NC(=O)c3ccccc3Cl)cc1-2,,,562.03,random
CHEMBL1988590,C=C(C)C(=O)OC1CC2(C)OC(=CC2=O)C(C)CC2OC(=O)C(=C)C12,,,346.38,random
CHEMBL1883194,CC1(C)OC(C)(C)/C(=C\c2ccc(OCC(N)=O)cc2)C1=O,,,303.36,random
CHEMBL2131807,Cc1ccc(NC(=O)c2[nH]cnc2C(=O)NC2CCN(C(=O)OC(C)(C)C)CC2)cc1,,,427.51,random
CHEMBL1568160,c1ccc(C2=Nc3ccccc3NC(c3ccccc3)C2)cc1,,,298.39,random
CHEMBL1968095,COc1ccc(OC)c(/C=N/NC(=O)c2cc3c(OC)c(OC)ccc3[nH]2)c1,,,383.4,random
CHEMBL2134645,CCN(CC)c1ncnc2c1ncn2[C@H]1CN(Cc2ccccc2)C[C@@H](CO)O1,,,396.5,random
CHEMBL3973922,COc1cc(N(CC2CC2)c2ccc(C(F)(F)F)c3cccnc23)ccc1C(=O)C1CC1C(=O)O,,,484.47,random
CHEMBL1479213,O=[N+]([O-])c1ccc(C2=Nn3c(Cn4nnc5ccccc54)nnc3SC2)cc1,,,392.4,random
CHEMBL1423739,CCN(CC)S(=O)(=O)c1cccc(C(=O)NCCCn2ccnc2)c1,,,364.47,random
CHEMBL4113360,COC[C@@H](C)Oc1ccc2[nH]nc(-c3cc(N4CCOCC4)ncn3)c2c1,,,369.43,random
CHEMBL3681284,Cc1nc2cc(-n3ncc(C(=O)c4cc5ccc(N6CCOCC6)cc5[nH]4)c3N)ccc2[nH]1,,,441.5,random
CHEMBL1184942,O=C(O)c1c(NS(=O)(=O)c2ccccc2NCCCN2CCCC2)ccc2c1CCCC2,,,457.6,random
CHEMBL1698505,Cc1nn(CC(=O)Nc2ccc(Cl)cc2)c(=O)c2cc(-c3ccccc3)nn12,,,393.83,random
CHEMBL178604,CS(=O)(=O)c1ccc(N(CC2CCOC2)C(=O)Nc2ncc(Cl)s2)cc1,,,415.92,random
CHEMBL3402780,CC(=O)c1ccc(OC(=O)c2ccco2)cc1,,,230.22,random
CHEMBL563253,CCOC(=O)c1c(-c2ccc(-c3ccccc3)cc2)csc1NC(=O)CSc1nnc2sc3ccccc3n12,,,570.72,random
CHEMBL3648159,CCCC(Oc1cc(C)c(-n2cnc(C(F)(F)F)c2)c(C)c1)c1ccc(C(=O)NCCC(=O)O)cc1,,,503.52,random
CHEMBL1609533,CCOc1ccc(N2C(=O)c3ccccc3C2=O)cc1,,,267.28,random
CHEMBL3501348,CNC(=O)[C@H]1C[C@@H]2CN(Cc3csc(C)n3)C[C@@H]2N1S(C)(=O)=O.O=C(O)C(F)(F)F,,,472.51,random
CHEMBL2069051,CCCO/N=C/C(C)=C/[C@H]1CC[C@]2(O)[C@@H]3CC[C@@H]4C[C@@H](O)CC[C@]4(C)[C@H]3CC[C@]12C,,,417.63,random
CHEMBL3491200,CCOCC(O)CN1CCN(C(=O)c2cccc(CC#N)c2)CC1,,,331.42,random
CHEMBL3899291,Cc1cc(-c2ccc3cc[nH]c(=O)c3c2)ccc1[C@@H](O)[C@H]1O[C@H](CO)[C@@H](O)[C@H](O)[C@@H]1O,,,427.45,random
CHEMBL269636,Cc1cc(C)cc(-c2[nH]c3ccccc3c2CCNCCc2ccccn2)c1,,,369.51,random
CHEMBL2147993,O=[N+]([O-])c1cccc(-c2c[nH]nn2)c1,,,190.16,random
CHEMBL97999,CC1CN(Cc2ccc(F)cc2)CCN1CCCC(O)c1ccc(F)cc1,,,374.48,random
CHEMBL3983299,CCOC(=O)CCCS(=O)(=O)c1ccc(NC(=O)c2cc(N(CC3CC3)C3CCCCC3)ncn2)cc1,,,528.68,random
CHEMBL243045,CN(C(=O)N1CC[C@H](n2cnc3cc(-c4ccc(Cl)cc4)sc3c2=O)C1)[C@H]1CCN(Cc2ccoc2)C1,,,538.07,random
CHEMBL3491146,CC(=O)Nc1nc(C(=O)N2CCCC2c2noc(C3CC3)n2)cs1,,,347.4,random
CHEMBL4211804,N/C(=N\O)NCCC[C@H](N)C(=O)NCc1ccncc1,,,280.33,random
CHEMBL589959,COc1ccc(N2CCN(C(CNC(=O)c3ccc(C(C)(C)C)cc3)c3ccco3)CC2)cc1,,,461.61,random
CHEMBL455051,CN1CCc2cc(N)cc3c2[C@H]1Cc1cccc(N)c1-3,,,265.36,random
CHEMBL4174336,CCCCCCCCCCCCCC(=O)NN1C(=O)CSC1c1ccc(Cl)cc1,,,439.07,random
CHEMBL3934885,COCc1nc2c(C(=O)Nc3cccc(Cl)c3C)cc(NC(=O)c3ccccc3C(F)(F)F)cc2[nH]1,FRILUGLANSTAT,2,516.91,random
CHEMBL1631828,CC1(C)CC[C@]2(CS(=O)(=O)C(F)(F)F)CC[C@]3(C)C(=CC[C@@H]4[C@@]5(C)CCC(=O)C(C)(C)[C@@H]5CC[C@]43C)[C@@H]2C1,,,556.78,random
CHEMBL1205031,O=C(O)CNC(=O)/C=C/C1=C(C(=O)O)N2C(=O)/C(=C/c3ccccn3)[C@H]2S(=O)(=O)C1,,,433.4,random
CHEMBL1573847,Cc1ccc(CN(Cc2ccccc2)C(S)=Nc2ccccc2C)o1,,,350.49,random
CHEMBL1378492,C[C@@H](C(O)c1ccccc1)N(C)C(=O)CCc1ccccc1,,,297.4,random
CHEMBL1731544,COc1ccc2oc(C(=O)N(C)Cc3ccc(OC(F)F)cc3)c(C)c2c1,,,375.37,random
CHEMBL3446400,CC1CCN(c2ncc3c(n2)CN(c2ccccc2)C3=O)CC1,,,308.38,random
CHEMBL1224747,Cc1c(CN2CCCC2)cc(-c2ccc(C(F)(F)F)cc2)n1Nc1ccnc2cc(Cl)ccc12,,,484.95,random
CHEMBL568660,CN(Cc1nc2cccc(CNCCc3cnc[nH]3)c2[nH]1)C1CCCc2cccnc21,,,415.55,random
CHEMBL483981,Nc1n[nH]c2c1S(=O)(=O)c1cc(Cl)ccc1N2c1ccc(Cl)c(Cl)c1,,,415.69,random
CHEMBL83247,CC(C)(C)NCC(O)COc1ccc(C[C@H](NC(=O)OCc2ccccc2)C(=O)O)cc1,,,444.53,random
CHEMBL3746423,O=c1c(S(=O)(=O)c2ccc(F)cc2F)cc2cnc(Nc3ccc4[nH]ccc4c3)nc2n1CC1CCCC1,,,535.58,random
CHEMBL3655300,CC(=O)Cc1ccc(-c2nc(C3CCC3)n3ccnc(N)c23)cc1,,,320.4,random
CHEMBL1325294,Cc1ccc(C2C(C#N)=C(N)N(c3cccnc3)C3=C2C(=O)CCC3)c(C)c1,,,370.46,random
CHEMBL1717458,CCOC(=O)C1(CCCc2ccccc2)CCN(C(=O)c2cc(C)nn2CC)CC1,,,411.55,random
CHEMBL3471014,Cn1cc(CN2CC[C@@H](O)[C@@H]2Cc2ccccc2)cn1,,,271.36,random
CHEMBL1591069,COC(=O)c1cccc(NC(=O)CN2C(=O)C3CCCCC3C2=O)c1,,,344.37,random
CHEMBL1901547,O=C(NC(=O)c1cnccc1C(F)(F)F)Nc1ccccc1,,,309.25,random
CHEMBL275763,C(=C\c1ncnc2c1ncn2Cc1ccccc1)\c1ncnc2c1ncn2Cc1ccccc1,,,444.5,random
CHEMBL3677738,O=C(O)c1cccc2[nH]c(-c3c(F)c(F)c(-c4ccccc4)c(F)c3F)nc12,,,386.3,random
CHEMBL117832,O=C(O)CCCOc1ccc(/C=C/c2nc(-c3ccccc3)c(-c3ccccc3)o2)cc1,,,425.48,random
CHEMBL356446,C[C@](Cc1c[nH]c2ccccc12)(NC(=O)OC12C[C@H]3C[C@@H](C1)C[C@@H](C2)C3)C(=O)NCCc1ccccc1,,,499.66,random
CHEMBL1863781,O=C(CN1CCN(C/C=C/c2ccccc2)CC1)NCc1ccccc1,,,349.48,random
CHEMBL3196583,COc1cc(/C=N/NC(=O)c2nonc2N)cc(OC)c1OC,,,321.29,random
CHEMBL459245,CN(C)C1=Nc2ccccc2C(CC(=O)NCc2ccc(N)cc2)N1c1ccccc1,,,413.53,random
CHEMBL1363775,CCOC(=O)c1ccc(NC(=O)c2c(NCc3cc(OC)c(OC)cc3OC)sc3c2CCCC3)cc1,,,524.64,random
CHEMBL1359604,COc1ccc2c(c1)C(NS(=O)(=O)OCC(Cl)(Cl)Cl)CCC2,,,388.7,random
CHEMBL3198175,CC1(CC(=O)N/N=C/c2ccc(OCc3ccc(Cl)cc3Cl)cc2)OCCCO1,,,437.32,random
CHEMBL1501365,Cc1cccc(C(=O)N[C@H](C(=O)Nc2ccc(C)c(S(=O)(=O)N(C)C)c2)C(C)C)c1,,,431.56,random
CHEMBL3689227,O=C(NCC#Cc1ccc2ncc(NC3CCN(C4COC4)CC3)nc2c1)c1cccn(Cc2ccc(F)c(F)c2)c1=O,,,584.63,random
CHEMBL1978613,Cc1cc2c3c(coc3c1-c1c(C)cc3c4c(coc14)C(=O)C(O)=C3C(C)C)C(=O)C(O)=C2C(C)C,,,482.53,random
CHEMBL1728096,O=C(NCc1cccc(F)c1)c1cccc2c1C(=O)c1ccc(N3CCOCC3)cc1S2(=O)=O,,,480.52,random
CHEMBL1975889,O=C1c2cc3ccccc3cc2C2(c3ccc(Cl)cc3)NCCN12,,,334.81,random
CHEMBL1338524,CCOC(=O)N1CCN(C(=O)c2cnn(-c3ccccc3)c2NC(=O)c2ccccc2F)CC1,,,465.49,random
CHEMBL1223054,COc1ccc(OCCNC(C)=O)cc1,,,209.25,random
CHEMBL4126548,CC(C)COC(=O)[C@H](Cn1ccnc1)NC(=O)c1cc(-c2ccccc2F)on1,,,400.41,random
CHEMBL1591855,O=C(O)Cc1sc(Nc2cccc3ccccc23)nc1-c1ccccc1,,,360.44,random
CHEMBL201655,CCCCc1cnc(Nc2ncnc3cc(OCCCN4CCOCC4)c(OC)cc23)s1,,,457.6,random
CHEMBL3446225,CCOCCCNC(=O)c1nnn(Cc2ccccc2)c1OC,,,318.38,random
CHEMBL394029,CCN(CC)Cc1ccc(C(=O)N(CCc2ccccc2OC)[C@H]2CCNC2)cc1,,,409.57,random
CHEMBL3765036,O=C(Nc1cccc(-c2cnc3c(NC(=O)c4ccccc4)cccn23)c1)Nc1cccc(Cl)c1Cl,,,516.39,random
CHEMBL4276815,CC[C@H](C)[C@@H]1C(=O)O[C@H]1C(=O)N[C@H](C(=O)N[C@H](C(=O)OCc1ccc(OC)cc1)C(C)C)C(C)C,,,490.6,random
CHEMBL107104,Cc1ccc(C2(O)CCN([C@@H](C)[C@@H](O)c3ccc(O)cc3)CC2)cc1,,,341.45,random
CHEMBL94732,COc1ccc(C2=NN(C(C(=O)NS(=O)(=O)c3ccc(C(C)C)cc3)c3ccc4c(c3)OCO4)C(=O)CC2)c(OC)c1,,,593.66,random
CHEMBL1325528,CN1C(=O)C(C)(C)c2cc(S(=O)(=O)NCc3ccc(C(=O)Nc4ccc(Cl)cc4)cc3)ccc21,,,498,random
CHEMBL2287006,CC[C@@H](C(C)C)[C@@H](O)[C@H](O)[C@@H](C)[C@H]1CC[C@H]2[C@@H]3CC(=O)[C@H]4C[C@H](O)CC[C@]4(C)[C@H]3CC[C@]12C,,,462.72,random
CHEMBL1495543,CC(O)CNc1nc2c(c(=O)n(Cc3ccccc3)c(=O)n2C)n1C,,,343.39,random
CHEMBL3400946,CC(C)(C)c1cc(NC(=O)[C@]2(C)CCCN2c2ccc(C(F)(F)F)cn2)no1,,,396.41,random
CHEMBL2036084,COc1ccc(/C=C/C(=O)NCC(O)c2ccc(O)cc2)cc1O,,,329.35,random
CHEMBL1428125,CC1CCCCC12NC(=O)N(CC(=O)Nc1ccc(N3CCOCC3)cc1)C2=O,,,400.48,random
CHEMBL3548009,Cc1cc(C(=O)N[C@H](C)c2onc(-c3cccnc3)c2C(=O)O)c(C)o1,,,355.35,random
CHEMBL479783,CSc1ccc(Sc2ccc(N(C)S(C)(=O)=O)cc2CN(C)C)cc1,,,396.6,random
CHEMBL2402528,CNc1nc(NC2(C#N)CCCCC2)nc(-n2cnc3ccccc32)n1,,,348.41,random
CHEMBL3929741,CC(C)(C)C(=O)N1CCc2c(c(-c3cccc(C#N)c3)nn2Cc2ccc(F)cc2F)C1,,,434.49,random
CHEMBL3393515,O=C(c1ccc(F)cc1)N1CCN2C(=O)c3cc[n+]([O-])cc3C12c1ccc(Cl)cc1,,,423.83,random
CHEMBL4226909,C[C@H](O)c1n[nH]c2c1CN(C1=NC(NCc3c(F)cccc3C(F)(F)F)c3cccc(C(N)=O)c3N1)C2,,,517.49,random
CHEMBL2315956,COc1ccc(F)cc1-c1ccccc1/C=N/NCCN1CCCC(C(=O)O)C1,,,399.47,random
CHEMBL3902673,CN1CC(NC(=O)N2C(=O)N(c3cccc(C(F)(F)F)c3)C3=C(C(=O)CC3)C2c2ccc(C#N)cc2)CC1=O,,,537.5,random
CHEMBL1528126,O=C1c2cccc3c(N4CCOCC4)c([N+](=O)[O-])cc(c23)C(=O)N1c1cccc2ccccc12,,,453.45,random
CHEMBL3236624,CC(C)(O)C(C)(C)OB(OC(C)(C)C(C)(C)O)c1cncc(Br)c1,,,402.14,random
CHEMBL3912711,Cc1nn(Cc2ccc(-c3cc4ccc(Cl)cc4[nH]3)cc2F)c(C)c1CC(=O)O,,,411.86,random
CHEMBL1311599,COc1ccc(NS(=O)(=O)Cc2ccccc2Cl)cn1,,,312.78,random
CHEMBL3794343,COc1cc([C@@H](C(=O)N2CCCC[C@H]2C(=O)NCCCC(N)=O)C2CCCCC2)cc(OC)c1OC,,,503.64,random
CHEMBL1717762,CCOC(=O)c1nnn(-c2nc(OC)nc(N(C)C)n2)c1-c1ccccc1,,,369.39,random
CHEMBL1668223,CNC(=O)CSc1nc2ccc(NC(=O)c3ccc(Cl)cc3)cc2s1,,,391.91,random
CHEMBL1714211,O=C(NC(Cc1c[nH]c2ccccc12)C(=O)O)c1ccc(F)cc1,,,326.33,random
CHEMBL3109063,C[C@]12CC[C@@H]3c4ccc(CCc5ccccc5)cc4CC[C@H]3[C@@H]1C[C@H](Cc1cccc(C(N)=O)c1)[C@@H]2O,,,493.69,random
CHEMBL517870,CC[C@H](C)C(=O)c1c(O)c2c(-c3ccccc3)cc(=O)oc2c2cc(C(C)(C)O)oc12,"OCHROCARPIN A",,420.46,random
CHEMBL2298875,NS(=O)(=O)c1nnc(N2C(=O)c3ccccc3C2=O)s1,,,310.32,random
CHEMBL1223369,COCCn1c(-c2ccc(C(C)C)cc2)nc2c(C(F)(F)F)ccc(OC)c21,,,392.42,random
CHEMBL442788,O=C(N[C@H]1Cc2c(O)cc(O)cc2O[C@@H]1c1ccc(O)c(O)c1)c1cc(O)c(O)c(O)c1,,,441.39,random
CHEMBL1458464,Cn1ccnc1SCC(=O)Nc1ccc(Br)cc1C(F)(F)F,,,394.22,random
CHEMBL3554610,Cc1noc(C)c1CN1CC[C@H]2OCC[C@@H](C(=O)NCC3CC3)[C@@H]2C1,,,347.46,random
CHEMBL38608,O=c1c2c(nc3n1CCCC3)CCCCC2,,,218.3,random
CHEMBL1978892,CC(C)(C)C1CCC2c3c([nH]c4ccccc34)C3C(=O)N(c4ccc(Br)cc4)C(=O)C3C2C1,,,505.46,random
CHEMBL3116197,Cc1cc(C)c(Nc2ccccc2CC[C@H]2CC[C@@H]3C[C@H](c4ccccc4)NC(=N)N23)c(C)c1.Cl,,,489.11,random
CHEMBL3758807,CC(=O)N1CCCC2(CC(=O)c3cc(/C=C/C(=O)NO)ccc3O2)C1,,,344.37,random
CHEMBL326315,CCN(CC)CCn1nc2c3c(c(/N=C/N(C)C)ccc31)N(C)c1ccccc1-2,,,390.54,random
CHEMBL2179772,O=C(Cc1ccccc1)NC(NC(=O)Cc1ccccc1)c1ccccc1,,,358.44,random
CHEMBL3237778,Clc1cccc(C2=Nn3c(nnc3-c3ccncc3)SC2)c1,,,327.8,random
CHEMBL3245581,Nc1nc(=O)c2c([nH]1)NCC(CCSc1ccc(C(=O)N[C@@H](CCC(=O)O)C(=O)O)cc1)N2,,,476.52,random
CHEMBL1331657,O=C(c1ccncc1)N1CCC2(CC1)CCN(c1cccc(-c3ccccc3)c1)CC2,,,411.55,random
CHEMBL1412023,Cc1cc(C)cc(OC(=O)N2CCOCC2)c1,,,235.28,random
CHEMBL573874,O=C(O)/C(O)=C/C(=O)c1ccc(Cc2ccccc2)s1,,,288.32,random
CHEMBL1351256,COCCn1nnnc1C(c1ccccc1)N1CCN(c2ccccc2)CC1.Cl,,,414.94,random
CHEMBL2324686,CN(C(=O)c1ccc(-c2cccc(O)c2)s1)c1ccccc1,,,309.39,random
CHEMBL1516604,Cc1nc2oc3ccccc3c(=O)c2c(=O)n1Cc1ccccc1,,,318.33,random
CHEMBL4211727,CC1(Cc2cc(C(F)(F)F)cc(C(F)(F)F)c2)CC(S(=O)(=O)c2ccc(F)cc2)=C(c2ccc(/C(N)=N/O)cc2)O1,,,602.53,random
CHEMBL1432322,CCC1CCCCN1C(=O)COc1c(Br)cc(Br)c2cccnc12,,,456.18,random
CHEMBL1784676,COc1ccc(-c2ccn(C(CC(=O)O)C3CC3)c2-c2ccc(C(N)=O)cc2C)cc1,,,418.49,random
CHEMBL409870,COc1ccc(C2C(C#N)=C(N)Oc3c2c(=O)n(C)c2ccccc32)cc1O,,,375.38,random
CHEMBL1327473,Cc1cc(C)n2nc3ccccc3c2n1,,,197.24,random
CHEMBL470557,CCCCCCCCCCCCCCCc1cc(O)c(C)c(O)c1,,,334.54,random
CHEMBL496896,COc1ccc(CN2CCC(N[C@@H]3C[C@H]4CC[C@]3(C)C4(C)C)CC2)c(F)c1,,,374.54,random
CHEMBL1428818,CCCc1cc(C(=O)N2CCCC(Nc3ccc(C)c(C)c3)C2)n(C)n1,,,354.5,random
CHEMBL1619313,COC(=O)[C@@]12CCCCN1[C@H](c1ccc(-c3ccc(C(C)=O)cc3)cc1)[C@@H]1C(=O)N(C)C(=O)[C@@H]12,,,460.53,random
CHEMBL1770557,O=C(N[C@@H]1CC[C@@H](c2cccc(F)c2F)Cn2c(CC(F)(F)F)cnc21)N1CCC(n2c(=O)[nH]c3ncccc32)CC1,,,589.57,random
CHEMBL287156,C[C@H](NC(=O)c1n[nH]c(N)n1)C(=O)N[C@@H](CCCN=C(N)N)C(=O)N[C@@H](Cc1ccccc1)C(N)=O,,,501.55,random
CHEMBL473494,OCCN1CCN(c2c3cc(Cl)ccc3nc3[nH]c4ccccc4c23)CC1,,,380.88,random
CHEMBL483310,CS(=O)(=O)Nc1nc2ccccc2n2c(=O)n(-c3ccccc3)nc12,,,355.38,random
CHEMBL1305602,O=C(NCc1ccco1)C1CC(c2ccccc2C(F)(F)F)=NO1,,,338.29,random
CHEMBL4070608,Cc1cccc(C)c1-c1cccc(C(=O)Nc2ccc(CCC(=O)O)cc2)c1,,,373.45,random
CHEMBL3487865,Cc1csc(CNC(=O)NC(C)c2ccc3c(c2)CCC(=O)N3)n1,,,344.44,random
CHEMBL574502,CC(C)CCn1cc2c(nc(NC(=O)COc3ccc(Cl)cc3)n3nc(-c4ccco4)nc23)n1,,,479.93,random
CHEMBL1495533,COC(=O)c1ccccc1NC(=O)Nc1ccc(C)cn1,,,285.3,random
CHEMBL1812417,CCCCCCCCn1c2ccccc2c2cc(CCC(=O)O)c(OCC(=O)O)cc21,,,425.53,random
CHEMBL1987473,Cc1cccc(/N=N/c2c(C)nn(C(=O)CC(=O)Nc3ccccc3)c2C)c1,,,375.43,random
CHEMBL1417945,C=CC(=O)Nc1sc2c(c1C(N)=O)CCCC2,,,250.32,random
CHEMBL3504237,Fc1cnc(N2CCOC3(CCN(Cc4ccsc4)CC3)C2)nc1.O=C(O)C(F)(F)F.O=C(O)C(F)(F)F,,,576.49,random
CHEMBL156620,CCCCCc1nnnn1CC(I)=C(I)I,,,557.94,random
CHEMBL2179541,O=C(c1cc(F)co1)N1CC2CNCC(C2)C1,,,238.26,random
CHEMBL3463157,c1ccc(N(CCn2cncn2)CC2CC2)cc1,,,242.33,random
CHEMBL3423232,Brc1ccc(-c2nn(-c3ccccc3)cc2CNc2ccccc2)cc1,,,404.31,random
CHEMBL3687805,COc1cc(F)ccc1-c1nc(C(=O)N[C@@H](CC(=O)O)c2ccccc2Cl)ccc1OC,,,458.87,random
CHEMBL1414088,COc1ccc(N(CC(=O)NCCc2ccc(C)cc2)S(=O)(=O)c2c(C)nn(C)c2C)cc1,,,470.6,random
CHEMBL1386664,CSc1ccccc1N=C(S)NC1CCCC1,,,266.44,random
CHEMBL515308,O=C([O-])C1=NOC(c2ccc(N3CCN(Cc4ccccc4)CC3)cc2)C1.[Li+],,,371.37,random
CHEMBL1576082,CCCCc1cc(=O)oc2cc(C)cc(OCC(=O)NCCN3CCOCC3)c12,,,402.49,random
CHEMBL2441046,CS(=O)(=O)c1ccccc1COc1cccc(NC(=O)C2CCN(c3ccncc3)CC2)c1,,,465.58,random
CHEMBL1706577,O=C(N/N=C/c1cccc(F)c1)c1cc(-c2ccco2)nc2ccccc12,,,359.36,random
CHEMBL546131,CCOC(=O)c1nc(-c2cccnc2)[nH]c1NC(=S)NCc1ccccc1,,,381.46,random
CHEMBL1875108,CCc1nc2c(OCc3ccc(Cl)cc3)cccn2c1N(C)C(=O)c1ccco1,,,409.87,random
CHEMBL102786,COc1cc2c(Nc3ccc(Sc4nccs4)c(Cl)c3)c(C#N)cnc2cc1OCCCN1CCOCC1,,,568.12,random
CHEMBL396860,CC(C)(C)c1cccc(OC(=O)NCCc2c[nH]c3ccc(O)cc23)c1,,,352.43,random
CHEMBL3983287,Nc1ncc(C2CCC(N)CC2)nc1-c1ccc(C(=O)N[C@H](CO)c2cccc(Cl)c2)c(F)c1,,,483.98,random
CHEMBL160266,Clc1ccc(N2CCN(Cc3cnn4c(N5CCN(Cc6ccccc6)CC5)cccc34)CC2)cc1,,,501.08,random
CHEMBL3091590,Nc1cc(Oc2ccc(NC(=O)c3cccn(-c4ccc(F)cc4)c3=O)cc2)ncn1,,,417.4,random
CHEMBL1581477,Cc1cccc(Cn2c(=O)n(CCCC(=O)NCc3ccco3)c(=O)c3ccccc32)c1,,,431.49,random
CHEMBL1997110,CCOc1ccccc1NC(=O)C(=O)CC(=O)c1c(C)[n+]([O-])c2ccccc2[n+]1[O-],,,409.4,random
CHEMBL1533599,Cc1cc(C)c(CSc2nnc(C)n3c2cc2occc23)c(C)c1,,,337.45,random
CHEMBL3554504,CC(C)c1cc(C(=O)N2CCOC3(CCNCC3)C2)no1,,,293.37,random
CHEMBL3249730,Nc1nc(O)c2cc(COc3ccc(C(=O)N[C@@H](CCC(=O)O)C(=O)O)cc3)ccc2n1,,,440.41,random
CHEMBL1617509,Clc1ccc(CN2C3=NCCN3c3ccccc32)cc1,,,283.76,random
CHEMBL1556505,COc1ccc(C2CC(C(F)(F)F)n3nc(C(=O)NCc4cn(C)nc4C)c(Cl)c3N2)cc1,,,482.89,random
CHEMBL3883959,C=C1C(=O)O[C@H]2[C@H]1CC/C(COC(=O)NCc1nc3ccccc3[nH]1)=C\CC[C@@]1(C)O[C@@H]21,,,437.5,random
CHEMBL357104,CNC1CCCc2c(O)cccc21,,,177.25,random
CHEMBL221458,CO[C@@H]1OC[C@@H](OC(C)=O)[C@@H](OC(C)=O)[C@]1(F)n1ccc(=O)[nH]c1=O,,,360.29,random
CHEMBL3228815,Cc1cc(C)c2ccc(=O)n(CC[N+](C)(C)C)c2n1.[I-],,,387.27,random
CHEMBL73250,CC(=N)Nc1nc(Cc2c(Cl)cccc2Cl)nc(Nc2ccc(C#N)cc2)n1,,,412.28,random
CHEMBL280477,NCC(O)C1CCCCCC1,,,157.26,random
CHEMBL581114,CCc1c[nH]c2c(N(c3ccccc3)S(C)(=O)=O)cc(C(=O)N[C@@H](Cc3ccccc3)[C@H](O)CNC(C)(C)CCCC(C)C)cc12,,,646.9,random
CHEMBL1331742,COc1ccc(-n2nc(C(=O)N3CCC(C#N)CC3)c3c4ccccc4n(C)c3c2=O)cc1,,,441.49,random
CHEMBL1081272,O=C(Nn1c(CCC2CCCC2)nc2c(-c3ccc(Cl)cc3)n[nH]c2c1=O)c1ccccc1,,,461.95,random
CHEMBL1836428,O=[N+]([O-])c1cn2c(n1)OC[C@@H](OCCOc1ncc(-c3ccc(C(F)(F)F)nc3)cn1)C2,,,452.35,random
CHEMBL155154,CCCCc1nnc(Sc2ccccc2)n1Cc1ccc(-c2ccccc2-c2nn[nH]n2)cc1,,,467.6,random
CHEMBL2182040,C[C@@H](OC(=O)Nc1cnnn1-c1ccc(-c2ccc(C3(C(=O)O)CC3)cc2)cc1)c1ccccc1,,,468.51,random
CHEMBL601064,Cc1nc2c(s1)-c1nc(Nc3cccc([N+](=O)[O-])c3)ncc1CC2,,,339.38,random
CHEMBL375416,CC(=O)N1CCN(Cc2ccc3[nH]c(-c4n[nH]c5cc(Cl)ccc45)cc3c2)CC1,,,407.91,random
CHEMBL4165218,Nc1nc(NC2CCC2)c2nc[nH]c2n1,,,204.24,random
CHEMBL3956967,CN(CC(=O)O)C(=O)c1cccc(COc2ccc(-c3cc(F)cc4c3OCC4)cc2)c1,,,435.45,random
CHEMBL204707,CCC(C)Sc1c(C#N)c(C(F)(F)F)nn1-c1ccc(S(C)(=O)=O)cn1,,,404.44,random
CHEMBL1414168,COc1ccc(CCN2C(=O)NC(=O)/C(=C\Nc3cccc(F)c3)C2=O)cc1OC,,,413.41,random
CHEMBL1573293,CCn1cc(C(=O)NCc2ccccc2)c(=O)c2cc(F)c(N3CCN(C(=O)c4ccco4)CC3)cc21,,,502.55,random
CHEMBL149004,COc1ccc(-c2[nH]c3ccccc3c2CCNCCCCc2ccc(O)cc2)cc1OC,,,444.58,random
CHEMBL1624199,COCCn1nnnc1C(c1ccc(Cl)cc1)N1CCN(C(=O)c2ccco2)CC1,,,430.9,random
CHEMBL186517,CCCN(CCOC)c1cc(C)nc2c1NC(=O)CN2c1ccc(C(C)C)cc1Cl.O=C(O)C(F)(F)F,,,545,random
CHEMBL1379154,O=C1CCCc2nc(N3CCN(C(=O)c4ccco4)CC3)ncc21,,,326.36,random
CHEMBL2178822,COC(=O)[C@H](CCN(C)C)NC(=O)c1c(C)cc(-c2cccc(NS(=O)(=O)c3cc(C)c(Cl)cc3C)c2)cc1C,,,586.15,random
CHEMBL3586162,CCOP(=O)(OCC)[C@@H]1C[C@H](C(=O)Nc2cc3c4c(cccc4c2)C(=O)N(CCN(CC)CC)C3=O)ON1C,,,560.59,random
CHEMBL2263472,CC1(C)O[C@H]2O[C@H](C3CC(=O)N(c4ccc(Cl)cc4)C(=O)N3c3ccco3)[C@H](OCc3ccccc3)[C@H]2O1,,,538.98,random
CHEMBL291739,N#Cc1ccc2[nH]cc([C@H]3CC[C@@H](NCc4ccccc4)CC3)c2c1,,,329.45,random
CHEMBL1460011,O=C(CCCC(=O)N(c1ccc2c(c1)OCCO2)C(C(=O)NC1CCCCC1)c1ccc(F)cc1)Nc1ccccn1,,,574.65,random
CHEMBL1736724,CCN(CC)CC(=O)Nc1ccc(Cl)cc1C(=O)c1ccccc1,,,344.84,random
CHEMBL1740601,CCNC(=O)N(C)C[C@H]1N[C@@](C)(C(=O)OC)[C@H]2C(=O)N(C)C(=O)[C@@H]12,,,340.38,random
CHEMBL2204547,O=c1nc(N(Cc2ccccn2)c2cccnc2)oc2c(OCc3ccccn3)cccc12,,,437.46,random
CHEMBL3220244,C[C@@H]1CN(C(=O)OC2COC2)CCN1c1ncc(OCc2ccncc2C#N)cn1,,,410.43,random
CHEMBL1671988,COc1cc(/C=C2\SC(=O)NC2=O)cc(OC)c1Oc1ccc(C#N)c(C(F)(F)F)c1,,,450.39,random
CHEMBL1893666,COC(=O)c1ccccc1-c1cn(C)c2ccccc2c1=O,,,293.32,random
CHEMBL1370570,CCC(CC(C)(C)O)C(=O)NN=C(S)Nc1ccccc1,,,309.44,random
CHEMBL242147,O=C(O)C1CCN(S(=O)(=O)c2cccc3nsnc23)CC1,,,327.39,random
CHEMBL3972344,C[C@H](Nc1nc(N)nc(N)c1C#N)c1nc2c(Cl)cccc2c(=O)n1-c1cccnc1,,,433.86,random
CHEMBL467287,CCn1c2ccncc2c2cc(S(=O)(=O)Nc3ccccc3)ccc21,,,351.43,random
CHEMBL1897248,O=C(COC(=O)CCc1ccc(S(=O)(=O)N2CCOCC2)cc1)NC1CCCC1,,,424.52,random
CHEMBL1970185,C[C@@]1(O)C[C@@H](N2C(=O)O[C@@H](c3ccccc3)[C@H]2c2ccccc2)[C@@H]1COCc1ccccc1,,,443.54,random
CHEMBL3198116,O=C1C2C3C=CC(C4CC34)C2C(=O)N1/N=C/c1ccc(-c2ccc(F)cc2[N+](=O)[O-])o1,,,421.38,random
CHEMBL527575,COc1ccc2c(=NN=Cc3ccc(F)cc3)cc(C)[nH]c2c1,,,309.34,random
CHEMBL1093882,Cc1ccc(OP(=O)(O)C(N)CCc2ccccc2)cc1C,,,319.34,random
CHEMBL460053,O=C(O)C(=O)N(Cc1cccc(C(F)(F)F)c1)c1ccc(-c2ccc(OC(F)(F)F)cc2)cc1,,,483.36,random
CHEMBL336222,N[C@@H](C/N=c1\c(O)c(O)c1=O)C(=O)O,,,200.15,random
CHEMBL3978140,O=C1O[C@@]23C[C@@H](C=CC2=C1[C@H](O)c1ccccc1F)N1CCCC[C@@H]13,,,341.38,random
CHEMBL1999147,CCOC(OC1=C(C#N)CCC1)C(C)[Se]c1ccccc1,,,350.32,random
CHEMBL4294387,CC(F)(F)c1nc(-c2nc(NC3CCC(F)(F)CC3)nc(NC3CCC(F)(F)CC3)n2)cs1,,,494.51,random
CHEMBL3628575,Oc1ccc(-c2nc(N3CCN(c4ccccc4)CC3)no2)cc1,,,322.37,random
CHEMBL90813,CC1CCN(CCC(=O)Nc2ccc3c(c2)C(=O)c2cc(NC(=O)CCN4CCC(C)CC4)ccc2-3)CC1,,,516.69,random
CHEMBL1595183,CC(=O)Nc1ccc(NC(=O)c2ccc(NS(=O)(=O)c3cc(C(C)(C)C)cc(C)c3C)cc2)cc1,,,493.63,random
CHEMBL3955782,Cn1cncc1C(=O)CN1c2nc(N3C[C@@H]4C[C@H]3CO4)cc(=O)n2CC[C@H]1C(F)(F)F,,,438.41,random
CHEMBL1603887,O=C(O)c1cccnc1SCc1cccc(Br)c1,,,324.2,random
CHEMBL105055,CC(=O)N1CCC2(CC1)C1C(=O)N(c3ccccc3)C(=O)C1CN2C(=O)c1cc(C(F)(F)F)cc(C(F)(F)F)c1,,,567.49,random
CHEMBL3938389,CCCN(CCC)C(=O)C1=Cc2ccc(C(=O)Nc3cncc(CCCCCN)c3)cc2N=C(N)C1,,,490.65,random
CHEMBL1991997,CC(=O)C(=Cc1cn(C)c(=O)n(C)c1=O)C(C)=O,,,250.25,random
CHEMBL3326296,Cn1cc(-c2ccc(O)cc2)c(=O)c2ccc(O)cc21,,,267.28,random
CHEMBL68125,CCCCCNC(=O)C(Cc1ccc(N(C(=O)C(=O)O)c2ccccc2C(=O)O)c(/C=C/C(N)=O)c1)NS(C)(=O)=O,,,588.64,random
CHEMBL1834936,COc1cc2cc(C(=O)N3CC(CCl)c4c3cc([N+](=O)[O-])c3cc(S(=O)(=O)NCCO)ccc43)[nH]c2c(OC)c1OC,,,619.05,random
CHEMBL208708,COC(=O)c1cc(-c2cc(OC)c(OC)c(OC)c2)c2n1CCc1cc(OC(C)C)c(OC)cc1-2,,,481.55,random
CHEMBL3827723,Cc1ccc(C(C)OC[C@H](O)CNC(C)(C)Cc2ccc3ccccc3c2)c2c1OC1C(C(=O)O)C21,,,489.61,random
CHEMBL280772,Cc1ccc(C)c(-c2cc(C(F)F)nn2-c2ccc(S(N)(=O)=O)cc2)c1,,,377.42,random
CHEMBL3908182,CCn1c(=O)ccn(C2OC(Cn3cc(COC(=O)C(C)NC(=O)C(C)n4cnc5c4c(=O)n(C)c(=O)n5C)nn3)C(O)C2O)c1=O,,,658.63,random
CHEMBL273554,COC(=O)c1sc(CCc2ccccc2)cc1NC(=O)Nc1ccc(C)cc1,,,394.5,random
CHEMBL58609,CN1C2CCC1CC(NC(=O)Nc1ccccc1OC(C)(C)C)C2,,,331.46,random
CHEMBL129768,O[C@H](CCCN1CCN(c2ncc(F)cn2)CC1)c1ccc(F)cc1,,,348.4,random
CHEMBL514147,C=C1C[C@@]23C[C@@H]1CC[C@H]2[C@]1(C)CC[C@@H](OC(=O)c2ccccc2OC)[C@](C)(COC(C)=O)[C@@H]1C[C@@H]3O,,,496.64,random
CHEMBL2357952,COc1ccc([C@H]2C[C@@H](O)[C@H](n3cc(COC(=O)c4ccccc4)nn3)CN2C(=O)C2CCCCC2)cc1,,,518.61,random
CHEMBL2236141,Cc1ccc2cc(C3CC(c4ccc(Cl)s4)=NN3)c(Cl)nc2c1,,,362.29,random
CHEMBL4059905,C[C@@]1(Cl)[C@H](O)[C@@H](CO)O[C@H]1n1ccc(=O)[nH]c1=O,,,276.68,random
CHEMBL3764113,Cc1cc(/C=C/C=C/C(=O)/C=C/c2cc(C)on2)no1,,,270.29,random
CHEMBL3209209,Cc1cccc(C(=O)O/N=C/c2c(Cl)n(C)c3ccccc23)c1,,,326.78,random
CHEMBL3965116,C.Cc1nc(C(=O)Nc2n[nH]c3c2CN(C(=O)N2CCN(CC4CCOCC4)C[C@@H]2C)C3(C)C)cs1,,,517.7,random
CHEMBL1709330,COc1cccc(CNCc2ccccc2OC)c1.O=C(O)C(=O)O,,,347.37,random
CHEMBL479176,Cc1ccc2c(c1)[C@H]1CN(C)CC[C@H]1N2,STOBADINE,,202.3,random
CHEMBL1580862,CN(CC(=O)NCCCc1ccccc1)S(=O)(=O)c1ccc(Br)cc1,,,425.35,random
CHEMBL12940,COc1ccc2c(c1)C=[N+]([O-])C(C)(C)C2,,,205.26,random
CHEMBL3431135,Cc1c(C(=O)NCCCCn2ccnc2)oc2c(C)cccc12,,,311.38,random
CHEMBL3236413,COc1nc(OC)c2scc([C@H]3C[C@H](O)[C@@H](CO)O3)c2n1,,,312.35,random
CHEMBL569147,CC[C@H](c1ccc(O)cn1)[C@H](C)c1ccc(O)cc1,,,257.33,random
CHEMBL3898304,COc1ccc2c(c1)C(=O)N[C@H](C(=O)NC1(C#N)CC1)Cc1ccc(c(Cl)c1)OCCCCO2,,,483.95,random
CHEMBL1773397,Cc1[nH]c2ccccc2c1C(=O)c1nn(-c2ccccc2)nc1N,,,317.35,random
CHEMBL3965021,COc1cccc(C2=Nn3c(CN4CCC(C)CC4)nnc3SC2)c1,,,357.48,random
CHEMBL274697,O=C(O)c1cnc2n(c1=O)CCC/C2=N\Nc1ccccc1,,,298.3,random
CHEMBL1463005,COc1ccc(-n2nc(C(=O)NCC(=O)N3CCC(C)CC3)c3ccccc3c2=O)cc1Cl,,,468.94,random
CHEMBL165130,O=C(Nc1ccc(Oc2cccc(C(=O)Nc3cccnc3)c2)cc1)Nc1ccc(Cl)c(C(F)(F)F)c1,,,526.9,random
CHEMBL3798681,CC(C)(C)c1ccc(S(=O)(=O)Nc2ccc(Cl)c3c2C(=O)N(c2cc(C#N)ccn2)C3=O)cc1,,,494.96,random
CHEMBL2419728,COc1cc([C@@H]2c3cccc(C#N)c3N[C@H](c3ccc(O)cc3)[C@H]2C)ccc1O,,,386.45,random
CHEMBL2063363,CCOC(=O)/C=C/c1ccc(-n2c(-c3ccccc3)cc(C(=O)OCC)c2C(=O)c2ccccc2)cc1,,,493.56,random
CHEMBL2165498,Cc1nc2ccccc2n1-c1nc(N2CCOCC2)c2sc(CN3CCC(N(C)C)CC3)cc2n1,,,491.67,random
CHEMBL1583179,COc1cccc(CN2CCNC(=O)C2CC(=O)NC2Cc3ccccc3C2)c1,,,393.49,random
CHEMBL44591,Cc1ccc(NC(=O)c2ccc(-c3ccccc3S(N)(=O)=O)cc2)c(Oc2cccc(C(=N)N)c2)c1,,,500.58,random
CHEMBL3394183,N#Cc1cnn(-c2ccccc2)c1NC(=O)CSc1nnc(-c2ccco2)n1-c1ccc(F)cc1,,,485.5,random
CHEMBL268553,CN1CCN(c2ccc(-c3cc(NCCN4CCCC4)c4ccccc4n3)cc2)CC1,,,415.59,random
CHEMBL1080438,O=C(Nc1ccc(F)c(-c2ccnc3c(-c4cn[nH]c4)cnn23)c1)c1cccc(C(F)(F)F)c1,,,466.4,random
CHEMBL3233637,O=C(Nc1ccc(-n2cccc2)cc1)n1sc2ccccc2c1=O,,,335.39,random
CHEMBL3397445,COc1ccc(-c2cc(C)c(OC)c(C(=O)NC3CCCCCC3)c2)cc1,,,367.49,random
CHEMBL1276697,CC[C@@H]1CCN(c2c(F)cn3c(=O)n(N)c(=O)c(C4CC4)c3c2OC)C1,,,362.41,random
CHEMBL545450,CCCCOC(=O)N[C@H](CNC(=O)C[C@@H]1CC(c2ccc(C(=N)N)cc2)=NO1)C(=O)O.Cl,,,469.93,random
CHEMBL260839,Cc1ccc(-c2nsc(COc3ccc(OC(C)(C)C(=O)O)c(C)c3)n2)cc1C,,,412.51,random
CHEMBL3330891,CN(C(=O)n1nnc2ccccc21)C(c1ccccc1)c1ccccc1,,,342.4,random
CHEMBL1938667,COC(=O)c1ncccc1C#Cc1c(Cl)nc(N)nc1N[C@@H]1C[C@H](CO)[C@@H](O)[C@H]1O,,,433.85,random
CHEMBL577609,C[Si](C)(C)c1ccccc1C(=O)O[C@@H]1[C@H](O)[C@@H](CO)O[C@H]1n1ccc(=O)[nH]c1=O,,,420.49,random
CHEMBL3356837,CC(=O)NCCC(=O)NCCSCC(=O)NCCCNCCCCN.Cl,,,412,random
CHEMBL3142594,C[C@H](NC(=O)[C@H](Cc1ccccc1)NC(=O)NS(=O)(=O)c1ccccc1)C(=O)Nc1n[nH]c(=S)s1,,,534.65,random
CHEMBL1968592,Oc1c(O)c(Cc2ccccc2)c(Cc2ccccc2)c(Cc2ccccc2)c1Cc1ccccc1,,,470.61,random
CHEMBL1824435,Cc1cccc(-c2c(-c3ccc4nc(C)c(C)nc4c3)cnn2CC(=O)Nc2ccccc2)n1,,,448.53,random
CHEMBL4085076,c1ccc2c(NCc3cn(C4CCCC4)nn3)c3oc4ccccc4c3nc2c1,,,383.46,random
CHEMBL3937311,N#CCc1ccc(Nc2ncnc3ccc(-c4ccccc4)cc23)cc1,,,336.4,random
CHEMBL1951897,CCN(C(=O)Cc1ccc(S(C)(=O)=O)cc1)C1CCN(CCC(c2ccccc2)N2CCN(S(=O)(=O)CC)CC2)CC1,,,618.87,random
CHEMBL173981,CSc1sc(C(=N)N)cc1-c1csc(Nc2ccc(Oc3ccc(Cl)cc3)cc2)n1,,,473.05,random
CHEMBL1481049,Cc1ccc(C2=NN(CC(=O)NCCN(C)C)C(=O)CC2)cc1,,,316.41,random
CHEMBL3671486,C=CC(=O)Nc1cc2c(Nc3ccc(Br)cc3F)ncnc2cc1OCCCNC(=O)CN(C)C,,,545.41,random
CHEMBL213350,O=C(C[C@H]1NCCC[C@@H]1O)Cn1ccc(=O)c2ccccc21,,,300.36,random
CHEMBL3286562,CCNc1nc(Cc2ccccc2)nc2c1CCNCC2,,,282.39,random
CHEMBL3905023,COc1cncc(-c2cc3c(-c4cccc(N5CCNCC5)n4)n[nH]c3cn2)c1,,,387.45,random
CHEMBL170004,CCOC(=O)C[C@H]1C[C@@H](n2cc(-c3ccccc3)c3c(N)ncnc32)CN1C(=O)OC(C)(C)C,,,465.55,random
CHEMBL4084322,CC[C@H](C)[C@H](NC(=O)[C@H](CC(C)C)NC(=O)[C@@H](N)CO)C(=O)NCC(=O)N[C@@H](CCCCN)C(=O)N[C@H](C(N)=O)C(C)C,,,614.79,random
CHEMBL4161119,COc1cccc(-c2nc(Nc3cccc(F)c3)c3ccccc3n2)c1,,,345.38,random
CHEMBL1348409,O=C(c1ccccc1Cl)N1CCC(O)(c2cccnc2)CC1,,,316.79,random
CHEMBL1276906,N=c1c2cc(-c3ccc(F)cc3)n(-c3ccccc3)c2ncn1N,,,319.34,random
CHEMBL4206026,CC(=O)N1CCc2c(c(-c3ccnc4ccccc34)nn2C2CCOCC2)C1,,,376.46,random
CHEMBL4104567,CCCCCC1OC(=O)c2cc(-n3nc(C(F)(F)F)cc3O)ccc21,,,354.33,random
CHEMBL137039,C/C=C(\C)C(=O)N[C@H]1CC[C@@]2(C)C(=CC[C@H]3C4=CC[C@H]([C@H](C)N(C)C)[C@@]4(C)CC[C@@H]32)C1=O,,,438.66,random
CHEMBL1956396,CN(C)c1ccc(-c2nnnn2-c2ccc(S(C)(=O)=O)cc2)cc1,,,343.41,random
CHEMBL3896929,NC(=O)c1nn(-c2ccc(/C=C3\CCOC3=O)cc2)c2c1CCc1ccc(NC(=O)c3ccccc3Cl)cc1-2,,,538.99,random
CHEMBL297786,CCC(=O)Nc1sc2c(c1C(=O)c1ccccc1Cl)CCN(C(C)=O)C2,,,390.89,random
CHEMBL1329754,COc1ccc(C(=O)[C@H]2[C@H]3C(=O)N(c4ccc(OC(C)=O)cc4)C(=O)[C@H]3C3C=CC=NN32)cc1,,,459.46,random
CHEMBL1933483,Cc1ccc(Cn2cc(C[C@@H]3O[C@H](CO)[C@@H](O)[C@H](O)[C@H]3O)nn2)cc1,,,349.39,random
CHEMBL3914490,N#CCC1(n2cc(-c3ncnc4[nH]ccc34)cn2)CN(C2CCN(C(=O)c3csc4ccccc34)CC2)C1,,,522.64,random
CHEMBL188037,COC(=O)c1ccc(NC(=O)c2ccc(C(=O)Nc3ccc(C(=O)OC)cc3O)cc2)c(O)c1,,,464.43,random
CHEMBL4080437,CN(C)C(=O)Oc1cc(OC(=O)N(C)C)cc(C(O)CN2CCCC2)c1,,,365.43,random
CHEMBL140716,CC(C)C(NC(=O)[C@@H]1CCCN1C(=O)[C@@H](NC(=O)c1ccccc1)C(C)C)C(=O)C(F)(F)C(F)(F)F,,,519.51,random
CHEMBL3558002,Cn1cc(CN2C[C@@H]3COC[C@]3(CNC(=O)c3ccccc3)C2)cn1,,,340.43,random
CHEMBL169396,CC1(C)CCC(C)(C)c2cc(/C(O)=C/C(=O)c3ccc(C(=O)O)cc3)c(O)cc21,,,394.47,random
CHEMBL1459812,O=C(CCS(=O)(=O)c1ccc(Cl)cc1)OCC(=O)N1CCCCC1,,,373.86,random
CHEMBL521058,C[C@H]1[C@H]2CNC[C@]21c1ccc(Cl)c(Cl)c1,,,242.15,random
CHEMBL1567557,Nc1ccc(-n2nnnc2-c2ccco2)cc1,,,227.23,random
CHEMBL1354406,CC(=O)N1CCN(S(=O)(=O)c2cccc(C(=O)OCC(=O)N(CCC#N)c3ccc(F)cc3)c2)CC1,,,516.55,random
CHEMBL367429,Oc1ccc(C2CCN(CCOCc3ccccc3)CC2)cc1,,,311.42,random
CHEMBL3966399,Cc1cc(N=S(C)(C)=O)cc2ncnc(Nc3ccc(F)cc3OC(CF)CF)c12,,,438.48,random
CHEMBL1876777,Fc1cccc(CN2CCN(Cc3nc(-c4cnccn4)no3)CC2)c1,,,354.39,random
CHEMBL1870503,Cc1nnc(SCC(=O)Nc2ccc(N3CCN(S(C)(=O)=O)CC3)cc2)o1,,,411.51,random
CHEMBL4098534,Cc1ccc(OCC(=O)N/N=C2\C(=O)NC(=O)N=C2O)cc1,,,304.26,random
CHEMBL1977970,CSc1nc(NC2OC(COC(C)=O)C(OC(C)=O)C(OC(C)=O)C2OC(C)=O)c2c(OC(C)=O)c(C)c(=O)oc2n1,,,611.58,random
CHEMBL78338,CCC(=O)NCCc1c(OCC[N+](C)(C)C)ccc2ccc(OC)cc12.[I-],,,486.39,random
CHEMBL3337719,O=C(O)/C=C/c1ccc(OC(=O)CCc2cccc(O)c2)c(OCc2cccc(F)c2)c1,,,436.44,random
CHEMBL1875613,CCCCN1CC[C@H]2C=CC[C@@H](C(=O)NC3CCCCC3)[C@H]2C1=O,,,332.49,random
CHEMBL3421938,C=CCN1C(=O)C(Cc2ccc(O)c(O)c2)C(=O)N(CC=C)C1=O,,,330.34,random
CHEMBL3326755,Cc1cccc(-c2cc3c(Nc4ccncc4)ncnn3c2)c1,,,301.35,random
CHEMBL1241864,Nc1ncnc2c1c(-c1ccc3[nH]c(=O)ccc3c1)nn2C1CCCC1,,,346.39,random
CHEMBL1508524,CCCCC(=O)NC(=S)NNC(=O)c1ccc(Cl)cc1Cl,,,348.26,random
CHEMBL1568504,CC(=O)N(C)c1ccc(N=C(S)Nc2ccc(C(C)C)cc2)cc1.Cl,,,377.94,random
CHEMBL3915394,COc1ccc(COC(=O)C2=C(C)NC(=O)NC2c2cccc(F)c2)cc1,,,370.38,random
CHEMBL223901,Fc1ccc(Nc2nnc(-c3ccc(F)cc3)s2)cc1,,,289.31,random
CHEMBL518070,CCCS(=O)(=O)N1CCC(CNC(=O)c2ccccc2Cl)(c2cccc(C)n2)CC1,,,450,random
CHEMBL2181217,CCN1CNc2cc(Nc3ccnc4cc(Cl)ccc34)ccc2C1,,,338.84,random
CHEMBL3758469,COc1ccc(/C=C/C(=O)c2ccc(OCc3cn(CCC[Si]45OCCN(CCO4)CCO5)nn3)cc2)cc1,,,550.69,random
CHEMBL474494,O=C(Nc1ccc(C(F)(F)F)cc1)c1nscc1NCc1ccccn1,,,378.38,random
CHEMBL601885,COc1ccccc1N1CCN(CCCN(CC2CCCCC2)S(=O)(=O)c2cccc3cccnc23)CC1,,,536.74,random
CHEMBL1829835,O=C(O)CC(Cc1nc2cc(I)ccc2[nH]1)c1ccc(Cl)c(Cl)c1,,,475.11,random
CHEMBL91530,CC(=O)OC[C@@]1(C)C2C[C@H](OS(C)(=O)=O)[C@@]3(C)Oc4cc(-c5cccnc5)oc(=O)c4[C@H](O)C3[C@@]2(C)CC[C@@H]1OC(C)=O,,,619.69,random
CHEMBL2001439,CCCCCCCCCCCCCCCCCC(=O)OCC(COC(=O)CCCN)OC(=O)CCCN.O=C(O)C(F)(F)F,,,642.8,random
CHEMBL488569,CC[C@@H]1C=CC(=O)O[C@@H]1[C@H](C)C[C@@H](C)[C@@H](O)C[C@H](O)/C=C\C=C\c1cccc(O)c1Cl,"BITUNGOLIDE C",,448.99,random
CHEMBL2396894,FCCCN1CCC(=C2c3ccc(Cl)cc3CCc3cccnc32)CC1,,,370.9,random
CHEMBL94505,CC(C)CC(C/C=C1/CC(CO)(CN(O)C(=O)C(C)(C)C)OC1=O)CC(C)C,,,397.56,random
CHEMBL1430680,O=C(Nc1cccc(F)c1)N1CC=C(n2c(O)nc3ccccc32)CC1,,,352.37,random
CHEMBL1360056,O=S(=O)(c1ccc(F)cc1)N1CCCC(c2nc(O)c3nnn(Cc4ccccc4)c3n2)C1,,,468.51,random
CHEMBL3676319,Cc1nc2cc(-n3ncc(C(=O)c4cc5ccc(-c6cccc(C(F)(F)F)c6)cc5[nH]4)c3N)ccc2[nH]1,,,500.48,random
CHEMBL198826,CN(C)c1ccccc1NC(P(=O)(O)O)P(=O)(O)O,,,310.18,random
CHEMBL1445421,Cc1cc(C(=O)Nc2cccnc2)on1,,,203.2,random
CHEMBL1617231,CCOc1ccc(OCC)c(NC(=O)CN2CCN(CC(=O)NC(C)C)CC2)c1,,,406.53,random
CHEMBL1452018,CCOc1ccccc1NC(=O)c1ccc(NC(=O)C2CCCO2)cc1,,,354.41,random
CHEMBL11705,COC(=O)Nc1nc2cc(C(=O)Nc3nc4ccc(OC)cc4s3)ccc2[nH]1,,,397.42,random
CHEMBL2165070,Cc1cc(C(N)=O)c(-c2cccc(OC(=O)NCCCCCCc3ccccc3)c2)s1,,,436.58,random
CHEMBL1309793,N#Cc1cc2ccccc2n2nnnc12,,,195.19,random
CHEMBL4172541,CC(C)=CC(=O)Nc1cc2c(N3CCc4ccccc43)ncnc2cc1O[C@@H]1CCOC1,,,430.51,random
CHEMBL1344300,CC(=O)/C(C#N)=C1\NC(=O)C(Cc2cc(Cl)ccc2Cl)S1,,,341.22,random
CHEMBL3127610,COc1cccc(-c2cc(C(F)(F)F)c3c(N)c(C(=O)N4CCOCC4)sc3n2)c1,,,437.44,random
CHEMBL1552713,O=C(c1cnc(N2CCOCC2)c2ccccc12)N1CCN(c2ccc(F)cc2)CC1,,,420.49,random
CHEMBL4113220,Nc1ncnc2c1c(-c1ccc(C(=O)Nc3cc(C(F)(F)F)ccn3)cc1)nn2[C@@H]1CCCc2c1cnn2CCO,,,563.54,random
CHEMBL2436527,CCOC(=O)c1sc(N/N=C/c2cccc(Br)c2)nc1C,,,368.26,random
CHEMBL461009,C=CCN1C(=S)S/C(=C/C=C2\Sc3ccccc3N2CCCS(=O)(=O)O)C1=S,,,470.69,random
CHEMBL3800120,CCc1cc(-c2noc(-c3cc(C)nc(OC4CCC4)c3)n2)cc(C)c1OC[C@@H](O)CNC(=O)CO,,,496.56,random
CHEMBL3884297,O=C(O)CCC[C@H](NC(=O)CCc1ccccc1)C(=O)O,,,293.32,random
CHEMBL1806953,Cc1c(-n2c(-c3ccccc3)c(-c3ccccc3)c3c(Nc4ccccc4)ncnc32)n(C)n(-c2ccccc2)c1=O,,,548.65,random
CHEMBL2234278,Cc1ccc(OCCCOc2ccc3sc(=O)oc3c2)cc1,,,316.38,random
CHEMBL1413911,O=C(c1ccccc1Cl)N1CCCCC1CCN1CCOCC1,,,336.86,random
CHEMBL1824281,CCCC[C@H]1Cc2ccc(Cl)cc2[C@@H](c2ccccc2)N1,,,299.85,random
CHEMBL113112,C/C(=N\OCCC#CC(O)(c1ccc(OCc2ccc3ccccc3n2)cc1)c1ccc(OCc2ccc3ccccc3n2)cc1)C(=O)[O-].[Na+],,,673.7,random
CHEMBL1242366,CC[C@H]1C[C@H]2O[C@@](C)([C@@H]1OC)n1c3ccccc3c3c4c(c5c6ccccc6n2c5c31)C(=O)N[C@@H]4O,,,481.55,random
CHEMBL3438620,CNc1oc(COc2ccc3c(c2)OCO3)nc1C#N,,,273.25,random
CHEMBL1669768,Cc1ccc(S(=O)(=O)Oc2cc3c(c(OS(=O)(=O)c4ccc(C)cc4)c2)C(=O)O[C@H](C)CCCCCCC3)cc1,,,586.73,random
CHEMBL2003482,O=C(Cc1ccc(Cl)cc1)Nc1[nH]nc2c1CCC2,,,275.74,random
CHEMBL4280342,CCCCCCCCc1ccc(C(=O)C[C@@H]2CCCN2)cc1.Cl,,,337.94,random
CHEMBL70287,O=C(Cc1ccc(Cl)c(Cl)c1)N1CCN(CCO)C[C@@H]1CN1CC[C@@H](O)C1,,,416.35,random
CHEMBL2316544,Clc1ccc(OCCSc2nc3ccccc3[nH]2)cc1,,,304.8,random
CHEMBL247446,C=CCNC(=O)C1(N(CCCn2ccnc2)C(=O)c2cccnc2)CCN(Cc2ccccc2)CC1,,,486.62,random
CHEMBL1708375,CC=Cc1cc2ccccc2c2c(C(=O)OC)c(C(=O)OC)c(C(=O)OC)n12,,,381.38,random
CHEMBL2381646,N[C@@H]1C[C@@](N)(C(=O)O)[C@@H]2[C@@H](C(=O)O)[C@@H]21,,,200.19,random
CHEMBL1183018,CCCCCCCNCc1cc(Cl)cc(Cl)c1,,,274.24,random
CHEMBL375240,C=CCOC(=O)CCCCCCCCCCCNC(=O)NC12CC3CC(CC(C3)C1)C2,,,432.65,random
CHEMBL462565,N#Cc1cc(C(=O)c2ccc(N3CCCC3)cc2)n2c1ccc1ccccc12,,,365.44,random
CHEMBL1887736,CCc1nnc(NC(=O)c2ccccc2NC(=O)C2CCN(C(=O)c3ccco3)CC2)s1,,,453.52,random
CHEMBL400199,COc1ccc2cc(C(C)c3nnc4sc(-c5ccc(Cl)cc5)nn34)ccc2c1,,,420.93,random
CHEMBL1095765,CCN1CCC[C@@H](n2c(-c3cccc(/C=C/C(=O)NO)c3)nc3ccccc32)C1,,,390.49,random
CHEMBL138886,CCCCCCCCCCCCCc1cc(NC(=O)Nc2c(C(C)C)cccc2C(C)C)no1,,,469.71,random
CHEMBL1602829,COCCCNc1nc2nonc2nc1N1CCC(C(C)N2CCOCC2)CC1,,,405.5,random
CHEMBL1558939,O=C(Nc1cccc(-c2nc3ccccc3s2)c1)c1ccc2c(c1)OCO2,,,374.42,random
CHEMBL1509017,COc1cc(NC(=O)c2cc(-c3ccco3)on2)c(OC)cc1Cl,,,348.74,random
CHEMBL236642,O=C(N[C@@H]1c2ccccc2C[C@@H]1NC(=O)c1ccc(Cl)s1)c1ccc(-n2ccccc2=O)cc1,,,489.98,random
CHEMBL2358260,CCOC(=O)[C@]12CCCC=C1N(CCC1=CCCCC1)C(=O)[C@H](CC(=O)N1CCOCC1)C2,,,458.6,random
CHEMBL222508,COc1csc(-c2ccc(OCCCOc3ccc4c(c3)CC[C@H]4CC(=O)O)c(OC)c2)n1,,,469.56,random
CHEMBL1760774,Cc1ccc(S(=O)(=O)NC[C@@H](O)CN2CCC[C@@]3(CCN(c4ncnc(N)c4C4CC4)C3)C2)c(C)c1,,,514.7,random
CHEMBL4060222,CC(C)(C)OC(=O)N1CC[C@H](C(=O)Nc2cncc(Cn3c(=O)[nH]c(=O)c4ccccc43)c2)C1,,,465.51,random
CHEMBL2420549,Cc1ccc(NC(=O)Nc2cccc(C#N)c2)cc1S(=O)(=O)N(C)C,,,358.42,random
CHEMBL1990114,Cc1cc(C#N)c(Nc2ccccc2[N+](=O)[O-])s1,,,259.29,random
CHEMBL2177793,COc1cc2c(=O)n(CCCN3CCOCC3)c3c(c2cc1O)C(=O)c1cc2c(cc1-3)OCO2,,,464.47,random
CHEMBL2048678,CCOc1ccncc1NC(=O)c1ccnc2[nH]c(-c3ccc(F)cc3)nc12,,,377.38,random
CHEMBL1096507,Cc1c(Cc2ccccc2)nc(SCOCc2ccccc2)[nH]c1=O,,,352.46,random
CHEMBL204224,N=C(NOC(=O)Nc1ccccc1)c1ccc2nonc2c1,,,297.27,random
CHEMBL3449307,Cc1cc(-c2cnc(N3CCCCCC3)nc2-c2cccnc2C)on1,,,349.44,random
CHEMBL3474418,NC(=O)c1ccc(-c2nc3c(c(=O)[nH]2)CCNC3)cc1,,,270.29,random
CHEMBL3650394,O=C(N1C[C@@H]2C[C@H]1CN2c1cc(C(F)(F)F)ccn1)[C@@]12CCC[C@@H]1C[C@@H](N1CCC(c3ccccc3)CC1)C2,,,538.66,random
CHEMBL1714957,O=C(c1ccc(S(=O)(=O)NCc2ccco2)cc1)N1CCN(c2ccccc2)CC1,,,425.51,random
CHEMBL2336914,N[C@@H](Cc1ccccc1)C(=O)NCCCCC(=O)O,,,264.32,random
CHEMBL584390,COc1ccc(OC)c(C(C#Cc2c(C)nc(N)nc2N)OC)c1,,,328.37,random
CHEMBL334175,C=C1CC2C3C[C@H](F)C4=CC(=O)C=C[C@]4(C)[C@@]3(F)[C@@H](O)C[C@]2(C)[C@@]1(OC(=O)CC)C(=O)SCCl,,,515.02,random
CHEMBL173028,Cc1ccc2c(c1)NC1(C)CCC(=O)N21,,,202.26,random
CHEMBL2357910,CC(C)(C)c1ccc(S(=O)(=O)NC(=O)C2(C)CCN2C(=O)Cc2ccccc2Cl)cc1,,,463,random
CHEMBL1415333,CN(Cc1ccccc1)C(=O)c1oc(=O)c2ccccc2c1-c1ccccc1,,,369.42,random
CHEMBL1727799,CN(C)c1nc(-c2ccccc2)c2cc(Cl)ccc2n1,,,283.76,random
CHEMBL2147545,OCCNc1nc(-c2ccncc2)cc2cnccc12,,,266.3,random
CHEMBL1567837,CC(=O)C1=C(O)C(=O)N(CCC(=O)O)C1c1ccccc1[N+](=O)[O-],,,334.28,random
CHEMBL73181,CCc1nnc2c(N)nc3cc(Cl)ccc3n12,,,247.69,random
CHEMBL1204224,CC(C)c1ccc2nc3ccc(C(=O)NCCCCc4ccncc4)cn3c(=O)c2c1.Cl.Cl,,,487.43,random
CHEMBL3235083,CCNC(=O)Nc1cc(-c2ccccc2)c(-c2cncc(C(=O)O)c2)cn1,,,362.39,random
CHEMBL4205053,CC(C)C[C@H](NC(=O)[C@H](CCC(N)=O)NC(=O)[C@@H]1CCCN1C(=O)[C@@H](N)CO)C(N)=O,,,442.52,random
CHEMBL1736053,NCCN1CCN(S(=O)(=O)c2ccc([N+](=O)[O-])cc2)C=C1c1ccc(Cl)cc1,,,422.89,random
CHEMBL3640694,COc1ccc(N2CCN(c3ncc(C(=O)NCCCCCCC(=O)NO)cn3)CC2)cc1,,,456.55,random
CHEMBL259203,COc1ccc(-c2ccc3c(c2)CCC3=O)cc1F,,,256.28,random
CHEMBL1382024,COC(=O)NN=C1CCC(c2ccccc2)CC1,,,246.31,random
CHEMBL366290,CC(C)[C@H](Oc1ccc(CNC(=O)[C@@H]2CSCN2C(=O)CC(N)Cc2cc(F)ccc2F)cc1)C(=O)O.O=C(O)C(F)(F)F,,,649.64,random
CHEMBL3819705,O=C1CCCCN1C[C@@H]1CNCCO[C@H]1c1ccc(Cl)c(F)c1,,,340.83,random
CHEMBL4216876,COc1nc2ccc(C#N)cc2cc1C(c1ccoc1)C(O)(CCN(C)C)c1cccc(F)c1,,,459.52,random
CHEMBL1859449,CCOc1ccccc1-c1nc(CNCc2cccc(OC)c2OC)co1,,,368.43,random
CHEMBL3499530,O=C(O)C(F)(F)F.c1cc(CNCC2Cn3nncc3CO2)co1,,,348.28,random
CHEMBL1535191,COc1ccc(F)c(-c2nc(CN3CCC(c4ccccc4)CC3)c(C)o2)c1,,,380.46,random
CHEMBL325620,Nc1nnc2c3ccccc3n(Cc3ccccc3)c2c1-c1ccccc1Cl,,,384.87,random
CHEMBL1889415,Cc1nnc(NC(=O)CSc2nnc(CNC(=O)c3ccccc3F)n2C(C)C)s1,,,449.54,random
CHEMBL2086750,CCN1CCCC(Nc2ccc3c(c2)C(=C(c2ccccc2)c2nc4cc(OC)ccc4[nH]2)C(=O)N3)C1,,,493.61,random
CHEMBL1528953,Cc1ccc(NS(=O)(=O)c2ccc(-c3ccc(O)nn3)o2)cc1N(C)C,,,374.42,random
CHEMBL4212375,CNC(=O)CCNc1cc(-c2ccc(C)o2)nc2cc(OCCCN3CCCC3)c(OC)cc12,,,466.58,random
CHEMBL3209210,CCCCCC/C(O)=C1\C(=O)NC(=O)N(c2ccccc2OC)C1=O,,,346.38,random
CHEMBL26309,O=C(O)Cc1cc(Cl)ccc1Oc1ccc(O)cc1Cl,,,313.14,random
CHEMBL3684855,C[C@]1(c2cc(F)cc(Cl)c2)COC(N)=N1,,,228.65,random
CHEMBL454881,CCCCC1=C2N=C(N)N[C@H]3CC[C@@H](C[C@@H]1C)[C@@H]23,PTILOCAULINE,,247.39,random
CHEMBL1806728,CCc1nc(-c2ccc(Cl)cc2Cl)c(CC)nc1NC(CC)CC,,,366.34,random
CHEMBL1253995,COc1ccc(/C=C/C(=O)c2ccc(O[C@@H]3O[C@H](CO)[C@@H](O)[C@H](O)[C@H]3O)c(OC)c2)cc1,,,446.45,random
CHEMBL1187040,Cc1ccc(Cc2cc([C@@H]3C4CCC(C[C@@H]3c3ccc(C)cc3)N4C)on2)cc1,,,386.54,random
CHEMBL3732447,Nc1ncc(-c2cc(N3C[C@@H]4C[C@H]3CO4)nc(N3CC[C@H]4C[C@H]43)n2)cc1OC(F)F,,,416.43,random
CHEMBL3965853,COc1cc(-c2cnn(C)c2)ccc1Nc1ncc2ccnc(N3CCCC(CO)C3)c2n1,,,445.53,random
CHEMBL1444871,Cc1ccc(NC(=O)C2CC(=O)N(c3ccc(OC(C)C)cc3)C2)cc1,,,352.43,random
CHEMBL512440,Cn1cc(-c2ccc3c(c2)N(c2nc4c(s2)C(=O)NC(C)(C)C4)CCO3)cn1,,,395.49,random
CHEMBL494023,COc1ccc(-c2nc3ccc(NCc4cccc(Cl)c4)nc3n(CCNC(C)=O)c2=O)cc1,,,477.95,random
CHEMBL111603,O=S(=O)(CCCOc1ccc2[nH]c3nc(O)nc-3cc2c1)N1CCN(Cc2cccc(C(F)(F)F)c2)CC1,,,549.58,random
CHEMBL433354,CNC(=O)[C@H](Cc1ccc(OC)cc1)NC(=O)C(Cc1cccc(Cl)c1S)CC(C)C,,,463.04,random
CHEMBL596730,COc1ccccc1-n1c(SCC(=O)Nc2ccccc2F)nc2cccnc21,,,408.46,random
CHEMBL1288955,Cc1ccccc1Cn1cc(-c2ccc(O)cc2)nn1,,,265.32,random
CHEMBL3679668,CCCOc1c(/C=N/O)c(=O)n(C)c(=O)n1C,,,241.25,random
CHEMBL2059307,O=C1CCc2ncccc2N1CCCN1CCC(n2c(=O)[nH]c3ccccc32)CC1,,,405.5,random
CHEMBL3447526,Cc1cc2c(c(=O)n1CCC(=O)O)C=CC(C)(C)O2,,,263.29,random
CHEMBL2021529,C[C@@H]1CN(C(=O)C[C@H](N)Cc2cc(F)c(F)cc2F)Cc2ccc(C(F)(F)F)n21.Cl,,,455.83,random
CHEMBL520364,C=C(C)c1ccc(-c2ccc(C(=O)NCC(C)C)cc2C(=O)O)c(C(=O)Nc2ccc(C(=N)N)cc2)c1,,,498.58,random
CHEMBL2165186,CC(C)(CO)CN(Cc1cccc2ccccc12)c1cc(N2CCOCC2)nc(=O)[nH]1,,,422.53,random
CHEMBL1683228,CC(C)NC(=S)N(Cc1ccccc1)Cc1cccc(C#Cc2ccccc2)c1,,,398.58,random
CHEMBL1525293,Cc1c(C)n(CC(O)CNc2ccccc2)c2ccccc12.O=C(O)C(=O)O,,,384.43,random
CHEMBL3498384,Cl.Cl.Fc1ccccc1NC1CCNCC1,,,267.17,random
CHEMBL1540375,COCCN(C(=O)c1csnn1)C(C(=O)NC1CCCC1)c1ccccc1,,,388.49,random
CHEMBL177873,COc1cc(C2CCCN2C)ccc1O,,,207.27,random
CHEMBL2237498,N#Cc1ccccc1N1C(=O)c2ccccc2C1=O,,,248.24,random
CHEMBL3471779,Cc1cnc(N2CCn3cc(CNC(=O)CC4CC4)nc3C2)nc1,,,326.4,random
CHEMBL81538,CC1(C)[C@H]2C[C@H](C/C=C/CCCC(=O)O)[C@@H](NC(=O)c3cccnc3)[C@@H]1C2,,,370.49,random
CHEMBL2098325,CSc1ncc(C(=O)Nc2nc(-c3ccc(Cl)cc3)cs2)cn1,,,362.87,random
CHEMBL498260,N#Cc1ccc2cc1Oc1ccc3cccc(c3c1)N1CC[C@@H](NCCc3cncn3C2)C1=O,,,449.51,random
CHEMBL1720727,COC(=O)CCCC(N=C(S)N1CC2C[C@@H](C1)Cn1c2cccc1=O)C(=O)OC,,,421.52,random
CHEMBL1547819,CN1CCN(CC(=O)Nc2nc3ccccc3s2)CC1.O=CO,,,336.42,random
CHEMBL238920,c1cc2oc(CCc3cc4ccc(C5=NCCN5)cc4o3)cc2cc1C1=NCCN1,,,398.47,random
CHEMBL2164076,CNC(=O)NNC(=O)NNC(=O)CCCOc1ccc2ccc(OCCCC(=O)NNC(=O)NNC(=O)NC)cc2c1,,,590.6,random
CHEMBL4070693,CCO/N=C1C(=C2/C(=O)Nc3ccccc32)/Nc2ccccc2/1,,,305.34,random
CHEMBL271895,CCC(=O)N1CC[C@H](NC(=O)c2cc3cc(Cl)ccc3[nH]2)[C@H](NC(=O)c2nc3c(s2)CN(C)CC3)C1,,,529.07,random
CHEMBL3892588,Cc1c(Cc2ccccc2)nnc(N2CCC(C#N)(c3ccc(C(C)(C)O)cn3)CC2)c1C,,,441.58,random
CHEMBL4095915,FC(F)(F)Oc1ccc(Nc2ccncn2)cc1,,,255.2,random
CHEMBL2048060,CC1(C)OCc2ccc(CN[C@H]3CS(=O)(=O)C[C@@H](Cc4cc(F)c(N)c(OC(C(F)(F)F)C(F)(F)F)c4)[C@@H]3O)cc21,,,614.58,random
CHEMBL463745,CC1(C)C=Cc2c(cc(O)c3c2O[C@H](c2ccc(O)cc2)[C@@H](O)C3=O)O1,YUKOVANOL,,354.36,random
CHEMBL3307149,CC(=O)NCCCCCCCCNc1ncnc2c1ncn2[C@@H]1O[C@H](COP(=O)(O)OP(=O)(O)O)[C@@H](O)[C@H]1O,,,596.47,random
CHEMBL18172,CCCCCCC(C(C)O)n1cnc(C(=O)NCc2ccccc2)c1,,,343.47,random
CHEMBL2323959,CC1(C)CC(c2ccc(C#N)cc2F)c2cn[nH]c21,,,255.3,random
CHEMBL395097,CN1CC(=O)N(C)c2ccccc2C1=O,,,204.23,random
CHEMBL3685694,Nc1[nH]nc(-c2cccnc2)c1-c1nc2ccccc2s1,,,293.36,random
CHEMBL4128757,[O-][n+]1ccc2c([nH]c3ccccc32)c1[C@H]1[C@@H]2CCN3CCCC/C=C\CC[C@@]4(O[C@@H]14)[C@@H]1NCCCCCCCC[C@@]12C3,,,568.81,random
CHEMBL521013,Cn1ccnc1Sc1ccc(Nc2c(C#N)cnc3cc(/C=C/CN4CCCC4)ccc23)cc1Cl,,,501.06,random
CHEMBL4217432,O=C1COc2ccccc2N1Cc1cn(-c2ccccc2)nn1,,,306.32,random
CHEMBL81066,CC(C)[C@H](NC(=O)OCc1cncs1)C(=O)N[C@@H](Cc1ccccc1)[C@H](O)CN1CCN(Cc2ccccc2)C[C@H]1C(=O)NC(C)(C)C,,,678.9,random
CHEMBL499018,CC1(C)CC[C@]2(C)CC=C3[C@]4(C)CC[C@H]5C(C)(C)[C@H](OC(=O)/C=C/c6ccc(O)cc6)CC[C@]5(C)[C@H]4CC[C@@]3(C)[C@@H]2C1,,,572.87,random
CHEMBL121304,O=C(O)CCCCO/N=C(\c1ccc(Br)cc1)C(Cc1ccccc1)n1ccnc1,,,470.37,random
CHEMBL124003,COc1ccc(S(=O)(=O)N(CC2CCCC2)C[C@@H](O)CN(CCc2ccccc2)C(=O)N[C@H](C(=O)OCc2ccccc2)C(C)C)cc1,,,679.88,random
CHEMBL1364732,CC(C)CN1CCNC(=O)C1CC(=O)N1CCN(C2CCCCC2)C(=O)C1,,,378.52,random
CHEMBL2218410,Cc1nn(-c2ccccc2)c(C)c1CC(=O)NCc1ccc(Cl)c(Cl)c1,,,388.3,random
CHEMBL1592248,CCc1noc(C)c1C(=O)Nc1ccc(-c2nnc3n2CCCCC3)cc1,,,365.44,random
CHEMBL32598,CCCn1c(=O)c2nc(-c3ccc(N)cc3)[nH]c2n(CCC)c1=O,,,327.39,random
CHEMBL527193,COc1cc(NC(=O)N2CCc3cc(OC)c(OCCN4CCCCC4)cc32)cc(C(F)(F)F)c1.O=C(O)C(=O)O,,,583.56,random
CHEMBL152645,NC(=O)[C@H](N)NC(=O)[C@@H](N)CCC/N=C(/N)N[N+](=O)[O-],,,290.28,random
CHEMBL3914394,COc1cc2c(Nc3ccc(Cl)c(Cl)c3)ncnc2cc1OCC1CN(CCC2CCCCC2)CCCO1,,,559.54,random
CHEMBL3651345,Nc1nccn2c(C3CCC3)nc(-c3ccc(C(=O)c4ccccc4)c(Cl)c3)c12,,,402.89,random
CHEMBL2031721,O=C(Nc1ccc2cc(CN3CCCC3)cnc2c1)c1ccc(-c2ccc(Cl)cc2)nc1,,,442.95,random
CHEMBL3503272,Cc1nc(CN2Cc3nccn3CC(CN3CCCC3)C2)cs1.O=C(O)C(F)(F)F.O=C(O)C(F)(F)F,,,559.53,random
CHEMBL3409213,COc1ccc(O)c(/C=C/C(=O)/C=C/c2ccc(OC)c(OC)c2)c1,,,340.38,random
CHEMBL3962706,NC(=O)C1(c2cccc(-c3cccc(Nc4nccc(C(F)(F)F)n4)c3)c2)CC1,,,398.39,random
CHEMBL3486963,CCn1ccnc1CN1CCCC(CO)(Cc2cccc(Cl)c2)C1,,,347.89,random
CHEMBL2011974,CN1C(=N)NC(c2ccccc2)(c2cccc(-c3cccnc3)c2)C1=O,,,342.4,random
CHEMBL1315572,CN(C)c1ccc(CN2CCc3nc(N4CCN(c5ccccn5)CC4)ncc3C2)cc1,,,429.57,random
CHEMBL1460045,Cc1nn(C)cc1CNC(=O)c1cccc(Br)c1,,,308.18,random
CHEMBL4240118,Cc1sc(-c2cnccn2)nc1OC(=O)N1CCN(C)CC1,,,319.39,random
CHEMBL4083940,O=C(c1ccccc1)N1C[C@H]2CC34CCC1C2C31CCN(CC2CC2)C4Cc2ccc(O)cc21,,,454.61,random
CHEMBL1189033,COC(=O)[C@@H](c1cccc(C)c1)[C@@H]1CCCCN1,,,247.34,random
CHEMBL1178250,CCN(C(=O)c1cn(-c2cc(OC)cc(OCc3ccc(C[N+]45CCN(CC4)CC5)cc3)c2)c2cc(OC)ccc2c1=O)c1cc(F)cc(F)c1,,,695.79,random
CHEMBL1338089,COCCNC(=O)CN1C(=O)c2cccnc2Sc2ccccc21,,,343.41,random
CHEMBL1426845,O=C(NCc1ccccc1)c1cnc2ccccc2c1O,,,278.31,random
CHEMBL1570499,Cc1ccc(C)c(Nc2nc(-c3ccncc3)nc3ccccc23)c1,,,326.4,random
CHEMBL2105453,OC(CN1CCCCC1)c1cc(-c2ccccc2)on1,PERISOXAL,2,272.35,random
CHEMBL1534600,CCOC(=O)c1c(O)c2ccccc2n(CC)c1=O,,,261.28,random
CHEMBL1518701,O=C(COc1ccc2c(c1)OCO2)NC12CC3CC(CC(C3)C1)C2,,,329.4,random
CHEMBL1375616,CC(C)(C)NC(=O)N1CCN(c2ncccc2C(F)(F)F)CC1,,,330.35,random
CHEMBL1903622,CN(Cc1ccccc1)c1ncnc2c1nnn2C,,,254.3,random
CHEMBL529141,N#CCCn1nc(-c2ccc(Cl)cc2)c2c(c1=O)CCCC2,,,313.79,random
CHEMBL2220320,COc1cc2c(-c3ccc(-c4ccccc4)cc3)cc3c4ccc5c(c4c[n+](C)c3c2cc1OC)OCO5,,,500.57,random
CHEMBL1198694,Nc1ncnc2c1ncn2[C@H]1CC[C@@H](COS(=O)(=O)NC(=O)c2ccccc2O)C1,,,432.46,random
CHEMBL3657919,CS(=O)(=O)NC(=O)c1cc(Cl)c(OC2CCC3(CCCC3)CC2)cc1F,,,403.9,random
CHEMBL371197,O[C@H]1[C@H]2[C@H](O)CCCN2C[C@H]1O,TRIDOLGOSIR,-1,173.21,random
CHEMBL3931057,O=C(c1cc(F)c(F)cc1-n1nccn1)N1CCOC[C@H]1Cc1cccc(-c2ncon2)c1,,,452.42,random
CHEMBL382421,NC(=O)Nc1c(C(N)=O)sc2ncccc12,,,236.26,random
CHEMBL1879696,COc1ccc(OC)c(/C=C/c2cc3ccccc3c[n+]2C)c1,,,306.39,random
CHEMBL61507,CCC(N)Cc1ccc2c(c1)OCO2,,,193.25,random
CHEMBL3556828,O=C(c1ccncc1)N1CCc2ncnc(C3CC3)c2CC1,,,294.36,random
CHEMBL2179250,COc1ccccc1NC(=O)N(CCc1c[nH]c2ccccc12)Cc1ccc(C(=O)NO)cc1,,,458.52,random
CHEMBL1933676,O=C(NC1CCCCCC1)C1CCN(C(=O)c2ccccc2Cl)CC1,,,362.9,random
CHEMBL3251079,Cl.NCCCNCCCNC(CCC1CCCC1)CCC1CCCC1,,,374.06,random
CHEMBL3911082,Cn1nc(C(C)(C)C)c(C#N)c1-c1nc2cc(-c3ccccc3C(F)(F)F)nc(OCC(F)(F)F)c2[nH]1,,,522.45,random
CHEMBL4101065,N#CC1(c2ccccc2Cl)CCN(c2ccc(-c3nc(CO)no3)nn2)CC1,,,396.84,random
CHEMBL3586024,CCCn1cc(-c2cnc(NCc3ccc4c(c3)OCO4)c(C(=O)NCC3COc4ccccc4O3)c2)cn1,,,527.58,random
CHEMBL1507191,NCc1ccccc1COc1ccccc1.O=C(O)/C=C\C(=O)O,,,329.35,random
CHEMBL3439224,COc1ccc(-c2n[nH]c(C)c2CC(=O)NCCN2CCOCC2)cc1,,,358.44,random
CHEMBL552486,CCn1cc(-c2nc3ccc([N+](=O)[O-])cc3[nH]2)c(=O)c2cc(F)c(N3CCNCC3)cc21,,,436.45,random
CHEMBL1610787,CCOC(=O)c1cccc(NC(=O)N2CC=C(c3c[nH]c4ccccc34)CC2)c1,,,389.46,random
CHEMBL1956424,CC(C)c1cc(C(C)(C)C)cc(-c2cccc3ccccc23)c1CO,,,332.49,random
CHEMBL1933495,O=C(NC1CCCCCC1)C1CCN(S(=O)(=O)C2CC2)CC1,,,328.48,random
CHEMBL1319968,CC(=O)Nc1ccc(C(=O)OCC(=O)Nc2ccc(N3CCOCC3)cc2)cc1,,,397.43,random
CHEMBL56125,CCCCC(=O)CC(=O)C[C@@H]1OC[C@H](C[C@@H]2O[C@H]2[C@@H](C)[C@H](C)O)[C@@H](O)[C@H]1O,,,386.49,random
CHEMBL11105,COc1cc(CC(C)NCCCN(C)C)c(OC)cc1I,,,406.31,random
CHEMBL3954201,CCCCCCn1c(=O)c(C(=O)Nc2ccc(C(=O)OCCC)c(Cl)c2)c(O)c2ccccc21,,,484.98,random
CHEMBL3664923,CC(C)[C@H](NC(=O)OC(C)(C)C)C(=O)Nc1nnc(CCSCCc2nnc(NC(=O)[C@@H](NC(=O)OC(C)(C)C)C(C)C)s2)s1,,,686.93,random
CHEMBL1163277,Cc1ccc(S(=O)(=O)N2CCN(c3nc(SCc4nc5ccccc5[nH]4)nc(-c4ccccc4)c3C#N)CC2)cc1,,,581.73,random
CHEMBL3746614,O=C(Nc1ncnc2[nH]cnc12)c1cccc(-c2ccc(-n3cccc3)cc2)c1,,,380.41,random
CHEMBL77134,O=C(NCCCl)N(CCCO)C1CCCCC1,,,262.78,random
CHEMBL1436400,CC(C)CCNC(=O)CCCN1C(=O)c2ccccc2Sc2ncccc21,,,383.52,random
CHEMBL4226168,CCC(C)(C)c1ccc(OCCCCCCN2CCCC(C)C2)cc1.O=C(O)C(=O)O,,,435.61,random
CHEMBL4278218,O=c1[nH]cc(-c2ccncc2)cc1NS(=O)(=O)c1ccccc1,,,327.37,random
CHEMBL2312013,CCCCCCCC(=O)CCCCCC/C=C/[C@H](C(=O)N[C@@H](Cc1ccc(OC)cc1)C(=O)O)[C@@](O)(CC(=O)O)C(=O)O,,,605.73,random
CHEMBL171385,CN1CCN(C2=Nc3ccccc3Nc3sc(C(C)(C)C)cc32)CC1,,,354.52,random
CHEMBL3652843,Cc1c2c(nn1C)CCc1cnc(Nc3ccc(N4CCN(C)CC4)cc3)nc1-2,,,389.51,random
CHEMBL1377001,O=[N+]([O-])c1ccc(-c2n[nH]c(-c3ccccc3)n2)cc1,,,266.26,random
CHEMBL2008801,COc1cccc(/C=N/[N+](C)(C)C)c1O,,,209.27,random
CHEMBL3098316,CS(=O)(=O)c1ccc(Nc2nc(Cl)nc3cc4c(cc23)OCO4)cc1,,,377.81,random
CHEMBL4170524,CC(C)NS(=O)(=O)c1cccc(C(=O)Nc2ccc(F)c(C3CC3)c2)c1,,,376.45,random
CHEMBL3899106,Cc1c(C(=O)NCCCCCC(=O)Nc2ccccc2N)[nH]c2ccccc12,,,378.48,random
CHEMBL473784,O=C(CCCCCCCCCc1ccccc1)CC(=O)N[C@@H]1CCOC1=O,,,373.49,random
CHEMBL391394,Cc1ccnc2[nH]c(-c3ccc(N(C)C)cc3)nc12,,,252.32,random
CHEMBL2012349,CC(C)Cc1ccc(C(C)C(=O)NNC(=O)NNC(=O)NOCc2ccccc2)cc1,,,427.51,random
CHEMBL3327383,COc1cc([C@@H](CC=C(C)C)OCCC(C)C)c(OC)c2c1/C(=N/O)C=C/C2=N\O,,,416.52,random
CHEMBL1183603,Cc1cc(C(C)C)[n+](-c2ccc(S(=O)(=O)Nc3nnc(S(N)(=O)=O)s3)cc2)c(C(C)C)c1,,,496.66,random
CHEMBL3471651,Cc1ccoc1C(=O)N1C[C@H](OCC2CC2)[C@H]2OCCC[C@H]21,,,305.37,random
CHEMBL367216,CCCCCCCOC(c1ccc2c(c1)OCO2)C(OC)Oc1ccc([C@H]2O[C@@H](c3ccc(OC)c(OC)c3)[C@@H](C)[C@H]2C)cc1OC,,,650.81,random
CHEMBL1732101,CC1=CCC(COc2ccccc2)OC2(C1)C(=O)N(Cc1ccc(Br)cc1)c1ccccc12,,,504.42,random
CHEMBL3698725,NCC1CCCN(c2ccc(Nc3ncc4c5ccncc5n(C5CCCC5)c4n3)nn2)C1,,,443.56,random
CHEMBL3556237,O=S(=O)(C1CC1)N1CCC2(CC1)CN(Cc1nccs1)CCO2,,,357.5,random
CHEMBL354437,O=C(O)CCc1ccc2c(c1)[C@H]1C[C@@H](O)[C@H](C#C[C@@H](O)C3CCCCC3)[C@H]1C2,,,382.5,random
CHEMBL3210378,C/N=c1\scc(-c2ccc(Cl)cc2)n1C,,,238.74,random
CHEMBL1338741,Cc1cc(Br)ccc1NC(=O)c1ccccc1-c1ccccc1,,,366.26,random
CHEMBL223162,CS(=O)(=O)Nc1ccc([N+](=O)[O-])cc1OCc1ccccc1-c1ccccc1,,,398.44,random
CHEMBL138436,COCC[C@H](NC(=O)c1ccc(COc2cccnc2)cc1-c1ccccc1)C(=O)O,,,420.47,random
CHEMBL3718674,C[C@@H]1CN(Cc2c[nH]nc2C2=CCN(C=O)CC2)CCN1c1ccc(C(F)(F)F)cn1,,,434.47,random
CHEMBL3487764,CSc1ccc(C(=O)N2CCOCC2c2c(C)nn(C)c2C)o1,,,335.43,random
CHEMBL3286816,Cn1ncc2c1-c1cnc(N)c(c1)OCc1cc(F)ccc1OCCC2,,,354.39,random
CHEMBL2358656,CCOC(=O)C1=CCN(S(=O)(=O)c2ccccc2)C1c1ccc(C)cc1,,,371.46,random
CHEMBL1829867,CN(CC(=O)N(Cc1ccc(C2CCCCC2)cc1)c1ccc(C(=O)O)c(O)c1)S(=O)(=O)c1ccc(F)cc1,,,554.64,random
CHEMBL43873,Cc1cccc(N(C)c2cc(Cl)nc(OCC(=O)O)n2)c1C,,,321.76,random
CHEMBL3927489,CC[C@H](CN1CC[C@H](CNC(=O)c2ccc(-c3ccccc3)cc2)N[C@H](CCN2CCCCC2)C1=O)c1ccccc1,,,566.79,random
CHEMBL1430504,COc1cccc(-c2onc3ccc(C4(C)OCCO4)cc23)c1,,,311.34,random
CHEMBL3392102,COC(=O)[C@H](CC(C)C)NC(=O)[C@H](C)NC(=O)C[C@H](O)[C@H](CC(C)C)NC(=O)[C@@H](NC(=O)CC(C)C)C(C)C,,,556.75,random
CHEMBL3663400,Cc1ccc(-c2ncco2)c(C(=O)N2C3CCC2C(COc2ccccn2)C3)n1,,,390.44,random
CHEMBL3235305,CC1(C)Oc2ncnc(N)c2N=C1c1ccc(O)cc1,,,270.29,random
CHEMBL1419491,COc1cc(C(=O)N2CCCC(c3nc(-c4cccs4)no3)C2)cc(OC)c1OC,,,429.5,random
CHEMBL147415,O=P(O)(O)C(F)c1cccc(C(F)P(=O)(O)O)n1,,,303.09,random
CHEMBL3691785,[C-]#[N+]c1ccc(C2c3c(nn(-c4cnc(OC)nc4OC)c3C(C)C)C(=O)N2c2cc(Cl)cn(C)c2=O)c(F)c1,,,563.98,random
CHEMBL1701633,COCCn1c(-c2cccc(Br)c2)nc2c(c(=O)c3ccccc3n2C)c1=O,,,440.3,random
CHEMBL1714464,CCn1c(SCC(=O)NNC(=O)c2ccc(OC)cc2)nnc1C1CC1,,,375.45,random
CHEMBL3628349,CCOC(=O)c1cnc2ccc(F)cc2c1Nc1ccc(OCCCN2CCOCC2)cc1,,,453.51,random
CHEMBL539047,Cl.N=C(N)N1CCCC(CNC(=O)[C@@H](Cc2ccccc2)NS(=O)(=O)c2ccc3ccccc3c2)C1,,,530.09,random
CHEMBL1484363,CC(C)(C)NC(=O)C1c2ccccc2Oc2ccccc21,,,281.36,random
CHEMBL3695593,Cc1ccc(-n2nc(C(C)(C)C)cc2NC(=O)Nc2ccc(Oc3ccnc4[nH]c(=O)cnc34)c3ccccc23)s1,,,565.66,random
CHEMBL303866,COc1cc([C@@H]2c3[nH]c4ccccc4c3[C@@H](Nc3ccc(C#N)cc3)[C@H]3COC(=O)N23)cc(OC)c1O,,,496.52,random
CHEMBL1829915,O=S(=O)(CC1=NCCO1)C1C(c2ccccc2)=NN(c2ccccc2)C1c1ccccc1,,,445.54,random
CHEMBL192159,CC(C)=CCc1c(O)cc(O)c2c(=O)c(O)c(-c3ccc(O)cc3)oc12,,,354.36,random
CHEMBL3456634,COc1cc(C)sc1C(=O)NCCC(=O)N(C)c1ccccc1,,,332.43,random
CHEMBL1802345,CCCCC(=O)Nc1ccc(N2CCN(CC(O)(Cn3cncn3)c3ccc(F)cc3F)CC2)cc1,,,498.58,random
CHEMBL255987,Cc1cccc(-c2sc(NCc3cccc(C(N)=O)c3)nc2-c2ccc3c(c2)OCO3)n1,,,444.52,random
CHEMBL559894,Cc1cccc2c1c(=O)c1ccccc1n2CC(O)CN1CCCCC1,,,350.46,random
CHEMBL3237596,C[C@@H]1CC[C@H]2[C@@H](C)C(=O)N(NC(=O)c3ccc(Br)cc3)[C@@H]3O[C@@]4(C)CC[C@@H]1[C@@]23OO4,,,479.37,random
CHEMBL3397228,COc1ccc2nc(NCCO)c(SC)nc2c1,,,265.34,random
CHEMBL3740949,Cc1ccc2c(c1)oc(=O)n2C(=O)NCCCCc1ccccc1,,,324.38,random
CHEMBL336013,CCCCCC[C@H](C(=O)N1C[C@@H](Oc2ccc(-c3ccccc3)cc2)C[C@H]1C(=O)O)n1cnc(NC(=O)c2ccccc2S(=O)(=O)O)c1,,,674.78,random
CHEMBL1501662,CN(C)CCCN(C(=O)c1sc2ccccc2c1Cl)c1nc2ccc(F)cc2s1.Cl,,,484.45,random
CHEMBL1241425,CN[C@@H](C)C(=O)N[C@H]1CC[C@H](NC(=O)Cc2ccccc2)C[C@H]2CC[C@@H](C(=O)NC(c3ccccc3)c3ccccc3)N2C1=O,,,609.77,random
CHEMBL296243,CC(C)c1ncn2c(O)nncc12,,,178.19,random
CHEMBL1362375,CCOc1ccc(S(=O)(=O)[N-]c2nc3ccccc3nc2-[n+]2ccc(NC(=O)c3cccs3)cc2)cc1,,,531.62,random
CHEMBL3496213,CC(C)(C)OC(=O)N1CCN(C(=O)c2sccc2C2CC2)CC1,,,336.46,random
CHEMBL3856143,CNC(=O)[C@H]1O[C@@H](n2cnc3c(NCCc4cc(C(C)(C)C)c(O)c(C(C)(C)C)c4)ncnc32)[C@H](O)[C@@H]1O,,,526.64,random
CHEMBL1715089,COc1cc(Cl)c(C)cc1NCC(=O)Nc1cccc(S(=O)(=O)N2CCCC2)c1,,,437.95,random
CHEMBL3921976,CN(CC1(C)CCC(c2ccccc2)(N(C)C)CC1)c1c[nH]c2ccccc12,,,375.56,random
CHEMBL1915266,CC1(C)OC(=O)C=C[C@]2(C)[C@@H]3C[C@@]4(C)C(=O)[C@]5(C)C=C6C(=O)OC[C@@]64O[C@@]3(CC[C@@H]12)C5,"INSUETOLIDE C",,426.51,random
CHEMBL1892511,Cc1cccc(NC(=O)CSCC(=O)N(C)Cc2ccc3c(c2)OCCO3)c1,,,400.5,random
CHEMBL2079473,CN(CCOC/C=C/c1ccccc1)CCc1ccccc1,,,295.43,random
CHEMBL1308331,COc1cccc(C(c2sc3ncnn3c2O)N2CCc3ccccc3C2)c1,,,392.48,random
CHEMBL4279647,[2H]C([2H])([2H])C1=C(C)C(=O)C(CC[C@](C)(O)CCC[C@H](C)CCC[C@H](C)CCCC(C)CO)=C(C([2H])([2H])[2H])C1=O,,,468.75,random
CHEMBL1577081,O=C(Nc1ccccc1-c1nc2ccccc2[nH]1)c1sc2ccccc2c1Cl,,,403.89,random
CHEMBL234530,NS(=O)(=O)c1ccc(CCNC(=O)CN(CC(=O)NO)S(=O)(=O)c2ccc(Oc3ccccc3)cc2)cc1,,,562.63,random
CHEMBL1586258,Cc1ccc(NC(S)=NNC(=O)c2c([N+](=O)[O-])c(C)nn2C)cc1,,,348.39,random
CHEMBL1522785,COc1ccc(NC(=S)NC(=O)c2csnn2)cc1,,,294.36,random
CHEMBL3493963,CCNC(=O)CCc1c(C)nc2cc(O)nn2c1C,,,262.31,random
CHEMBL4205826,Nc1ccn([C@@H]2O[C@H](COC(=O)CCCc3ccc(N(CCCl)CCCl)cc3)[C@@H](O)[C@@H]2O)c(=O)n1.O=C(O)C(F)(F)F,,,643.44,random
CHEMBL1734545,O=C(Nc1ccc2c(c1)OCO2)O[C@@H]1C[C@H]2CCCC(=O)N3CC[C@@H](C1)[C@@H]23,,,372.42,random
CHEMBL3594127,O=C1NC(c2ccc(Cl)cc2)Nc2ncccc21,,,259.7,random
CHEMBL605356,Cc1onc(-c2ccccc2Cl)c1C(=O)N(C)c1ccc(C#N)cc1,,,351.79,random
CHEMBL3764478,Nc1nccn2c(-c3cccc(NC(=O)c4ccccc4)c3)cnc12,,,329.36,random
CHEMBL2374398,Nc1nc(NCCc2ccc(/C=C/c3ccccc3)cc2)nc2c1ncn2[C@@H]1O[C@H](CO)[C@@H](O)[C@H]1O,,,488.55,random
CHEMBL479823,Cc1c(-c2nnc(C3CCCCCC3)s2)nc(-c2ccc(Cl)cc2Cl)n1-c1ccc(Cl)cc1,,,517.91,random
CHEMBL1346607,CC1CCN(c2ccc3nnc(CCC(=O)Nc4cccc(F)c4)n3n2)CC1,,,382.44,random
CHEMBL1290103,Cc1c(S(C)(=O)=O)c(=O)[nH]c2ccc(OCC(=O)NCc3ccc(Cl)c(Cl)c3)cc12,,,469.35,random
CHEMBL137266,c1ccc2c(c1)c1cc[n+]2Cc2ccc(cc2)-c2ccc(cc2)C[n+]2ccc(c3ccccc32)NCc2ccc(cc2)Cc2ccc(cc2)CN1,,,660.87,random
CHEMBL225014,COc1cccc2[nH]cc(CCCCCCCCCCCCCCO)c12,,,359.55,random
CHEMBL1508663,CC(C)c1ccc(NC(=O)NCc2ccc3c(c2)OCO3)cc1,,,312.37,random
CHEMBL3554684,Cc1ccc(C(=O)N2CCC3(CC2)CN(c2ccccn2)CCO3)cc1,,,351.45,random
CHEMBL34591,Fc1ccc(C(OCCC2CCN(Cc3ccc(Cl)cc3)CC2)c2ccc(F)cc2)cc1,,,455.98,random
CHEMBL1902037,O=C(CCNC1=NS(=O)(=O)c2ccccc21)NCc1ccccc1F,,,361.4,random
CHEMBL3342263,COc1ccc(C(OCC(=O)NO)P(=O)(O)O)cc1,,,291.2,random
CHEMBL1970344,c1ccc2c(c1)Nc1nc3nonc3nc1N2,,,226.2,random
CHEMBL95366,COc1cccc2c1CCC(NC(C)=O)C2,,,219.28,random
CHEMBL1397313,O=C(CCC1N=C2c3ccccc3N=C(SCc3ccc(Cl)cc3)N2C1=O)NCCc1ccccc1,,,517.05,random
CHEMBL1554681,CCCCn1c(N)c(N(CCOC)C(=O)c2ccc(S(=O)(=O)N3CCC(C)CC3)cc2)c(=O)[nH]c1=O,,,521.64,random
CHEMBL569343,COc1ccccc1OCCn1nc(N2CCNCC2)ccc1=O,,,330.39,random
CHEMBL1480929,Cc1ccc(C)c(N2CCN(C(=O)CCn3c(=S)[nH]c4cc5c(cc4c3=O)OCO5)CC2)c1,,,466.56,random
CHEMBL1703919,O=S1(=O)[C@H]2C[C@H](CO)O[C@@]2(CO)CN1Cc1ccc(-c2cccc(Cl)c2)cc1,,,423.92,random
CHEMBL3444417,O=C(Cn1ccc2ccc(Br)cc21)NCc1ccc(C(=O)O)cc1,,,387.23,random
CHEMBL555158,CCN[C@H]1C[C@H]2CC[C@@H](C1)N2c1cc2c(cc1F)c(=O)c(C(=O)O)cn2C1CC1.F,,,419.47,random
CHEMBL1321349,Cc1ccc(C(=O)N/C(=C\c2ccc(-c3ccc(Br)cc3)o2)C(=O)NC2CCS(=O)(=O)C2)cc1,,,543.44,random
CHEMBL3680492,CN1CCN(c2ccc(C(=O)Nc3cccc(CNc4nncc5c(C(N)=O)cccc45)c3)cc2C(F)(F)F)CC1,,,563.58,random
CHEMBL1886255,O=C(c1ccccc1)c1ccc2nc(N3CCN(c4ccccc4)CC3)c3nncn3c2c1,,,434.5,random
CHEMBL3441133,CN(C)CCN1C(=O)CO[C@@H]2CN(c3ncc(F)cn3)C[C@H]21,,,309.35,random
CHEMBL3467027,Cc1cc(N2CCC(NC(=O)CCc3cnn(C)c3)CC2)nc(C)n1,,,342.45,random
CHEMBL1868650,CC1CN(C(=O)CCC(=O)N2CCN(c3ccccn3)CC2)c2ccccc2O1,,,394.48,random
CHEMBL3986987,Cc1nc(N2CC(c3nc4ccccc4n3CCF)C2)cc(-n2nc(C)nc2C)n1,,,406.47,random
CHEMBL1976156,CCCCCCc1nn2c(-c3ccncc3)nnc2s1,,,287.39,random
CHEMBL1178681,Cc1ccc(-n2cc(/C=N/O)[n+](C)c2)cc1,,,216.26,random
CHEMBL3305270,c1ccc(OCCCCOc2ccccc2Nc2c3ccccc3nc3ccccc23)c(Nc2c3ccccc3nc3ccccc23)c1,,,626.76,random
CHEMBL392547,COc1cc(CNC(=S)NC(COC(=O)C(C)(C)C)Cc2ccc(C(C)(C)C)cc2)c(Br)cc1O,,,565.57,random
CHEMBL3925849,COc1cc(OC)nc(OCCn2cc(NC(=O)c3ncoc3-c3cccc(F)c3)cn2)n1,,,454.42,random
CHEMBL597360,CC(=O)Nc1ccc(OC(=O)c2ccc(Nc3ccnc(C(F)(F)F)c3)cc2)cc1,,,415.37,random
CHEMBL3613341,O=C(NCCNC(=O)c1nc(-c2ccccc2)oc1C(F)(F)F)c1ccc(OC2C3CC4CC2CC(C(=O)O)(C4)C3)cc1,,,597.59,random
CHEMBL4285069,Cc1c(C(=O)NCCO)cn2ncnc(Oc3ccc(NC(=O)C4(C(=O)Nc5ccc(F)cc5)CC4)cc3F)c12,,,550.52,random
CHEMBL1308370,Cc1ccc(S(=O)(=O)N2CCN(C(=O)CSc3cc(C)ccc3C)CC2)c(C)c1,,,432.61,random
CHEMBL1318802,CC(=O)Nc1c(C)ccc2nsnc12,,,207.26,random
CHEMBL3938141,O=C(c1cccnc1)N1CCc2nc(Nc3ccsc3)ncc2C1,,,337.41,random
CHEMBL161222,CC(C)[n+]1ccn(CC(=O)c2ccc(NS(C)(=O)=O)cc2)c1.[Cl-],,,357.86,random
CHEMBL3246894,CC(CC(=O)O)CC(=O)c1ccc(Oc2ccccc2)cc1,,,298.34,random
CHEMBL3883664,CC(C)(C)c1ccc(-c2cc3c(c(-c4ccc(C(C)(C)C)cc4)c2O)CC[C@@H]2[C@@H]3CC[C@]3(C)C(=O)CC[C@@H]23)cc1,,,534.78,random
CHEMBL4303416,C[C@H]1CCO[C@H]2Cn3cc(C(=O)NCc4ccc(F)cc4F)c(=O)c(O)c3C(=O)N21,,,419.38,random
CHEMBL364140,CC(C)[C@@H](Oc1ccc(CNC(=O)[C@@H]2CCCN2C(=O)CC(N)Cc2ccc(C(F)(F)F)cc2F)cc1)C(=O)O.O=C(O)C(F)(F)F,,,681.6,random
CHEMBL282610,N#Cc1c2n(c3c(N4CCN(CCc5ccc(Cl)cc5)CC4)ncnc13)CCCC2,,,420.95,random
CHEMBL1794167,COCCn1c(N)c(N(Cc2ccccc2)C(=O)CN2C(=O)NC(C)(c3ccccc3)C2=O)c(=O)[nH]c1=O,,,520.55,random
CHEMBL596978,CN1CCC(C(=O)N2Cc3c(NC(=O)Nc4cccc(F)c4)n[nH]c3C2(C)C)CC1,,,414.49,random
CHEMBL3641587,CC(CO)COc1ccnc(-c2ccnc(Nc3ccc4[nH]c(C(=O)N5CCN(C)CC5)cc4c3)n2)c1,,,501.59,random
CHEMBL1730010,COc1ccc(C(=O)NCC(c2ccc3c(c2)OCO3)N2CCN(c3ccc(OC)cc3)CC2)cc1,,,489.57,random
CHEMBL3492108,Cc1ccc(NC2CCN(C(=O)COC3CCCC3)CC2)nn1,,,318.42,random
CHEMBL4074349,COc1ccc2c(N)c(C(=O)NCc3ccc(F)cc3F)c(=O)n(O)c2n1,,,376.32,random
CHEMBL576098,C[C@H](c1nc2c(C3CC3)nccn2c1-c1ccc(C#N)cc1)N(CC1CCS(=O)(=O)CC1)C(=O)Cc1cccc(C(F)(F)F)c1,,,635.71,random
CHEMBL1823177,C=C(C(=O)OCCC)C(O)c1ccc(Br)cc1,,,299.16,random
CHEMBL3394775,C=CC(C)(O)CC[C@@]1(C)[C@H](C)CC[C@@]2(C)C(C)=CC(=O)C[C@H]12,,,304.47,random
CHEMBL1391078,CCOc1ccc(CNC(c2ccccc2)c2ccccc2)cc1.Cl,,,353.89,random
CHEMBL1377526,COc1ccc(CNc2ccnc(-c3ccc(C(=O)N(C)C)cc3)n2)c(OC)c1,,,392.46,random
CHEMBL1393847,CC(C)Nc1nnc(SCc2cc(=O)n3ccsc3n2)s1,,,339.47,random
CHEMBL238114,CC(=O)Nc1ccc(OP(=O)(Oc2ccc(NC(C)=O)cc2)C2CCCN2C(=O)[C@H](CCCCN)NC(=O)OCc2ccccc2)cc1,,,679.71,random
CHEMBL3938514,CCCN(CCO)c1nc2c(C(=O)Nc3cccc(Cl)c3C)cc(NC(=O)c3ccccc3C(F)(F)F)cc2[nH]1,,,574,random
CHEMBL297518,COC(=O)/C=C/C(=O)NC(N)C(=O)O,,,202.17,random
CHEMBL3670007,O=C(Cc1ccccn1)Nc1nnc(CCSCCc2nnc(NC(=O)Cc3ccccn3)s2)s1,,,526.67,random
CHEMBL1586910,CC1CCN(C(=O)CNC(=O)Cc2ccccc2)CC1,,,274.36,random
CHEMBL3988841,NS(=O)(=O)c1cccnc1Nc1cc(O)ccn1,,,266.28,random
CHEMBL3890475,O=C(Nc1ccc(C2CCNC2)cc1)Nc1ccc(Cl)c(Cl)c1,,,350.25,random
CHEMBL3942901,CN(C)c1ccc(/C=C2\N=C3C=CC=CN3C2=O)cc1,,,265.32,random
CHEMBL1615693,C[n+]1oc(C=Cc2ccccc2)cc1C=Cc1ccccc1,,,288.37,random
CHEMBL1498337,CC1=N/C(=C/c2cccnc2)C(=O)O1,,,188.19,random
CHEMBL1160283,NCCCC(=O)NCCNCC(=O)O.O=C(O)C(F)(F)F.O=C(O)C(F)(F)F,,,431.29,random
CHEMBL1365154,COc1ccc(-c2noc(N3CCC(C(=O)N4CCN(c5ccccn5)CC4)CC3)n2)cc1,,,448.53,random
CHEMBL3961852,CNC(=O)c1cc(NC(=O)c2cc(-c3ccccn3)c(Cl)cc2Cl)n(-c2ccccc2)n1,,,466.33,random
CHEMBL1612923,COc1cccc(-c2nn(-c3ccccc3)cc2CO)c1,,,280.33,random
CHEMBL1540878,CCCCC(CC)CNC(=O)C1C2C=CC(C2)C1C(=O)O,,,293.41,random
CHEMBL2381057,CC(C)[C@@H](CN1CCN(c2cccc(O)c2)[C@@H](C)C1)NC(=O)c1ccc(Oc2ccccc2O)cc1,,,489.62,random
CHEMBL1395666,O=C(CCNC(=O)c1ccc(Cl)cc1)NCC(c1ccco1)N1CCCC1,,,389.88,random
CHEMBL1392582,O=C(Cn1ncc2c3ccccc3nc-2c1O)NCCc1ccc(Cl)cc1,,,380.84,random
CHEMBL3454351,COC(=O)[C@@H]1C[C@@H](O)CN1Cc1ccn(-c2ccc(F)cc2)n1,,,319.34,random
CHEMBL3647636,COC(=O)N1CCC(c2cccnc2O[C@H]2C[C@@H](Nc3nc4ccccc4s3)C2)CC1,,,438.55,random
CHEMBL4115026,O=c1[nH]c(N2CCC(c3cccc(F)n3)CC2)nc(N[C@@H]2CCCNC2)c1-c1ccc2ccccc2n1,,,499.59,random
CHEMBL1233784,Brc1ccc(-c2c[nH]c([C@@H]3Cc4ccccc4CN3)n2)cc1,,,354.25,random
CHEMBL1702562,COC(=O)[C@H](C)N(Cc1ccc(Cl)c(Cl)c1)S(=O)(=O)CCN1CCCC1,,,423.36,random
CHEMBL1910477,O=C(Nc1ccc(-n2cc(-c3ccncc3)c(-c3ccc(Cl)c(O)c3)n2)cc1)Nc1cccc(Cl)c1Cl,,,550.83,random
CHEMBL1889290,C=CCOC(=O)C1=C[C@@H](c2ccc(C(F)(F)F)cc2)C[C@@H](OCCCCO)O1,,,400.39,random
CHEMBL1632500,NC(=O)N/N=C/C=C/c1ccc([N+](=O)[O-])o1,,,224.18,random
CHEMBL459650,CNCCNC(=O)c1cc(-c2ccccc2)sc1NC(N)=O,,,318.4,random
CHEMBL4292173,O=C(Nc1nc(-c2ccccn2)cs1)c1cncc(Cl)n1,,,317.76,random
CHEMBL196180,CCCC[C@@H](NC(=O)[C@@H](N)CCC)B(O)O,,,230.12,random
CHEMBL3650733,Cn1nccc1Nc1nccc(-c2ccc(N3CC[C@H](O)C3)c(C#N)c2)n1,,,361.41,random
CHEMBL109725,Cn1c(=O)c(-c2c(Cl)cccc2Cl)cc2cnc(O)nc21,,,322.15,random
CHEMBL1813810,COc1ccc(/C=C/C(=O)N[C@H](CCCNC(=N)N)C(=O)O)cc1Br,"SUBEREAMINES A",,413.27,random
CHEMBL1438625,O=C(Nc1nnc(SCC(=O)N2CCCCC2)s1)C1CCCCC1,,,368.53,random
CHEMBL2360882,Cc1ccc(Cl)cc1NS(=O)(=O)c1ccc(N2CCCCS2(=O)=O)cc1,,,414.94,random
CHEMBL3800111,S=c1[nH]c(CCc2ccccc2)no1,,,206.27,random
CHEMBL1956125,C[C@@](CCc1ccc(-c2cccc(Cl)c2)cc1)(C(=O)NO)S(C)(=O)=O,,,381.88,random
CHEMBL1987924,CC1=Nn2c(nnc2-c2ccc(N)cc2)NC(C)(C)C1,,,270.34,random
CHEMBL2016751,CN(c1ccc(Br)cc1)S(=O)(=O)c1cccc(C(=O)Nc2ccc(Br)cc2)c1,,,524.23,random
CHEMBL3605146,O=C1COc2ccc(CNC34CCC(CCc5c(F)cnc6ccc(OCC(F)(F)F)nc56)(CC3)OC4)nc2N1,,,561.54,random
CHEMBL3925054,COc1cc(C2=CCCCc3c2ccc2[nH]cc(C=O)c32)cc(OC)c1OC,,,377.44,random
CHEMBL1307343,O=C(CCc1c[nH]c2ccccc12)NCc1ccco1,,,268.32,random
CHEMBL2137841,Cc1ccc(F)cc1C(=O)N1CCCCC1c1cc(C(=O)NC(C)C)no1,,,373.43,random
CHEMBL448716,O=C(NCCO)c1c[nH]c2ccc(Cl)cc2c1=O,,,266.68,random
CHEMBL2229244,Cc1c(C(=O)NN(C(=O)c2cc(Cl)cc(Cl)c2)C(C)(C)C)ccc2c1CC(C)O2,,,435.35,random
CHEMBL465201,CC(C)=CC[C@@H](O)/C(C)=C/CC/C(C)=C/CC[C@]1(C)CCc2cc(O)cc(C)c2O1,"SARGACHROMANOL C",,412.61,random
CHEMBL1529660,CCOC(=O)c1cc(OC(=O)c2cccc(Cl)c2)n(-c2ccccc2)n1,,,370.79,random
CHEMBL305375,CN(C(=O)c1ccccc1)c1cc(C(=O)NC2CCCCC2)ccc1-c1ccc(F)cc1,,,430.52,random
CHEMBL2414960,Cc1cn(C[C@H]2CN(c3ccc(N4CCN(C(=O)CNC(=O)C(Cl)Cl)CC4)c(F)c3)C(=O)O2)nn1,,,528.37,random
CHEMBL3937909,CCCCCc1nc(C2CC2)n(-c2ncc(OCC)cn2)c(=O)c1Cc1ccc(-c2ccccc2-c2noc(=O)[nH]2)nc1,,,579.66,random
CHEMBL3932665,CC(=O)Nc1nc(C)c(C(=O)N[C@@H](C)c2ccc(CN3Cc4ccc(OCC5CC5)cc4C(F)C3)cc2)o1,,,520.61,random
CHEMBL2362475,COC(=O)[C@@]12C[C@@H](CC(=O)NCc3ccc(OC)c(OC)c3)C(=O)N(Cc3ccccc3)C1=CCC(C)(C)C2,,,534.65,random
CHEMBL9815,CCCC(=O)NCCc1c2n(c3ccccc13)CCCc1ccccc1-2,,,346.47,random
CHEMBL184221,O=C(NC1COP(=O)(CCCCC2(C(=O)NCC(F)(F)F)c3ccccc3-c3ccccc32)OC1)c1ccccc1-c1ccccn1,,,663.63,random
CHEMBL3554524,O=C1COC2(CCN(c3ncccn3)CC2)CN1,,,248.29,random
CHEMBL1889088,Cc1ccccc1NC(=O)C1CCCN(S(=O)(=O)c2ccc3c(c2)C(C)(C)C(=O)N3C)C1,,,455.58,random
CHEMBL1489375,O=C(NCc1ccccn1)c1cc(-c2ccccc2Cl)nc2ccccc12,,,373.84,random
CHEMBL3701315,COc1ccc(C(=O)N2Cc3ccccc3C[C@H]2C)c(-c2cc(C(=O)N(c3ccc(O)cc3)c3cnn(C)c3)c(C)n2C)c1,,,589.7,random
CHEMBL3908086,Cc1cnc(Nc2cnn(C)c2)nc1NC1CCC2(CC1)CCN(C(=O)CC#N)CC2,,,422.54,random
CHEMBL29437,Clc1nc(Nc2ccccc2)c2ncn(Cc3ccccc3)c2n1,,,335.8,random
CHEMBL3924992,NC(=O)[C@@H](NC(=O)c1ccc(N2CC(F)(F)C2)c(OCC2CC2)n1)C1CC1,,,380.4,random
CHEMBL3646745,COc1cc2ncc3c(c(-c4ccc(C#N)cc4)nn3C)c2cc1OC(C(=O)NCCS(N)(=O)=O)c1ccc(F)cc1,,,588.62,random
CHEMBL2324410,CN1CC(n2nccc2-c2cc(Cl)ccc2Oc2cc(F)c(S(=O)(=O)Nc3nncs3)cc2Cl)C1,,,555.44,random
CHEMBL322987,CCCCCNC1=NCCN1OCc1ccccc1Cl,,,295.81,random
CHEMBL3677795,Cc1ccc(C)n1-c1c(F)c(F)c(-c2nc3cccc(C(=O)O)c3[nH]2)c(F)c1F,,,403.34,random
CHEMBL1477215,Cc1cccc(C(=O)N2CCc3cc(-c4nc(NC(=O)Cn5nnc6ccccc6c5=O)sc4C)ccc32)c1,,,536.62,random
CHEMBL1906445,O=C(CN(Cc1ccccc1)C(=O)CCC(=O)Nc1nccs1)NCc1ccc(F)cc1,,,454.53,random
CHEMBL381889,CC(C)(C)c1ccc(-n2c(C(=O)O)c(Oc3ccc(Cl)cc3)c3ccc(OC(F)(F)F)cc32)cc1,,,503.9,random
CHEMBL2007827,CCCOC1OC(CS(=O)(=O)O)C(OC(C)=O)C(OC(C)=O)C1OC(C)=O,,,412.41,random
CHEMBL1722823,COc1ccc2c(c1)c1c(c(=O)n(Cc3ccccc3)c(=O)n1CC(=O)Nc1ccc(C)cc1C)n2C,,,496.57,random
CHEMBL393798,COc1ccc2c(c1)c(/C=C1/C(=O)C3CCN1CC3)cn2Cc1ccccc1,,,372.47,random
CHEMBL227426,C[C@@H](NS(=O)(=O)c1ccc2c(Cl)cnc(N=C(N)N)c2c1)C(=O)O,,,371.81,random
CHEMBL3695031,COC1(C)CCN(c2ncc(C#Cc3ccc(CC(C)NC(C)=O)cc3)cn2)CC1,,,406.53,random
CHEMBL1521005,O=C(Nc1ccc(Oc2ccccc2)cc1)c1ccco1,,,279.3,random
CHEMBL391878,Cc1ccc(C(=O)C2=C(O)C(=O)N(Cc3cccnc3)C2c2ccc(F)cc2)o1,,,392.39,random
CHEMBL439766,Clc1ccc(OC[C@@H]2CCN2)cn1,,,198.65,random
CHEMBL3557155,COC1COC2(CCN(Cc3ccc(Cl)cc3)CC2)C1,,,295.81,random
CHEMBL1632611,CCCCCCCCCCCCCCCC(=O)N[C@@H](Cc1ccc(OCc2cc(OCC(F)(F)F)ccn2)cc1)[C@H](O)CP(=O)(O)O,,,688.77,random
CHEMBL243640,CNc1ccc(-c2ccc(C(F)(F)F)cc2)cc1,,,251.25,random
CHEMBL2041311,Cl.N=C(N)NC12CC3CC(CC(C3)C1)C2,,,229.75,random
CHEMBL1969142,CC(=O)c1cccc(-c2ccnc3c2CC(C(=O)NCc2ccc(N4CCN(C)CC4)cc2)O3)c1,,,470.57,random
CHEMBL1575334,CC(=O)Nc1ccc(NC(=O)COc2ccc(S(=O)(=O)N3CCCC3)cc2C)cc1,,,431.51,random
CHEMBL3553486,c1cc(-c2ccc3nc(C4CCN(CC5CC5)CC4)nn3c2)ccn1,,,333.44,random
CHEMBL1982764,Cc1cc(C)c([S@@](=O)O[C@@H]2[C@H]3OC(C)(C)O[C@H]3O[C@@H]2[C@H]2COC(C)(C)O2)c(C)c1,,,426.53,random
CHEMBL2177887,Cc1ncc(CO)c2c(Nc3ccccn3)c(N[C@@H](C)c3ccccc3)oc12,,,374.44,random
CHEMBL1570563,COc1ccc(C)cc1NS(=O)(=O)c1cc(C)ccc1C,,,305.4,random
CHEMBL580493,Cc1ccc([S+]([O-])Cc2ccc(Cl)cc2)cc1,,,264.78,random
CHEMBL86140,CCCC(=O)OC1Cc2ccccc2N(C(N)=O)c2ccccc21,,,324.38,random
CHEMBL303766,O=c1nc2n(-c3ccccc3)c3ccccc3nc-2c(=O)n1CCCS,,,364.43,random
CHEMBL1862250,Fc1ccc(-c2nc(CNC(c3ccccc3)c3ccccc3)co2)cc1,,,358.42,random
CHEMBL1968322,CCOC(=O)C/C(=N\Nc1ncnc2ccccc12)c1ccccc1,,,334.38,random
CHEMBL1321827,O=C(c1cnc2n(c1=O)CCS2)N1CCN(c2ccccc2Cl)CC1,,,376.87,random
CHEMBL1542462,CCOC(=O)c1c(-c2ccccc2)oc2ccc(OCC(=O)NNC(=O)CCCC(=O)O)cc12,,,468.46,random
CHEMBL2178325,Oc1cc(C(O)C(F)(F)F)ccc1Oc1cccc(F)n1,,,303.21,random
CHEMBL298505,COc1cccc(NC(=O)N2CCO[C@H](CN3CCC(Cc4ccc(F)cc4)CC3)C2)c1,,,441.55,random
CHEMBL3644764,O=C(Nc1nnc(-c2ccccn2)o1)c1nc(C2CC2)ccc1Nc1cncnc1,,,400.4,random
CHEMBL1771125,CC(C)c1cc(C#N)cc2nc(-c3ccc(C(=O)NC[C@H]4CC[C@@H](c5ccc(C(F)(F)F)cc5)CC4)cc3)oc12,,,545.61,random
CHEMBL3667577,COc1ccc(S(=O)(=O)N2CCC[C@H]2C(=O)Nc2cc(C(F)(F)F)cc(C(F)(F)F)c2)cc1,,,496.43,random
CHEMBL3927003,O=c1[nH]c(=O)n(-c2cccc(C(F)(F)F)c2)c2c1cnc1ccc(-c3cnc4[nH]ccc4c3)nc12,,,474.4,random
CHEMBL429301,COc1ccc2c(C)cc(N[C@H]3CCC[C@H](NCc4cn(C)nc4C)C3)nc2c1,,,393.54,random
CHEMBL605519,O=[N+]([O-])c1ccccc1-c1sc2ccccc2c1-c1ccccc1[N+](=O)[O-],,,376.39,random
CHEMBL1338161,COc1cccc(CNC(=O)Cn2c(=O)nc(-c3ccccc3F)c3cc(Cl)ccc32)c1,,,451.89,random
CHEMBL4062098,CC(=O)CC[C@H](CO)c1c(O)cc2c(c1O)C(=O)c1c(O)cc(O)cc1C2=O,,,386.36,random
CHEMBL82787,[O-][n+]1ccc(NO)cc1,,,126.11,random
CHEMBL3675637,CC#CCn1c(N2CCC[C@@H](N)C2)nc2c1C(=O)N(Cc1nc(C)c3ccccc3n1)C1=N[C@@H](C)CN12,,,497.61,random
CHEMBL4167825,Cc1nn(-c2cc(Cl)cc(Cl)c2)c(=O)c2nocc12,,,296.11,random
CHEMBL443994,CCC(C)C(N)C(=O)NC1CC(O[C@H]2C[C@](O)(C(C)=O)Cc3c(O)c4c(c(O)c32)C(=O)c2c(O)cccc2C4=O)OC(C)C1O,,,626.66,random
CHEMBL136644,C=CCNc1ccc(C(=O)N2CCCCc3ccccc32)c(Cl)c1,,,340.85,random
CHEMBL1506597,CC(C)NC(=O)C(=O)NNC(=O)C12CC3CC(CC(C3)C1)C2,,,307.39,random
CHEMBL4288576,C=C1C(=O)N(c2cc(OC)c(OC)c(OC)c2)[C@H]1c1ccccc1,,,325.36,random
CHEMBL516147,C[C@H]1C(=O)CC[C@@H]2[C@]1(C)CC[C@H]1[C@@]2(C)CC[C@@]2(C)[C@@H]3C[C@](C)(CO)CC[C@]3(CO)CC[C@]12C,,,458.73,random
CHEMBL4085879,O=C(O)c1ccc2oc(-c3ccccc3C(F)(F)F)nc2c1,,,307.23,random
CHEMBL1563875,CCOC(=O)c1cc(-c2ccccc2)sc1NC(=O)C(C)Sc1nnc(N)s1,,,434.57,random
CHEMBL2041500,CC(C)Cc1ccc(C(C)c2nn(CN3CCCCC3)c(=S)n2/N=C/c2c([O-])on[n+]2-c2ccccc2)cc1,,,545.71,random
CHEMBL1603554,COCCN(C(=O)c1csnn1)C(C(=O)NC1CCCCC1)c1ccc(C)cc1,,,416.55,random
CHEMBL4080464,C[C@H](Nc1nc(N)nc(N)c1Cl)c1nc2ccc(F)cc2c(=O)n1-c1cc[nH]n1,,,415.82,random
CHEMBL4096010,COc1ccc(-c2nc(C)sc2-c2ccc(NC(=O)Nc3ccccc3)cc2)cc1,,,415.52,random
CHEMBL1863684,O=C(CCn1cnnn1)NC1CCCN(Cc2ccccc2F)C1,,,332.38,random
CHEMBL1188622,CCN(CC)CCCCCSC#N,,,200.35,random
CHEMBL4177500,CC1(C)C2CCC1(C)[C@H](OC(=O)/C=C/c1ccc(O)c(O)c1)C2,,,316.4,random
CHEMBL199392,COC(=O)c1[nH]c2ccc(Cl)cc2c1S(=O)(=O)c1ccc(OC)cc1,,,379.82,random
CHEMBL3793904,O=c1c(Cn2ccnc2)coc2cc(F)ccc12,,,244.22,random
CHEMBL1530970,C#CCOCCOCCOCCNc1nc(N2CCOCC2)nc(N2CCN(C(=O)Cn3cc(CCCN=C(N)N)nn3)CC2)n1.Cl,,,680.22,random
CHEMBL1452872,CC(=O)Nc1cc(C(=O)N2CCN(C)CC2)ccc1S(=O)(=O)c1ccc(C)cc1,,,415.52,random
CHEMBL220398,O=c1[nH]c(=O)n([C@@H]2O[C@H](COP(=O)(O)OP(=O)(O)OP(=O)(O)O)[C@@H](O)[C@H]2O)cc1I,,,610.04,random
CHEMBL565179,CCc1sc2nc(N)[nH]c(=O)c2c1Sc1ccc(Br)cc1,,,382.31,random
CHEMBL1684398,COC1(c2cccc(COc3ccc(Br)cc3OCc3ccccc3)c2)CCOCC1,,,483.4,random
CHEMBL1377156,COCCN(C(=O)COC(=O)Cc1coc2cc(C)ccc12)c1c(N)n(Cc2ccccc2)c(=O)[nH]c1=O,,,520.54,random
CHEMBL3920203,CC(C)S(=O)(=O)NCCN1CC2CN(C[C@H](O)COc3ccc(C#N)cc3)CC(C1)O2,,,452.58,random
CHEMBL4290581,Cc1ccc(-n2ncc(C(=O)O)c2NC(=O)c2cc3cc(C)ccc3oc2=O)cc1,,,403.39,random
CHEMBL1989381,CN(C)C(=S)/N=c1\ss/c(=N/c2ccccc2)n1C,,,310.47,random
CHEMBL3182471,O=C(c1ccc(-n2cccc2)cc1)N1CCN(S(=O)(=O)c2ccccc2)CC1,,,395.48,random
CHEMBL380539,COc1cc2c(c(OC)c1OC)-c1ccc(OC)c(=O)cc1[C@@H](NS(=O)(=O)c1ccc([N+](=O)[O-])cc1[N+](=O)[O-])CC2,,,587.56,random
CHEMBL146006,CC(C)c1csc(CCc2ccn3c(=O)c(/C=C/C(=O)O)c(N4CCN(C)CC4)nc3c2)n1,,,467.6,random
CHEMBL3650874,Cc1cc(N2C(=O)c3nn(C4CC4)c(C)c3[C@H]2c2ccc(Cl)cc2)cn(C)c1=O,,,408.89,random
CHEMBL1533028,O=C(NCc1ccccn1)c1ccccc1OCc1ccc(Cl)cc1Cl,,,387.27,random
CHEMBL3277341,COc1cc(/C=C/C(=O)O)ccc1Nc1c2ccccc2nc2ccccc12.Cl,,,406.87,random
CHEMBL1079039,C/C(=C\COc1ccc2ccc(=O)oc2c1)CC/C=C(\C)CC[C@@H](OC(=O)O)C(C)(C)O,,,444.52,random
CHEMBL4277408,C[C@]12CCc3ncccc3C1=CC[C@@H]1[C@@H]2CC[C@@]2(C)[C@H]1CC[C@@]2(O)Cc1ccccn1,,,414.59,random
CHEMBL3245086,CCCCOC(=O)Oc1ccc(-n2cccc2)cc1C(=O)O,,,303.31,random
CHEMBL397854,CN(C)C(=O)[C@@H](C1CCC(NS(=O)(=O)c2ccc(OC(F)(F)F)cc2)CC1)[C@H](N)C(=O)N1CC[C@H](F)C1.Cl,,,589.05,random
CHEMBL1320614,COc1ccc2cc(CCNC(=O)c3cc4ccccc4o3)c(O)nc2c1,,,362.39,random
CHEMBL1400332,Cc1cc(C)n(CNc2nc(C(F)(F)F)cs2)n1,,,276.29,random
CHEMBL281290,CCC1NC(=O)OC12CCN(CC1COc3ccccc3O1)CC2,,,332.4,random
CHEMBL440232,Cc1cc(C)c(-n2c3ncccc3n3c(CN4CCOCC4)c(C)nc23)c(Cl)c1,,,409.92,random
CHEMBL4208134,Oc1ccc(/C=C/c2cc[n+](Cc3cccc(Cl)c3)cc2)cc1.[Cl-],,,358.27,random
CHEMBL157487,COc1ccc(CNC(=O)CCCC(=O)OCN2C(=O)c3ccccc3S2(=O)=O)cc1,,,446.48,random
CHEMBL1207810,COc1ccc(-c2ccc3c(c2)CCc2c-3nc3ccc(F)cc3c2C(=O)O)cc1,,,399.42,random
CHEMBL1668631,ClCCc1c(Cl)nc2ccc(Cl)cc2c1-c1ccccc1Cl,,,371.09,random
CHEMBL1254408,COc1ccc(-c2noc(-c3cc4cc(OC)ccc4[nH]3)n2)cc1,,,321.34,random
CHEMBL496881,CCCC[C@@H]1C[C@H]1[C@@H](NC(=O)c1ccccc1)c1ccc(-c2ccc(O)cc2)cc1F,,,417.52,random
CHEMBL1207638,O=C(O)Cc1ccc2c(c1)CC(CNS(=O)(=O)c1cccc3ccccc13)C2,,,395.48,random
CHEMBL3491315,CCc1ncc2c(n1)CN(CCCc1nc3ccccc3o1)CC2,,,322.41,random
CHEMBL130615,O=C(Nc1ccccc1C(=O)O)c1ccc(COc2ccc3ccccc3c2)cc1,,,397.43,random
CHEMBL14630,COc1cc(OC)c(NN=C2CCC(C)n3c2ncc(C(=O)O)c3=O)cc1Cl,,,406.83,random
CHEMBL102308,C/N=C(\S)n1nc(-c2ccccc2Cl)nc1N,,,267.75,random
CHEMBL4287654,CCc1cccc(-c2nn3c(c2-c2ccc(O)cc2)C(C)C(C)(C)C3)n1,,,347.46,random
CHEMBL2313065,C=C(C)[C@@H]1CC[C@@H](C)[C@H](O)CC[C@@H](C)CC(=O)C[C@@H](C)[C@H](O)C1,8R-dihydroplexaurolone,,324.5,random
CHEMBL3930772,O=C1NC(=O)C(C(=O)NNC(=O)Nc2ccccc2)C(=O)N1,,,305.25,random
CHEMBL1528129,CC1(C)CC(NC(=O)C2CCCCC2)CC(C)(C)N1,,,266.43,random
CHEMBL588762,O=C(O)C(F)(F)F.O=S(=O)(NC1CCN(c2ccnc3cc(Cl)ccc23)C1)c1cccc(F)c1,,,519.9,random
CHEMBL3906958,O=C(Nc1ccc(C2CCN(C(=O)C3CCCO3)CC2)cc1)N1Cc2ccncc2C1,,,420.51,random
CHEMBL119771,CS(=O)(=O)N1Cc2cc(Br)ccc2N(Cc2c[nH]cn2)C[C@H]1Cc1ccccc1,,,475.41,random
CHEMBL2172273,CCOC(=O)N1CCN(C(=O)[C@H](CCC(=O)O)NC(=O)c2cc(OCC(=O)N3CCC[C@H]3C(=O)NC3CCCC3)n(-c3ccccc3)n2)CC1,,,695.77,random
CHEMBL1182860,COC(=O)CCCCC(=O)Nc1ccc2c3cccc4c3c([n+](C)c2c1)-c1ccccc1N4C,,,454.55,random
CHEMBL4302095,NC(=O)c1cc[n+](CC2=C(C(=O)O)N3C(=O)[C@@H](NC(=O)[C@H](c4ccccc4)S(=O)(=O)[O-])[C@@H]3SC2)cc1,,,532.56,random
CHEMBL1599043,Cc1ccccc1OC(C)C(=O)Nc1ccc2c(c1)OCO2,,,299.33,random
CHEMBL242734,COc1ccc(OC)c(C(=O)/C=C/c2ccco2)c1,,,258.27,random
CHEMBL1871949,O=C(Cc1cc(=O)oc2cc(O)ccc12)NN=Cc1ccc(N(CCCl)CCCl)cc1,,,462.33,random
CHEMBL3640436,CNc1c([N+](=O)[O-])cnc2ccc(C#CCNC(=O)c3cncn(Cc4ccc(F)c(F)c4)c3=O)cc12,,,504.45,random
CHEMBL1348578,CC(C)CC(=O)NN(C)c1nc(-c2ccccc2)nnc1C(F)(F)F,,,353.35,random
CHEMBL1567550,CCOc1ccc(CCNC(=O)c2cn(C)c3ccc(S(=O)(=O)N4CCOCC4)cc3c2=O)cc1OCC,,,543.64,random
CHEMBL3786500,O=C(NCc1cc(Cl)ccc1-n1cnnn1)[C@@H]1[C@@H]2C[C@@H]2CN1C(=O)[C@H](O)c1ccccc1F,,,470.89,random
CHEMBL24484,CCC(C)(O)C#Cc1nc(NCc2ccc(Cl)cc2)c2ncn(C(C)C)c2n1,,,397.91,random
CHEMBL4250212,Cc1ccc(-n2nc(COC(=O)COc3cc(O)c4c(=O)cc(-c5ccccc5)oc4c3)cc2-c2cccc(C)c2)cc1,,,572.62,random
CHEMBL4090676,Cl.O=C(CCCc1ccccc1)OC(Cn1ccnc1)c1ccc(Cl)cc1,,,405.33,random
CHEMBL1403619,CCOC(=O)C1CCN(c2cc3c(cc2NC(=O)c2ccccc2)n(C)c(=O)n3C)CC1,,,436.51,random
CHEMBL305424,CCCCOc1ccc(S(=O)(=O)N(CC2CCCCC2)C(C)c2c[nH]cn2)cc1,,,419.59,random
CHEMBL239334,CCCN(C(=O)CC(=O)O)C1=C(C)CC(c2ccccc2)N(Cc2ccc(C(=N)N)cc2)C1=O,,,462.55,random
CHEMBL1704807,CC(=O)Nc1ccc(C(=O)Nc2ccc3c(c2)OCCO3)cc1,,,312.33,random
CHEMBL2147641,CC(C)(C)c1cc(C(C)(C)C)c2c(c1F)COP(=O)(OC[C@H]1O[C@@H](n3cc([125I])c(=O)[nH]c3=O)C[C@@H]1F)O2,,,652.39,random
CHEMBL3454859,CCCNC(=O)CCC(=O)Nc1cc2sc(C)nc2cc1OC,,,335.43,random
CHEMBL1914925,CC1(C)CC[C@]2(CO)CC[C@]3(C)C(=CC[C@@H]4[C@@]5(C)C[C@@H](O)[C@H](O)C(C)(C)[C@@H]5CC[C@]43C)[C@@H]2C1,,,458.73,random
CHEMBL514283,C=C1C[C@@H](OC(C)=O)[C@@H](C(C)C)[C@@H]2[C@@H](C(C)=O)[C@@H](OC(=O)/C(C)=C\C)C[C@@H]12,,,376.49,random
CHEMBL4218169,COc1cc(/C=C/C(=O)Oc2cc(O)c3c(c2)O[C@H](c2ccc4c(c2)OC(c2ccc(O)c(OC)c2)C(CO)O4)[C@@H](O)C3=O)ccc1O,,,658.61,random
CHEMBL190233,Nc1ccc(C(=O)N[C@@H](Cc2ccccc2)C(=O)Nc2ccc([N+](=O)[O-])cc2Cl)cc1N,,,453.89,random
CHEMBL33479,CO/N=C(\COCc1ccc(-c2ccccc2)cc1)C(CCN1CCC(O)(c2ccccc2)CC1)c1ccc(Cl)c(Cl)c1,,,617.62,random
CHEMBL4249100,CC(C)CN(C(=O)c1ccccc1C(=O)O)c1c2ccccc2c(=O)n2c1[nH]c1ccccc12,,,453.5,random
CHEMBL3210856,CN(C)C(C/C=N/OCc1ccccc1Cl)=C(C#N)C#N,,,302.77,random
CHEMBL3400536,CCc1c(C(=O)NCCc2cccc(N(C)C)c2)[nH]c2ccc(Cl)cc12,,,369.9,random
CHEMBL1440495,O=C1COc2ccc(S(=O)(=O)N3CCN(c4cccc(C(F)(F)F)c4)CC3)cc2N1,,,441.43,random
CHEMBL1652159,O=[N+]([O-])c1ccccc1S(=O)(=O)N1CC(n2cnc3c(Cl)nc(Cl)nc32)OCc2ccccc21,,,521.34,random
CHEMBL3209681,CCCc1ccc(OCc2ccc(C(=O)N/N=C/c3cccnc3)o2)cc1,,,363.42,random
CHEMBL1742066,O=S1(=O)N[C@H]2CC[C@@H]3NS(=O)(=O)N[C@H]4CC[C@H](N1)N4S(=O)(=O)N23,,,388.45,random
CHEMBL1355373,O=C(c1ccccc1)N1CCC(CC2CC(c3cccc(Br)c3)=NO2)(C(=O)NCC2CCCCC2)CC1,,,566.54,random
CHEMBL4161539,S=C(SSc1cccc2ccccc12)N1CCCC1,,,305.49,random
CHEMBL1716802,C=C(C)C[C@@]1(C(=O)c2ccccc2)C(=O)Oc2ccc3ccccc3c2N1C,,,371.44,random
CHEMBL2289716,CCCCCCCC/C=C/C=C/CCCCCCCCCCCCCC/C=C/C=C/CCCC(=O)OC(CO)CO,,,574.93,random
CHEMBL3823793,Fc1ccc(Nc2ccnc(-c3ccncc3)n2)cc1F,,,284.27,random
CHEMBL4166254,Cc1cc2c(cc3c(=O)n(CC(=O)N(C)C)nc(C)n32)s1,,,304.38,random
CHEMBL3763431,O=C(Nc1cccc(-c2cnc3c(NC(=O)c4cc(C(F)(F)F)cc(C(F)(F)F)c4)nccn23)c1)Nc1ccc(F)cc1F,,,620.46,random
CHEMBL1396783,O=C(Nc1ccccc1)N1CC2(CCN(C(=O)c3cnccn3)CC2)C1,,,351.41,random
CHEMBL4299826,O=C(Nc1nc2ccccc2s1)c1sc2cc(C3=NCCN3)ccc2c1Cl,,,412.93,random
CHEMBL300093,CCOc1ccccc1OCCN1CCN(c2cnn(CCCCCCCN3CCN(c4ccccc4OC(C)C)CC3)c(=O)c2Cl)CC1,,,695.35,random
CHEMBL3799641,O=C(COC(=O)Cc1c[nH]c2ccccc12)Nc1c2c(nc3ccccc13)CCCC2,,,413.48,random
CHEMBL1995274,COC(=O)c1cnn2c1n[n+]([O-])c1ccccc12,,,244.21,random
CHEMBL4167782,Cn1ncc2c(Oc3ccc4[nH]c(Nc5ccc(Cl)cc5)nc4c3)ncnc21,,,391.82,random
CHEMBL340557,NC(=O)c1cn([C@@H](CO)CCn2ccc3ccc(OCCCc4ccc(Cl)cc4)cc32)cn1,,,466.97,random
CHEMBL1818297,CC(C)(C)OC(=O)NC[C@H]1CC[C@H](CNC(=O)c2cc(N3CCC(CCN)CC3)nc3ccccc23)CC1,,,523.72,random
CHEMBL1461310,COC(=O)C1CSC(c2ccc(Cl)cc2)N1C(=O)c1ccccc1,,,361.85,random
CHEMBL2143598,CCC(=O)c1cc(Br)ccc1OCC(=O)N1CCN(S(=O)(=O)c2ccccc2)CC1,,,495.4,random
CHEMBL3276519,CC1CCCC(CNC(=O)c2cc(OCC(F)(F)F)ccc2OCC(F)(F)F)N1.Cl,,,464.83,random
CHEMBL3249734,CCCCC(O)C/C=C/[C@H]1[C@H](O)CC(=O)[C@@H]1C/C=C\CCCC(=O)OC,,,366.5,random
CHEMBL1515107,COc1cc(OC)cc(C(=O)NCCc2csc(-c3cccc(C)c3)n2)c1,,,382.49,random
CHEMBL1541244,O=C(O)CSCC(=O)Nc1ccc(-c2nc3ccccc3s2)cc1,,,358.44,random
CHEMBL3702376,Cc1ccc(C2=NCC(=O)N3CCc4c(cccc4N4CCOCC4)C3=C2)o1,,,377.44,random
CHEMBL234595,CC(C)(C)OC(=O)n1c(-c2ccc(CCC(=O)Nc3ccccc3)cc2)cc2ccccc21,,,440.54,random
CHEMBL1194379,N=C(Cc1ccc2ccccc2c1Cl)N1CCC(Cc2ccccc2)CC1,,,376.93,random
CHEMBL211896,O=C[C@H]1CCC[C@](c2cc(F)ccc2F)(S(=O)(=O)c2ccc(Cl)cc2)C1,,,398.86,random
CHEMBL508985,CN(C)c1cccc2c(S(=O)(=O)NCCCC[C@@H](C(N)=O)N3C[C@H](O)[C@@H](O)[C@@H](O)[C@H]3CO)cccc12,,,524.64,random
CHEMBL1698015,Cc1ccccc1NC(=O)CC1C(=O)Nc2ccccc2N1CC(=O)N(C)C1CCS(=O)(=O)C1,,,484.58,random
CHEMBL5095167,C=CC(=O)Nc1cc(Nc2nccc(-c3cn(CC(F)(F)F)c4ccccc34)n2)c(OC)cc1N(C)CCN(C)C,BEFOTERTINIB,2,567.62,random
CHEMBL2110227,Cc1cc(OCc2ccccc2)cc(C)c1C[C@@H](N)C(=O)N[C@H](C)C(=O)NCCCc1ccccc1,,,487.64,random
CHEMBL2059042,CC(C)N(C)C(=O)c1nc(-c2ccccc2Cl)c2ccccc2n1,,,339.83,random
CHEMBL3249379,O=c1[nH]c(=O)n([C@@H]2O[C@H](CO)[C@@H](O)[C@H]2O)cc1OCc1ccc([N+](=O)[O-])cc1,,,395.32,random
CHEMBL1490153,CCOc1ccccc1NC(=O)c1cnc2n(c1=O)CCS2,,,317.37,random
CHEMBL1532358,Cc1ccc(CNC(=O)CSCc2ccccc2C)cc1,,,299.44,random
CHEMBL1883308,Cc1ccc(C(=O)CSc2nc(-c3ccccc3)nc3c2CCCC3)cc1,,,374.51,random
CHEMBL1485997,Cn1c(SCC(=O)c2ccc3c(c2)NC(=O)CO3)nc2ccccc21,,,353.4,random
CHEMBL4170401,O=C(Nc1ccccc1)N1CCc2c(cnn2Cc2cn(-c3ccc(Br)cc3)nn2)C1,,,478.35,random
CHEMBL1408385,CC12CN3CC(C)(CN(C1)C3c1ccccc1)C2O,,,258.36,random
CHEMBL3765781,O=C(Nc1cccc(-c2cnc3c(NC(=O)c4cccc(OC(F)(F)F)c4)nccn23)c1)Nc1ccc(F)cc1F,,,568.46,random
CHEMBL4060566,CC(=O)N1CCc2c(c(N3CCCc4cc(-c5cnn(C)c5)c(C(F)F)cc43)nn2C2CCN(S(C)(=O)=O)CC2)C1,,,587.7,random
CHEMBL24269,Cc1cccc2[nH]cc(CC(C)NCC(O)c3cccc(Cl)c3)c12,,,342.87,random
CHEMBL3335766,O=c1ccc(-c2cccc(F)c2)nn1C[C@@H]1CN(c2ncc(-c3cnn(C4CCN(CCO)CC4)c3)cn2)CCO1,,,560.63,random
CHEMBL3674316,CN(C)CC1CCN(c2c(C(=O)C3CC3)cnc3ccc(-c4ccc(C(F)F)cc4)cc23)CC1,,,463.57,random
CHEMBL3911078,NCC[C@H]1CNC(=O)c2cc(-c3cccc(OC(F)(F)F)c3)c(-c3ccsc3)n21,,,421.44,random
CHEMBL1369772,COc1ccc(C(=O)NC(C)CCc2ccccc2)c(O)c1,,,299.37,random
CHEMBL1882972,CN(C)S(=O)(=O)c1cccc(NC(=O)COC(=O)c2ccc3ccccc3n2)c1,,,413.46,random
CHEMBL2442081,O=C(Nc1ccc(N(Cc2ccsc2)C(=O)Cn2nnc3ccccc32)cc1)C1CC1,,,431.52,random
CHEMBL3905463,Cn1c(NCCc2ccc(Oc3ccc(Cl)cn3)cc2)nc2cc(Cl)ccc2c1=O,,,441.32,random
CHEMBL3213879,Cc1ccc(/N=C/c2c(O)ccc3ccccc23)cc1F,,,279.31,random
CHEMBL3593293,CCN1CCN(c2cc(Nc3ncc(-c4ccc(NS(=O)(=O)c5ccccc5)cc4)s3)nc(C)n2)CC1,,,535.7,random
CHEMBL1409264,S=C(NCCN1CCCCC1)Nc1ccc(Br)cc1,,,342.31,random
CHEMBL3968125,CCC(CC)(c1ccc(OCC(O)C(C)(C)C)c(C)c1)c1cc(C)c(CCC(=O)NO)s1,,,461.67,random
CHEMBL3962822,Cc1ccc(-c2noc(C3CC(F)(F)C3)n2)cc1NC(=O)c1cnc2ccc(CCC(=O)O)cn12,,,481.46,random
CHEMBL134352,CNC1(C)CN(c2cc3c(cc2F)c(=O)c(C(=O)O)cn3C(C)(C)C)C1,,,361.42,random
CHEMBL1255079,COc1ccc(F)cc1C(C)(C)CC(O)(Cc1cc2ccccn2n1)C(F)(F)F,,,410.41,random
CHEMBL1740356,Cc1ccc(OCC(=O)Nc2cc(S(=O)(=O)N3CCOCC3)ccc2N2CCCC2)cc1,,,459.57,random
CHEMBL3437536,CC(C)(C)CC(=O)NC[C@H]1OC[C@@H](NC2CCC(F)(F)CC2)[C@@H]1O,,,348.43,random
CHEMBL1901081,CC(Sc1n[nH]c(N)n1)C(=O)NC1CCCCC1C,,,283.4,random
CHEMBL409440,CCCn1c(=O)c2[nH]c(-c3ccc(OCC(=O)N4CCN(c5cnccn5)CC4)cc3)cc2n(CCC)c1=O,,,531.62,random
CHEMBL1497070,Br.COc1cc2c(cc1OC)-c1c(OC)c(OC)cc3c1[C@H](C2)N(C)CC3,,,436.35,random
CHEMBL1703446,Cc1ccc2cccc(OCC(=O)NCCC3=CCCCC3)c2n1,,,324.42,random
CHEMBL2324083,COc1ccccc1C1=NO[C@@H](Cc2ccccc2)C1,,,267.33,random
CHEMBL493498,CCS(=O)(=O)N1CCN(C(=O)c2cccc(Cc3n[nH]c(=O)c4ccccc34)c2)CC1,,,440.53,random
CHEMBL2229070,Cc1cc(C)nc(N2CCN(Cn3nc(C(F)(F)F)n(/N=C/c4ccc(C)c(C)c4)c3=S)CC2)n1,,,504.59,random
CHEMBL1214784,CC1(C)CC(=O)c2c([nH]c(/C=C3\C(=O)Nc4ccc(F)cc43)c2CCC(=O)O)C1,,,396.42,random
CHEMBL187306,CCNC(=O)c1ccc(C(=C2CC3CCC(C2)N3Cc2ccoc2)c2nnn[nH]2)cc1,,,418.5,random
CHEMBL532664,COc1ccc(C2=CCN(c3ccc(Cl)c(Cl)c3)C2=O)cc1OCCN1CCCCC1.Cl,,,497.85,random
CHEMBL390187,CN(C)c1ccc(-c2cnccc2C2SCC(=O)N2C2CCCC2)cc1,,,367.52,random
CHEMBL170619,Cc1nc2c(CSc3ccccc3)cccn2c1C,,,268.38,random
CHEMBL535882,CC(=O)N(C)C1CCN(Cc2ccc(-c3ccc(-c4nc5cc(F)ccc5[nH]4)s3)cc2)C1,,,448.57,random
CHEMBL1287946,CCCCCCCCCCC(NC(=O)OC(C)(C)C)C(=O)N(CCC[N+](C)(C)C)OCc1ccccc1.[I-],,,647.68,random
CHEMBL486015,COc1cc([C@@H]2c3cc4c(cc3C[C@H]3CC(=O)C[C@@H]32)OCO4)cc(OC)c1OC,"DEOXYPODOPHYLLOTOXIN CYCLOPENTANONE",,396.44,random
CHEMBL3686661,CC(C)Oc1cc(N2CCC(Oc3ccc([C@H](C)NC(=O)c4ccoc4)cc3)C2)ccn1,,,435.52,random
CHEMBL3184824,O=C(CCCCCCCC(=O)N1CCCC1)N1CCCC1,,,294.44,random
CHEMBL3485654,COc1ccccc1OC1(C(=O)O)CCN(c2cc(C)nc(C)c2)CC1,,,356.42,random
CHEMBL3805505,CCCCCCCNC(=O)C1C(=O)N(O)C(=O)c2ccccc21,,,318.37,random
CHEMBL1437121,Cc1ccc(Sc2ccc(N3CCC(C(=O)Nc4ccc(Cl)cc4)CC3)nn2)cc1,,,438.98,random
CHEMBL1823968,Cc1ccc(C(c2c(O)ccc3ccccc23)N2CCC(O)CC2)cc1,,,347.46,random
CHEMBL1096860,O=C(CCCc1ccccc1)N1CCC[C@H]1CN1CCCC1,,,300.45,random
CHEMBL4087320,CCN(C(=O)c1nc(C)ccc1-n1nccn1)[C@@H](C)Cn1nnc(-c2ccc(F)cc2)n1,,,435.47,random
CHEMBL3694400,COc1ccc(F)cc1-c1cc(NC(=O)C2CCCNC2)ncn1,,,330.36,random
CHEMBL1075781,CCCCCc1ccc(CCC(=O)N[C@H](Cc2cnc[nH]2)C(=O)N[C@@H](Cc2ccc(O)cc2)C(=O)N[C@@H](Cc2ccccc2)C(=O)O)cc1,,,667.81,random
CHEMBL517701,C=C1C(=O)O[C@@H]2[C@@H]1C[C@@H](O)[C@H](C)[C@@](O)(C(=O)/C=C/C)[C@H]2OC(=O)/C(C)=C\C,,,378.42,random
CHEMBL1392260,Cn1c(C(=O)NCCCN2CCCCC2)cc2sccc21,,,305.45,random
CHEMBL3922728,O=C(Nc1ccccc1-c1ccccc1)c1cnn2cccnc12,,,314.35,random
CHEMBL159213,C#CCN(Cc1ccc2nc(C)nc(O)c2c1)c1ccc(S(=O)(=O)c2ccccc2Cl)cc1,,,477.97,random
CHEMBL3982929,COc1cccc(OC)c1C1CCCC(=O)N1Cc1csc(Oc2ccccc2)n1,,,424.52,random
CHEMBL3238101,Clc1cc(Nc2ccnc3[nH]c4ccccc4c23)ccc1OCc1ccccc1,,,399.88,random
CHEMBL549019,Cc1ccc(CN2CCCN(Cc3cccc(NC(=O)c4cc5ccccc5s4)c3)CC2)cc1.O=C(O)C(F)(F)F,,,583.68,random
CHEMBL2387618,Cc1cccc(S(=O)(=O)C2CO2)c1,,,198.24,random
CHEMBL1458664,Cc1ccc(-c2cc(C(=O)NCc3ccco3)c3ccccc3n2)s1,,,348.43,random
CHEMBL1476848,O=S(=O)(c1ccc(-c2cc(C(F)(F)F)on2)s1)N1CCN(c2cccc(Cl)c2)CC1,,,477.92,random
CHEMBL1642128,Cc1cc(N2CCN(C)CC2)c2c(c1)N(S(=O)(=O)c1ccc3ccccc3c1)C(C)CC2=O,,,463.6,random
CHEMBL495816,CCCCCCCCCCCCCC#CC(=O)[C@H](CO)NC(=O)OC(C)(C)C,,,395.58,random
CHEMBL1454021,Cc1ccc(-c2nc3ccccc3[nH]2)cc1NC(=S)NC(=O)c1ccccc1Br,,,465.38,random
CHEMBL226898,Cc1n[nH]c2cnc(-c3cncc(OC[C@@H](N)Cc4cccc(C(F)(F)F)c4)c3)cc12,,,427.43,random
CHEMBL1940900,C[C@H]1COc2c(NCCNc3ccccn3)c(F)c(N)c3c(=O)c(C(N)=O)cn1c23,,,412.43,random
CHEMBL1224148,COc1cc(Cc2c[nH]c(=N)n([C@@H](C)c3ccc(F)cc3)c2=O)ccc1-n1cnc(C)c1,,,433.49,random
CHEMBL467116,CN(C(=O)Cc1nccn1Cc1ccccc1)c1ccc(CCNC[C@H](O)COc2ccccc2)cc1,,,498.63,random
CHEMBL3250264,COc1ccc(CNC(=S)N/N=C(\C)c2ccccn2)cc1,,,314.41,random
CHEMBL1544752,Cc1ccc(OCCOCCn2cnc3ccccc3c2=O)cc1C,,,338.41,random
CHEMBL1915748,FCCn1cc(-c2ccncc2)c(-c2ccc(OCc3ccc4ccccc4n3)cc2)n1,,,424.48,random
CHEMBL1879755,CCN(CC(=O)Nc1ccccc1C(F)(F)F)C(=O)c1ccc(N2CCCC2=O)cc1,,,433.43,random
CHEMBL3651115,COc1cncc(CN[C@H]2CC2c2ccccc2)c1,,,254.33,random
CHEMBL523855,O=C1CN(CCN2CCCC2)C(=O)[C@]2(CSC3=C2C(=O)c2ccccc2C3=O)N1,,,411.48,random
CHEMBL1604779,COc1cc(/C=C(/C#N)c2ccc(C)cc2)ccc1Oc1ccc([N+](=O)[O-])cn1,,,387.4,random
CHEMBL523039,FC(F)(F)c1ccccc1-c1ccc(CN2CCO[C@@H](c3ccccc3)C2)cc1,,,397.44,random
CHEMBL1498132,COC(OC)c1ccnc(SCc2ccccc2Cl)n1,,,310.81,random
CHEMBL75889,COc1ccc(Cl)cc1-c1nc(N)cc(Nc2ccc(Br)cc2)n1,,,405.68,random
CHEMBL1352553,CCOC(=O)N1CCC(N2Cc3cccc(C(=O)Nc4cc(F)ccc4F)c3C2=O)CC1,,,443.45,random
CHEMBL1180690,Cc1ccc[n+]2ccn(CC3CC(c4ccccc4)(c4ccccc4)C(=O)O3)c12,,,383.47,random
CHEMBL1475460,COc1cc2c(cc1OC)CN(C(=O)c1ccc(N3CCCC3)c([N+](=O)[O-])c1)CC2,,,411.46,random
CHEMBL461778,O=P([O-])([O-])C(CCCc1cccc(Oc2ccc(F)cc2)c1)S(=O)(=O)[O-].[K+].[K+].[K+],,,518.62,random
CHEMBL1709087,CN(C)c1nc(N)nc(CSc2nc3c(c(=O)n(C)c(=O)n3C)n2Cc2ccccc2F)n1,,,471.52,random
CHEMBL3183902,CCCCc1c(C)nc(NCC)nc1OS(=O)(=O)N(C)C,BUPIRIMATE,,316.43,random
CHEMBL3092595,Cc1c(C)c(S(=O)(=O)NC(=N)NCCC[C@H](N)C(=O)N2CCC[C@H]2C(=O)Nc2ccc([N+](=O)[O-])cc2)c(C)c2c1OC(C)(C)C2,,,643.77,random
CHEMBL1908969,N=C(CCCSC1CC(=O)N(COC(=O)CNC(=O)c2cccc(I)c2)C1=O)NC(=O)[C@@H](N)CCCCN,,,660.53,random
CHEMBL3274391,C/C(=N\OCC(=O)O)c1ccc(S(C)(=O)=O)cc1,,,271.29,random
CHEMBL1886286,Cc1ccc(C)c(NC(=O)CN(C)C(=O)CC2OC(=O)c3ccccc32)c1,,,366.42,random
CHEMBL3786183,O=C(O)CC(=O)NC[C@H]1O[C@@H](n2cc(Cc3ccc(C4CC4)cc3)c3c(Cl)cccc32)[C@H](O)[C@@H](O)[C@@H]1O,,,528.99,random
CHEMBL1376930,COCCCN=C(S)N1CCCN(c2nc3cc(C)ccc3cc2C#N)CC1,,,397.55,random
CHEMBL432351,O=c1c2ccc(Cl)cc2ncn1CCCCn1ccnc1,,,302.77,random
CHEMBL3972535,CCN(C(=O)Oc1ccc(F)cc1)[C@@H]1CN(C(=O)C2CCN(c3ccc(C#N)nn3)CC2)C[C@H]1c1ccc(F)c(F)c1,,,578.6,random
CHEMBL520301,[11CH3]Oc1cccc2c1CCN(CCCc1c[nH]c3ccc(F)cc13)C2,,,337.43,random
CHEMBL343566,C=C[C@@]1(C)C[C@H](O)[C@@]2(O)[C@H](O1)C(OC(C)=O)C(O)[C@H]1C(C)(C)CC[C@H](O)C12C,,,398.5,random
CHEMBL1546634,O=C(c1cnn2c(C(F)(F)F)cc(-c3ccc(F)cc3)nc12)N1CCc2ccccc2C1,,,440.4,random
CHEMBL277608,Nc1nc(S)c2ncn(C3CCC(CO)O3)c2n1,,,267.31,random
CHEMBL1437277,CCn1cc2nc(SCC(=O)Nc3cccc(Cl)c3C)n(Cc3ccc(Cl)cc3)c(=O)c2n1,,,502.43,random
CHEMBL4203694,CCN1CC2OCCN(C(=O)Cc3ccc(Cl)c(Cl)c3)C2C(N2CCCC2)C1,,,426.39,random
CHEMBL1400429,Cc1nnc(NCc2ccccc2)c2ccccc12,,,249.32,random
CHEMBL3901174,N#CCC1(n2cc(C(N)=O)c(Nc3ccnc(F)c3)n2)CCN(Cc2cnn3ccccc23)CC1,,,473.52,random
CHEMBL1512777,COc1ccccc1CNC(=O)[C@H](C)NC(=O)C1CCN(C(=O)[C@H](CCSC)NC(=O)OC(C)(C)C)CC1,,,550.72,random
CHEMBL1355372,O=C1C=C2C=CC3C[C@@]2(O1)C1CCCCN31,,,217.27,random
CHEMBL1403213,Cc1ccc(NC(=O)CSc2nc(-c3cccs3)nc3cc(=O)[nH]n23)cc1,,,397.49,random
CHEMBL68877,COc1ccc(C(O)C(C)N2CCC(n3c(O)nc4ccccc43)CC2)cc1OC,,,411.5,random
CHEMBL3988694,CCc1nc(NCc2ccccn2)c2cc(CC)sc2n1,,,298.42,random
CHEMBL231187,Cc1ccc(S(=O)(=O)N(Cc2ccccc2)c2ccc(Nc3nc(N4CCC(C(N)=O)CC4)nc(N4C[C@H](N)C[C@H](N)C4)n3)cc2O)cc1,,,686.84,random
CHEMBL3947844,COCCN1Cc2[nH]nc(C(=O)N3CCC(c4ccc(F)c(F)c4C(F)(F)F)CC3)c2C1,,,458.43,random
CHEMBL1915165,C#CCN1Cc2[nH]c3ccccc3c2C[C@@H]1C(=O)OC,,,268.32,random
CHEMBL1724469,CC(=O)c1cccc(OCC(=O)N(Cc2ccco2)c2c(N)n(Cc3ccccc3)c(=O)[nH]c2=O)c1,,,488.5,random
CHEMBL3684379,c1ccc2c(c1)Nc1ncccc1-n1c(-c3ccc(CNC4CCC4)cc3)nnc1-2,,,394.48,random
CHEMBL1883357,Cc1cc(C)cc(NC(=O)C(c2ccccc2)N2CCCC2)c1,,,308.43,random
CHEMBL226914,C/C(=N/NC(=O)CCCN1C(=O)c2ccccc2C1=O)c1cccc(N)c1,,,364.41,random
CHEMBL1631407,CO[C@@H]1O[C@H](CS(=O)(=O)C[C@H]2O[C@@H](OC)[C@H](O)[C@H](O)[C@@H]2O)[C@@H](O)[C@@H](O)[C@H]1O,,,418.42,random
CHEMBL1466855,O=C(Nn1c(SCc2cccc([N+](=O)[O-])c2)nc2ccccc2c1=O)c1ccccc1,,,432.46,random
CHEMBL1984879,CC1=NN(c2nc(N)nc(NS(=O)(=O)c3cc(C)c(Cl)cc3S)n2)C(C)(C)C1,,,441.97,random
CHEMBL1668619,CO[C@@H]1O[C@@H]([C@H](O)C(C)(C)O)C[C@H]1[C@H]1CC[C@]2(C)C3=CC[C@H]4C(C)(C)C(=O)CC[C@]4(C)[C@H]3CC[C@@]12C,,,502.74,random
CHEMBL137537,CCSc1nsnc1C1CN2CCC[C@H]1C2,,,255.41,random
CHEMBL260872,CCC1(CCCCN2CCN(c3ccc(F)cc3)CC2)C(=O)Nc2ccccc21,,,395.52,random
CHEMBL37528,[O-]c1n[n+](-c2c(Cl)cccc2Cl)no1,,,232.03,random
CHEMBL1698562,CCCNc1ncc2c(O)nnc(O)c2n1,,,221.22,random
CHEMBL422385,O=[N+]([O-])c1cc2c3c(ccc4cccc(c43)CC2)c1,,,249.27,random
CHEMBL3922452,O[C@H](c1ccc(-c2cccc(Nc3nccc(C(F)(F)F)n3)c2)cc1)C(F)F,,,395.33,random
CHEMBL441659,CCn1cc(C(=O)O)c(=O)cc1/C=C/c1ccsc1,,,275.33,random
CHEMBL1214203,CC(C)S(=O)(=O)NC1Cc2ccc(-c3cccc(S(=O)(=O)N(C)C)c3)cc2C1,,,422.57,random
CHEMBL2435265,Cc1ccc(-c2cc3c(c(C)n2)C(=O)c2ccccc2C3=O)cc1,,,313.36,random
CHEMBL4107236,N#CC1(C(=O)Nc2cnn3ccc(N4CCC[C@@H]4c4cc(F)ccc4F)nc23)CC1,,,408.41,random
CHEMBL1203580,Cl.O.O=C(O)c1cn(C2CC2)c2cc(N3CCN4CCC3CC4)c(F)cc2c1=O,,,425.89,random
CHEMBL225589,CN(C)c1ccnc2sc3c(=O)n(-c4ccc(Cl)cc4)cnc3c12,,,356.84,random
CHEMBL365211,COc1c(O)ccc2c1oc1ccccc12,,,214.22,random
CHEMBL1698728,COc1ccc(S(=O)(=O)N2CCC3(CC2)OCCN3S(=O)(=O)c2ccc(C)cc2)cc1OC,,,496.61,random
CHEMBL4300608,CCCCCCCCCCCCCCCCCc1cc2nc3ccc(N(C)C)cc3sc-2cc1=[N+](C)C,,,522.87,random
CHEMBL1988307,O=S1(=O)CCC2=CC(C(F)(F)F)=CC(C(F)(F)F)=CN21,,,319.23,random
CHEMBL1351780,Cc1c(Cl)cnc(NC(=O)CSc2nncs2)c1Cl,,,335.24,random
CHEMBL177938,O=c1cc(-c2cccnc2)oc2c1ccc1ccccc12,,,273.29,random
CHEMBL466660,O=[N+]([O-])OCC(CO)(CO[N+](=O)[O-])CO[N+](=O)[O-],PENTRINITROL,2,271.14,random
CHEMBL3642877,C[C@@H](Cc1ccc(C(=O)Oc2ccc(C(=N)N)cc2)o1)C(=O)N[C@@H](CCC(N)=O)C(=O)O,,,444.44,random
CHEMBL2010494,CN(C(=O)[C@H](NC(=O)OCc1ccccc1)c1ccccc1)C1CCCCC1N1CCCC1,,,449.6,random
CHEMBL3893605,COC(=O)[C@H](C)NP(=O)(OCC1OC(n2ccc(=O)[nH]c2=O)[C@]2(CCCO2)[C@@H]1O)Oc1ccccc1,,,525.45,random
CHEMBL331221,CC1CN(CCCCN2C(=O)CC3(CCCC3)CC2=O)CCN1c1nsc2ccccc12,,,454.64,random
CHEMBL493068,Cc1c(C(=O)NN2CCCCC2)nn(-c2ccc(Cl)cc2Cl)c1-c1ccc(C#CCNC(C)C)s1,,,530.53,random
CHEMBL135680,COCc1ccc(/C(=N\O)c2cccc(NS(=O)(=O)C(C)C)c2)cc1,,,362.45,random
CHEMBL1823841,O=C(NC1CCCCC1)N1CCC(c2nc(-c3ccc4ccccc4n3)no2)CC1,,,405.5,random
CHEMBL511810,CC(C)=CCc1c(O)c(C(=O)CC(C)C)c2oc(=O)cc(-c3ccccc3)c2c1O,ISOMAMMEISIN,,406.48,random
CHEMBL1385203,O=C1CC2CS(=O)(=O)CC2N1c1ccc(Cl)cc1Cl,,,320.2,random
CHEMBL1312842,COc1cccc(/C=C2\C(=O)C(=O)c3ccccc32)c1,,,264.28,random
CHEMBL1620237,COc1cc(/C=C(\C#N)c2ccccn2)ccc1OCC(=O)Nc1ccc(Br)cc1,,,464.32,random
CHEMBL3485236,c1cncc(-n2cnnc2CC2CCNCC2)c1,,,243.31,random
CHEMBL1408245,CN(C)S(=O)(=O)Nc1cccc(Br)c1,,,279.16,random
CHEMBL256031,C#CCOc1ccc(CCNC(=O)C(OCC#C)c2ccc3c(c2)Cc2ccccc2-3)cc1OC,,,465.55,random
CHEMBL1083049,C/C(=C\[C@H](C(C)C)N(C)C(=O)[C@@H](NC(=O)[C@H](C)NC(C)(C)c1ccccc1)C(C)(C)C)C(=O)O,,,473.66,random
CHEMBL2313427,O=C1c2ccccc2C(=O)N1c1nc2ccccc2[nH]1,,,263.26,random
CHEMBL3774550,CCCCCCCc1cc2c(=O)n(CCN=[N+]=[N-])cnc2s1,,,319.43,random
CHEMBL3759146,CCCSc1n[nH]c(-n2[se]c3ccccc3c2=O)n1,,,339.28,random
CHEMBL1500842,C#CC[N+](C)(C)CCCCCCCCCC.[Br-],,,304.32,random
CHEMBL579522,CCCCCC(=O)N1CCOC(CCN2CCc3c(c4ccccc4n3C)C2)(c2ccc(Cl)c(Cl)c2)C1,,,542.55,random
CHEMBL387573,N=C(N)NCCC[C@H](NC(=O)[C@H](Cc1ccc(-c2ccccc2)cc1)NC(=O)[C@@H](N)CCCNC(=N)N)C(=O)NCc1ccccc1,,,642.81,random
CHEMBL344900,CC(=O)c1cccc2c(/N=N/c3ccc([N+](=O)[O-])cc3[N+](=O)[O-])c3ccc(O)cc3c(O)c12,,,446.38,random
CHEMBL1727123,OCCC1CN(Cc2ccccc2O)CCN1CCCc1ccccc1,,,354.49,random
CHEMBL2008662,CNC(=O)c1ccccc1-[s+]1c2ccccc2c(=O)n1C,,,299.38,random
CHEMBL3764500,Cl.NOCc1ccccc1O,,,175.62,random
CHEMBL2180585,CS(=O)(=O)NCCCN(c1nc(C(=O)NCc2ccc(F)cc2)c(O)c2ncccc12)S(C)(=O)=O,,,525.58,random
CHEMBL2010451,O=C(CN1C(=O)CC(c2ccccc2)(c2ccccc2)C1=O)N1CCN(CCO)CC1,,,421.5,random
CHEMBL1581050,Cc1ccccc1NC(=O)CCN1CCc2ccccc2C1,,,294.4,random
CHEMBL3040664,Cc1ccc(C(=O)O)c(O[C@H]2CC[C@H]3CN[C@H](C(=O)O)C[C@H]3C2)c1,,,333.38,random
CHEMBL2298654,COc1ccccc1NC(=S)Nn1ccnc1-c1ccc(Br)cc1,,,403.31,random
CHEMBL2009431,COc1ccc(/C=N/N=C(N)N)c(C(=O)O)c1OC,,,266.26,random
CHEMBL162773,[3H]C1C(=O)C=C2CCC3C(C4CC5(C(O)O4)C(C(=O)CO)CCC35)C2(C)C1[3H],,,364.47,random
CHEMBL1453111,NC(=O)c1ccccc1NC(=O)N1CCOCC1,,,249.27,random
CHEMBL1828967,CCSCCSc1nc(-c2ccccc2)c(C#N)c(=O)[nH]1,,,317.44,random
CHEMBL2153411,c1ccc(Nc2ncnc3c2sc2ccccc23)cc1,,,277.35,random
CHEMBL1091344,CN1CCN(c2ccc(NC(=O)Nc3ccc(-c4nc(N5C6CCC5COC6)nc(N5[C@H](CO)CC[C@@H]5CO)n4)cc3)cc2)CC1,,,629.77,random
CHEMBL3400738,Cc1c(O)cccc1N(CC(=O)N[C@@H](Cc1ccccc1)[C@@H](O)CN(CC(C)C)S(=O)(=O)c1ccc(N)cc1)CC(=O)N1CCOCC1,,,681.86,random
CHEMBL4074278,CN(O)C(=O)CCCCCONC(=O)Nc1cccc2ccccc12,,,345.4,random
CHEMBL4278159,Clc1ccc(-c2nc3cnc(C4CC4)cn3c2CN2CCn3ncnc3C2)c(Cl)c1,,,440.34,random
CHEMBL3480821,CN(C)c1ncc2c(n1)CCCC2NC(=O)C1CC1,,,260.34,random
CHEMBL3617311,O=C(Nc1ccc2c(c1)N(S(=O)(=O)c1ccc(F)cc1)CCC2)c1ccncc1,,,411.46,random
CHEMBL2035686,O=c1ccoc2cc(OCc3cn(Cc4ccccc4Br)nn3)ccc12,,,412.24,random
CHEMBL3503512,Cn1ccnc1CN1CCC2(CC1)CC(Oc1cccnc1)C2.O=C(O)C(F)(F)F.O=C(O)C(F)(F)F,,,540.46,random
CHEMBL3939294,CC(C)OC(=O)/C=C\n1cnc(-c2cccc(Cl)c2)n1,,,291.74,random
CHEMBL2442684,OCCCc1cc(-c2ccccc2)no1,,,203.24,random
CHEMBL1456350,O=C(c1ccco1)N1CCN(C(=O)c2cccn3c(=O)c4c5c(sc4nc23)CCCC5)CC1,,,462.53,random
CHEMBL3669397,CC1(C)C[C@H]2C(CCCN2C(=O)c2ccc3[nH]cnc3c2)c2ccccc21,,,359.47,random
CHEMBL3921052,Cc1cc(Nc2cc(C(F)(F)F)ccn2)nc(-c2ccc(NC3CCN(C(=O)c4ccccc4C#N)CC3)nc2)c1,,,557.58,random
CHEMBL1988014,NC(c1ccccc1)(C(F)(F)F)P1(=O)OC(=O)c2ccccc2O1,,,357.22,random
CHEMBL603191,Clc1cccc(C2Nc3ccccc3-c3nc4ccccc4n32)c1,,,331.81,random
CHEMBL1761495,CO/N=C1\[C@H]2CCC[C@@H]1[C@H](c1ccc(C)cc1)N(C)[C@@H]2c1ccc(C)cc1,,,362.52,random
CHEMBL1624835,CC(C(=O)O)N1CCCCC1,,,157.21,random
CHEMBL3559538,CC(C)(O/N=C(\C(=O)NC1C(=O)N2C(C(=O)[O-])=C(CSc3nc(N)cc(N)[n+]3N)CSC12)c1cnc(N)s1)C(=O)O,,,624.69,random
CHEMBL1449143,O=C(NCCCN1CCCC1=O)c1ccccc1NS(=O)(=O)c1ccc(Br)cc1,,,480.38,random
CHEMBL1460947,Sc1nnc(-c2ccc(Cl)cc2Cl)n1-c1ccc(Cl)cc1,,,356.67,random
CHEMBL95319,C=C(C)CN1CCC23c4c5ccc(O)c4O[C@H]2c2[nH]c4ccccc4c2C[C@@]3(O)C1C5,,,414.51,random
CHEMBL1580313,O=C(/C=C/c1ccccc1)NC(N=C(S)Nc1ccc(C(=O)O)cc1)C(Cl)(Cl)Cl,,,472.78,random
CHEMBL2282609,Cc1cc(C2=CC(c3ccccc3Cl)N(C(=O)c3ccncc3)N2)ccc1O,,,391.86,random
CHEMBL1684673,CN(c1ccccc1)c1ccc2cc(-c3n[nH]c4ccccc34)[nH]c2c1,,,338.41,random
CHEMBL3974345,Cc1cc(-c2ccc([C@H](C)Nc3nccc(N4C(=O)OC[C@@H]4[C@@H](C)O)n3)cn2)ccc1F,,,437.48,random
CHEMBL154604,Cc1nc(NCc2cccc(N3CCCC3)c2)c2cc[nH]c2n1,,,307.4,random
CHEMBL183749,NN(C(=O)c1ccc(Cl)cc1Cl)S(=O)(=O)c1cnc(Cl)s1,,,386.67,random
CHEMBL1365722,O=C(NNS(=O)(=O)c1ccc(F)cc1)c1cccc(O)c1,,,310.31,random
CHEMBL334821,C[C@@H]1[C@@H](O)CN1c1cc2c(cc1F)c(=O)c(C(=O)O)cn2C1CC1,,,332.33,random
CHEMBL548164,Cl.O=S(=O)(Nc1cc2c(cc1O)CCNCC2)c1ccc(-c2ccc(Cl)cc2)cc1,,,465.4,random
CHEMBL3952591,Nc1nnc(-c2ccc3[nH]cc(-c4cncc(-c5cccc(Cl)c5)n4)c3c2)o1,,,388.82,random
CHEMBL1545814,COCCn1c(N)c(NCc2ccccc2)c(=O)[nH]c1=O,,,290.32,random
CHEMBL3905679,Cc1ncc(C(CNC(=O)c2cccc(Cl)c2Cl)N2CC3CCC2C3)cn1,,,405.33,random
CHEMBL120047,CNCCSS(=O)(=O)CCNC,,,212.34,random
CHEMBL1952279,CN(Cc1ccccc1)C(=O)N1CC(O[C@H](c2ccc(Cl)cc2)c2cccnc2Cl)C1,,,456.37,random
CHEMBL294783,COc1ccc(S(=O)(=O)N(Cc2ccc3c(c2)OCO3)[C@H](CCCNC(=O)NCc2cccc3ccccc23)C(=O)NO)cc1,,,634.71,random
CHEMBL4098386,CC(C)=CCOc1cccc(NC(=O)Nc2cccc(Cl)c2)c1,,,330.82,random
CHEMBL2357893,COc1cc(OC)cc(C2=Cc3ccc(OC)cc3C(CC(C)=O)N2c2ccc(-c3cncnc3)cc2)c1,,,507.59,random
CHEMBL1365152,Cc1nc(SCCO)c([N+](=O)[O-])[nH]1,,,203.22,random
CHEMBL3350307,COc1ccc2c(c1)CO[P@@](=O)(OC[C@@H]1C=C[C@H](n3cc(C)c(=O)[nH]c3=O)O1)O2,,,422.33,random
CHEMBL3187708,Nc1sccc1C(=O)NC1CC1,,,182.25,random
CHEMBL3925281,Cc1c(Cl)cccc1NC(=O)c1cc(NC(=O)c2ccccc2C(F)(F)F)cc2[nH]cnc12,,,472.85,random
CHEMBL1419154,COc1ccc([N+](=O)[O-])cc1NC(=O)C(C)N1CCN(C(=O)c2ccco2)CC1,,,402.41,random
CHEMBL1564852,Cc1cccc(CC(=O)Nc2c(C(=O)Nc3cccc(F)c3)oc3ccccc23)c1,,,402.43,random
CHEMBL376486,CSc1nc(-c2ccc(F)cc2)c(-c2ccnc(NC(C)=O)c2)n1CCCN1CCOCC1,,,469.59,random
CHEMBL2357630,COC(=O)c1cc2sc(C)cc2n1CC(=O)Nc1ccc(C)cc1Cl,,,376.87,random
CHEMBL353355,CC(C)NCC(O)c1ccc(O)c(C(=O)NCCO)c1,,,282.34,random
CHEMBL2431138,CCOc1cc2c(N3CCN(c4ccccc4OC)CC3)nc(-c3ccccc3)nc2cc1OC,,,470.57,random
CHEMBL104868,NS(=O)(=O)c1ccc(S(=O)(=O)CCCO)c(F)c1,,,297.33,random
CHEMBL1086012,CC(C)C1CC(=O)c2cc(-c3ccc(Cl)cc3)c(-c3ccccc3Cl)nc2O1,,,412.32,random
CHEMBL3741196,O=C1c2ccc(Cl)cc2-[n+]2ccc3c([nH]c4ccccc43)c21.[Cl-],,,341.2,random
CHEMBL1524258,N#CCC(=O)Nc1ccc(C(=O)OCC(=O)NCCCc2ccccc2)cc1,,,379.42,random
CHEMBL556935,O=C(N[C@@H](Cc1ccccc1)C(=O)NCCN1CCCCC1)c1ccc(O)c(-c2cccc(C(F)(F)F)c2)c1,,,539.6,random
CHEMBL1882114,O=S1(=O)c2ccc(Br)cc2N2CCC[C@@H]2CN1C1CC1,,,357.27,random
CHEMBL4169385,COc1ccc(C(=O)SC(CC=C(C)C)c2cc(OC)c3c(c2OC)/C(=N/O)C=C/C3=N\O)cc1,,,496.59,random
CHEMBL3503454,Cc1cc(CN2C[C@@H]3CCCO[C@@H]3[C@H](Nc3ccccn3)C2)no1.O=C(O)C(F)(F)F.O=C(O)C(F)(F)F,,,556.46,random
CHEMBL1506645,CCOC(=O)c1c(C)nn(S(=O)(=O)c2ccc(Cl)cc2)c1NCc1ccccc1,,,433.92,random
CHEMBL1197850,CCc1ccc(CNCC(O)c2ccccc2)cc1,,,255.36,random
CHEMBL2298061,CSc1nc(Nc2ccc3nc(C)cc(N)c3c2)nc(N(C)c2ccc3ncccc3c2)n1,,,454.56,random
CHEMBL440299,CC(C)(Cc1ccccc1)c1cccnc1,,,211.31,random
CHEMBL1171988,CN1CC[C@@H]2C[C@H](O)[C@@H]3OC(=O)c4cc5c(cc4[C@H]3[C@@H]21)OCO5.Cl,"CLIVONINE HYDROCHLORIDE",,353.8,random
CHEMBL309272,CC(CC(=O)O)NC(=O)CCC(=O)Nc1ccc(C(=N)N)cc1,,,320.35,random
CHEMBL507762,Cc1cccc(Cl)c1NC(=O)Nc1cc2ccccc2cc1C(=O)N[C@@H](CC1CCCCC1)C(=O)O,,,508.02,random
CHEMBL3968911,CNc1ccc2c(NC)c(C#N)c3nc4ccccc4n3c2c1,,,301.35,random
CHEMBL2132068,Cc1cccc(C)c1NC(=O)Nc1nnc([C@H]2C[C@H](O)[C@@H](CO)O2)s1,,,364.43,random
CHEMBL4098554,Cl.O=C(O)[C@@H]1C[C@@H](Cc2ccccc2[N+](=O)[O-])CN1,,,286.72,random
CHEMBL1862812,Cc1ccncc1C(O)(c1ccc(Cl)cc1)c1ccc(C(F)(F)F)cc1,,,377.79,random
CHEMBL3557300,Cc1nc(CN2CC[C@H]3[C@H]2CCN3c2nncs2)cs1,,,307.45,random
CHEMBL1551975,COCCCN(CCNC(=O)c1ccc(NC2=NC3CS(=O)(=O)CC3S2)cc1)Cc1ccco1,,,506.65,random
CHEMBL339588,O=C(O)[C@@H]1[C@@H](Cn2nnc3ccccc3c2=O)CC[C@H]1Sc1ccc(-c2ccc(Cl)cc2)cc1,,,492,random
CHEMBL2027858,OCCN(CCO)C(=S)S,,,181.28,random
CHEMBL110195,CCCCOc1c(/C(C)=C\C=C\C(C)=C\C(=O)O)cc(C(C)(C)C)cc1C(C)(C)C,,,412.61,random
CHEMBL443881,COc1ccc2cc1Oc1ccc(cc1)C[C@H]1c3c(c(O)c(OC)c(OC)c3Oc3cc4c(cc3OC)CCN(C)[C@H]4C2)CCN1C,THALIGOSINE,,638.76,random
CHEMBL1170290,NCCCN1CCN(CCCNc2nnc(Cl)c3cc4ccccc4cc23)CC1,,,412.97,random
CHEMBL1645463,Cn1ncc2cc(Nc3ncnn4ccc(COC[C@@H]5CNCCO5)c34)ccc21,,,393.45,random
CHEMBL4074291,COCCOC(=O)C1(NP(=O)(OC[C@H]2O[C@@H](c3cnc4c(N)ncnn34)[C@](C)(F)[C@@H]2O)Oc2ccccc2)CCC1,,,594.54,random
CHEMBL3490733,COc1ccc(S(=O)(=O)NCc2cccnc2N(C)C)cc1,,,321.4,random
CHEMBL1196013,NC/C(=C/Br)c1ccccc1,,,212.09,random
CHEMBL1767356,O=C(O)[C@@H]1CSC(c2ccco2)N1C(=O)Cc1ccccc1,,,317.37,random
CHEMBL3669816,COCCOc1ncccc1C1C(C(=O)C(C)C)C(=O)C(=O)N1c1ccc(-c2noc(C)n2)cc1,,,478.51,random
CHEMBL109265,Clc1cc2nc(C3CCNCC3)[nH]c2cc1Cl,,,270.16,random
CHEMBL604128,CN(C)C(=O)Cn1c(-c2ccsc2)c(C2CCCCC2)c2ccc(C(=O)O)cc21,,,410.54,random
CHEMBL3976115,CC1(C)OC2=C(C(=O)C(=O)c3ccccc32)C(N=[N+]=[N-])[C@@H]1Br,,,362.18,random
CHEMBL91956,CO/C(O)=C1\C(C)=NC(C)=C(C(=O)NCCN2CCC(c3ccccc3)(c3ccccc3)CC2)C1c1ccc([N+](=O)[O-])cc1,,,594.71,random
CHEMBL460616,CCCCCCC(Sc1nc(Cl)cc(Nc2ccc(-c3ccccc3)cc2)n1)C(=O)O,,,456.01,random
CHEMBL3099182,C/C(=N\NC(=O)COc1ccc(Br)cc1)c1ccc(-n2cccc2)cc1,,,412.29,random
CHEMBL2207774,CCCCN(C(=O)c1ccccc1F)c1nnc(-c2cc(C)c(CCC(=O)O)c(C)c2)s1,,,455.56,random
CHEMBL208246,O/N=C1\c2ccccc2OCC1n1ccnc1,,,229.24,random
CHEMBL3969874,C=CC(=O)NC[C@H]1C[C@@H]2O[C@H](COCc3ccccc3)[C@@H](OCc3ccccc3)[C@@H]2O1,,,423.51,random
CHEMBL4128823,Cl.Cl.O=C(Nc1ccc2[nH]cnc2c1)c1ccc(-c2ccccc2)c(CN2CCCCC2)c1,,,483.44,random
CHEMBL1558296,CNCCCCOc1ccccc1-c1ccccc1.O=C(O)C(=O)O,,,345.4,random
CHEMBL221012,O=C(O)c1cnn(-c2ccc(COCc3ccc(Cl)cc3)cn2)c1,,,343.77,random
CHEMBL424796,CCC(=O)O[C@@H]1COC(=O)/C1=C/C[C@@H]1[C@@]2(CC[C@@H]3[C@](C)(CO)[C@H](OC(=O)CC)CC[C@]31C)CO2,,,478.58,random
CHEMBL466681,CC(C)(C)c1nc(N)c2cc(-c3ccc(Cl)cc3)c(-c3ccccc3Cl)nc2n1,,,423.35,random
CHEMBL18076,Cc1ccc(N(/C=N/c2ccn(C3CSC(CO)O3)c(=O)n2)c2ccc(C)cc2)cc1,,,436.54,random
CHEMBL1522960,COc1ccccc1C(=O)CSc1ccccn1,,,259.33,random
CHEMBL184463,CCOC(=O)c1oc2cc(-c3ccccc3Cl)cc(O)c2c1C,,,330.77,random
CHEMBL91055,O=C(O)C[C@H](CCCc1ccccc1)C(=O)N[C@@H](CC1CCCCC1)C(=O)NCCc1ccccc1,,,492.66,random
CHEMBL1977119,Cc1c(C)c2ccc(OC(C)C(=O)O)cc2oc1=O,,,262.26,random
CHEMBL97260,c1cc(-c2nc3c4c(ncc3[nH]2)CCCCC4)no1,,,254.29,random
CHEMBL1584863,CC1(NC(=O)CC[N+](C)(C)CCO)CS(=O)(=O)CC1S(=O)(=O)[O-],,,372.47,random
CHEMBL2287907,CN(C(=O)COc1onc(C(F)(F)F)c1-c1ccccc1)c1ccccc1,,,376.33,random
CHEMBL3357650,CCOc1cc2ncnc(Nc3ccc(Oc4ccc(C)nc4)c(Cl)c3)c2cc1NC(=O)/C(F)=C/CN(C)C,,,551.02,random
CHEMBL4076313,Cc1c(-c2ccc(O)cc2Cl)c(=O)oc2cc(O)ccc12,,,302.71,random
CHEMBL377365,O=S(=O)(Nc1nc2cc(-c3ccoc3)ccc2o1)c1cc(Cl)ccc1Cl,,,409.25,random
CHEMBL3099687,COC(=O)[C@]1(c2ccc(C#N)cc2OC)CCc2cncn21,,,297.31,random
CHEMBL1518581,C#CCOc1nc(C)cc(C)c1S(=O)(=O)c1ccccc1C,,,315.39,random
CHEMBL4209216,CC(C)[C@H](NC(=O)C(C)(F)F)[C@H](Oc1ccc2c(cnn2-c2cc(F)c(=O)n(C)c2)c1)c1ccccc1,,,512.53,random
CHEMBL250503,CC#CCOc1ccc(S(=O)(=O)CC2(C(=O)NO)CCCN(C(=O)c3cccc(C)c3)C2)cc1,,,484.57,random
CHEMBL3193582,O=C(NNC(=O)C(O)(c1ccccc1)c1ccccc1)/C(O)=C/C(=O)c1ccc(Cl)cc1,,,450.88,random
CHEMBL3473643,CN1CCC(N(C)CCC(=O)N2CCC(Oc3ccc(Cl)cc3)CC2)C1,,,379.93,random
CHEMBL1495107,O=C(Nc1nccs1)c1c(O)c2cccc3c2n(c1=O)CCC3,,,327.37,random
CHEMBL1426516,COc1ccc(NC(=O)CSc2nnc(-c3ccncc3)o2)c([N+](=O)[O-])c1,,,387.38,random
CHEMBL267283,CCNC(=O)Nc1ncnc2c1ncn2[C@@H]1O[C@H](COCc2cccc(C(=O)O)c2)[C@H]2O[C@H](/C=C/c3ccccc3)O[C@H]21,,,586.61,random
CHEMBL1727503,CCOc1ncccc1C(=O)Nc1ccc(C)c(S(=O)(=O)N2CCCCCC2)c1,,,417.53,random
CHEMBL3191408,CCOc1ccc(Oc2c(/C=N/NC(N)=O)c(C)nn2-c2ccccc2)cc1,,,379.42,random
CHEMBL573686,Nc1nonc1/C(=N/O)Nc1ccc(Cl)cc1,,,253.65,random
CHEMBL435037,C[C@@H]1C(=O)OC2[C@H](O)C34C5OC(=O)C3(OC3OC(=O)[C@H](OCc6ccccc6)C34C(C(C)(C)C)[C@H]5F)[C@]21O,,,532.52,random
CHEMBL1778794,OC[C@H]1O[C@@H](c2ccc3c(c2)Cc2ccc(cc2)OCCCCCC3)[C@H](O)[C@@H](O)[C@@H]1O,,,428.53,random
CHEMBL354804,O=C([O-])/C=C/CO.[Na+],,,124.07,random
CHEMBL303719,COc1ccc2c(c1)CCN(CCCCCC(Sc1ccc(C)cc1)c1ccc(OC)c(OC)c1)C2,,,505.72,random
CHEMBL1601289,CCCCCOC(=O)Nc1ccc(S(=O)(=O)Nc2cccc([N+](=O)[O-])c2)cc1,,,407.45,random
CHEMBL3311427,Cn1cc(OCc2ccccc2)c(=O)cc1CNCCCCNc1ccnc2cc(Cl)ccc12,,,477.01,random
CHEMBL1779953,C[C@]1(C(=O)O)N=C2c3ccccc3C=CN2[C@](C)(O)[C@@H]1O,,,288.3,random
CHEMBL3557725,Cc1ccc2c(n1)N(CC1CC1)CCN(Cc1ccco1)C2,,,297.4,random
CHEMBL1644490,CC(C)N1CCc2c(c(-c3ccc(Cl)cc3)cn2Cc2ccccc2)C1,,,364.92,random
CHEMBL1743846,CN[C@H]1CC[C@@H](c2ccc(F)cc2)c2ccccc21.Cl,,,291.8,random
CHEMBL1977780,C=C1CC[C@H](O)C(C)(C)[C@@H]1CC/C(C)=C/CC/C=C(\C)CC/C=C(\C)CCC=C(C)C,,,426.73,random
CHEMBL136153,Cc1ccccc1[C@H]1c2ccccc2[C@@H]2[C@H]1CCCN2C,,,277.41,random
CHEMBL1875894,CC(C)NC(=O)CCn1ccc2cc(S(=O)(=O)N3CCCC3)ccc21,,,363.48,random
CHEMBL1089082,O=C(Nc1cccc(-c2ccnc3cc(-c4ccncc4)nn23)c1)c1cccc(C(F)(F)F)c1,,,459.43,random
CHEMBL2283339,COc1cc2c(cc1OC)C(/C(=N/NC(N)=S)c1ccccc1)N(S(=O)(=O)c1ccc([N+](=O)[O-])cc1)CC2,,,555.64,random
CHEMBL87204,COCCCCc1ccc(-c2nc(-c3ccc(N(C)C)cc3)c(-c3ccc(N(C)C)cc3)[nH]2)cc1,,,468.65,random
CHEMBL1400322,CCO[C@@H]1OC(C(=O)NCc2nc3ccccc3[nH]2)=C[C@H](C(C)(C)C)[C@H]1CCCO,,,415.53,random
CHEMBL588818,COc1ccc2nccc([C@@H](O)CN3CCC(NC(=O)/C=C/c4ccnc5ccccc45)CC3)c2c1,,,482.58,random
CHEMBL3290786,Nc1nc2ccccc2c2ccc([N+](=O)[O-])cc12,,,239.23,random
CHEMBL1703486,CN(CC(=O)Nc1ccccc1Cl)C(=O)CSc1nncn1C,,,353.84,random
CHEMBL1504961,NS(=O)(=O)c1ccc(CCNCC(=O)NCc2ccccc2Cl)cc1.O=C(O)C(=O)O,,,471.92,random
CHEMBL137029,CCC(C)[C@H](NC(=O)[C@@H]1CCCCN1CC(=O)c1cccc(OC)c1)C(=O)OC(C)(C)C,,,446.59,random
CHEMBL374551,CCCCCCCCCCCCCCCCOCCCOP(=O)(O)CC/C=C\Cn1ccc(=O)[nH]c1=O,,,542.7,random
CHEMBL3909940,CCc1nc2cc(Cl)ccn2c1C(=O)NCc1ccc(N2CCC(Cc3ccccc3)CC2)cc1,,,487.05,random
CHEMBL298657,NC(=O)COc1cccc(OCCNCC(O)COc2ccccc2)c1,,,360.41,random
CHEMBL1641835,N#Cc1cc(C#N)cc(-c2nnc(N3CCC(N4CCCCC4)CC3)s2)c1,,,378.51,random
CHEMBL3732301,COc1cc(-c2ccc3ncc(-c4cccnc4)n3n2)cc(OC)c1OC,,,362.39,random
CHEMBL2143763,CCCNC(=O)c1cc(C2CCCCN2C(=O)OC)on1,,,295.34,random
CHEMBL1361581,COc1ccc(/C=C/C(=O)CCC(=O)O)cc1,,,234.25,random
CHEMBL1528419,CCC(C)c1ccc(NC(=O)CC(C)=O)cc1,,,233.31,random
CHEMBL551690,C#CCOc1ccc(CCNC(=O)C(OC(C)C)c2ccc(Cl)cc2)cc1OC,,,415.92,random
CHEMBL1429867,CC(OC(=O)CCc1nc(O)c2ccccc2n1)C(=O)NC1CCCC1,,,357.41,random
CHEMBL2349413,C=CCn1c(OCC)nc2c(c1=O)C(C)(C)Cc1ccccc1-2,,,310.4,random
CHEMBL148908,Cn1c(=O)cnn(CCCCNCc2cccc(-n3cccn3)n2)c1=O,,,355.4,random
CHEMBL1601183,CCCc1cc(C(=O)Nc2cnn(Cc3ccc(F)cc3)c2)no1,,,328.35,random
CHEMBL3740618,O=C(COc1ccc(C(=O)c2cccc(I)c2)cc1)Nc1cccnc1,,,458.25,random
CHEMBL3357139,CC(C)(C)c1ccc(NC(=O)c2c[nH]c3ccccc3c2=O)cc1,,,320.39,random
CHEMBL84965,CC(C)(C)c1cccc2c(C3=C(O)C(O)=CC(=O)C3=O)c[nH]c12,,,311.34,random
CHEMBL1418239,CCCNC(=O)c1cc(-c2ccc(OC)cc2)n(CCCOC)c1C,,,344.46,random
CHEMBL1973507,CCOP(=O)(OCC)C(NC(=O)C(C(F)(F)F)C(F)(F)F)c1ccccc1,,,421.27,random
CHEMBL1321178,Cc1cccc(N(C)C(=O)CS(=O)(=O)c2cccc3nsnc23)c1,,,361.45,random
CHEMBL53110,CCc1ccc(CCC(=O)c2ccc(CC3SC(=O)NC3=O)cc2)nc1,,,368.46,random
CHEMBL3943153,CCc1nc2c(C(=O)NC3CCCCC3)cc(NC(=O)c3ccccc3C(F)(F)F)cc2[nH]1,,,458.48,random
CHEMBL420619,CC(C)[C@H](NC(=O)OCc1ccccc1)C(=O)N1CCCC[C@H]1C(=O)N[C@H]1CC(=O)OC1O,,,461.52,random
CHEMBL3437588,O=C(C1CC1)N1CC[C@H](c2nc3ccccc3o2)C1,,,256.31,random
CHEMBL1540251,Cc1cccc(C)c1OCC(=O)Nc1c(C)nn(C)c1C,,,287.36,random
CHEMBL214380,O=C(O)COc1cccc2c1CC[C@](O)(COC(=O)N(c1ccccc1)c1ccc(O)cc1)C2,,,463.49,random
CHEMBL146041,CCCCCOc1ccc2c(c1)CCN=C2C(=O)c1ccccc1,,,321.42,random
CHEMBL3495188,Cc1cnn(CC2CN(CC(=O)Nc3sccc3C#N)CCO2)c1,,,345.43,random
CHEMBL3448061,Cc1nn(CC(C)C)cc1S(=O)(=O)N(C)Cc1nonc1C,,,327.41,random
CHEMBL1818735,CC(=O)O[C@H]1C=CC(=O)O[C@@H]1[C@H]1N=C(c2ccccc2)O[C@@H]1c1ccccc1,,,377.4,random
CHEMBL34509,COc1cc(CCN(C)CCCOc2ccc(S(=O)(=O)c3c(C(C)C)c4ccccc4n3C)cc2)cc(OC)c1,,,564.75,random
CHEMBL112071,O=S1(=O)NC(NC2CC2)=Nc2ccc(F)cc21,,,255.27,random
CHEMBL333894,CC(=O)Cc1ccc2c(c1)-c1[nH]c3ccc(C(F)(F)F)cc3c1CC(=O)N2,,,372.35,random
CHEMBL1366071,C[C@H](/C=C/[C@@]1(O)[C@H](C)C[C@H](O)CC1(C)C)O[C@@H]1O[C@H](CO)[C@@H](O)[C@H](O)[C@H]1O,,,390.47,random
CHEMBL3449752,CC1(C(=O)N2CCOCC2)CN(Cc2c[nH]cn2)CCO1,,,294.36,random
CHEMBL3718079,CCn1ncc2cc(-c3cc(=O)n4ncc(-c5n[nH]cc5C)c4[nH]3)ccc21,,,359.39,random
CHEMBL1884093,COc1cc(C(=O)N[C@@H](C)C(=O)NCc2ccco2)cc(OC)c1OC,,,362.38,random
CHEMBL1789251,COc1ccc2cc3[n+](cc2c1OC(=O)c1ccc(SC)cc1)CCc1cc2c(cc1-3)OCO2,,,472.54,random
CHEMBL1898335,Cc1cnc(NC(=O)C(C)N2C(=O)C3CC=CCC3C2=O)s1,,,319.39,random
CHEMBL1329761,O=C(CCc1ccccc1)Nc1nncs1,,,233.3,random
CHEMBL444201,C=C(Cc1ccc(O)cc1)C(=C)Cc1ccc(OC)cc1O,TERMILIGNAN,,296.37,random
CHEMBL8851,CC(=O)OCC1=C(C(=O)O)N2C(=O)[C@@H](NC(=O)CN(OCc3cccc(Cl)c3)C(=O)NCc3ccccc3)C2SC1,,,603.05,random
CHEMBL1715951,O=C(c1ccc2ncsc2c1)N1CCN(c2cccc(C(F)(F)F)c2)CC1,,,391.42,random
CHEMBL3746077,CC(C)CS(=O)(=O)N(Cc1ccc(-c2cccc(F)c2F)cc1)[C@@H](C)C(=O)N[C@H](C#N)CC(N)=O,,,506.58,random
CHEMBL1551786,COc1cccc(N2CCN(C(=O)CN3C(=O)COc4ccc(S(=O)(=O)N5CCC(C)CC5)cc43)CC2)c1,,,542.66,random
CHEMBL2138082,O=c1ccn2c(n1)SC(c1ccccc1)C2,,,230.29,random
CHEMBL1503354,CC1NC(=O)NC1CCCCC(=O)O,,,200.24,random
CHEMBL3338703,O=C(/C=C/C=C/CCc1ccc2c(c1)OCO2)N1CCCC1,,,299.37,random
CHEMBL2419629,CC(C)=CCC[C@@](C)(O)[C@@H](O)CC/C(C)=C/COC[C@H]1O[C@@H](N2CCC(=O)NC2=O)[C@H](O)[C@@H]1O,,,484.59,random
CHEMBL1358754,Cc1oc(-c2ccc(C(=O)N(C)Cc3ccccc3)cc2)nc1CN1CCc2ccccc21,,,437.54,random
CHEMBL4245392,CC(C)c1cc(C(=O)N2CCc3cc(NC(=O)CCCCC(=O)NO)ccc32)c(O)cc1O,,,455.51,random
CHEMBL3040562,CCCOc1cccc(-c2cccc([C@@H]3C[C@H]3[C@]3(C)CC(=O)N(C)C(N)=N3)c2)c1,,,391.52,random
CHEMBL3703730,FC(F)(F)c1ccc(-c2ccc3c(c2)CNCC3c2ccc(Cl)c(Cl)c2)nn1,,,424.25,random
CHEMBL1858390,CCC(CC)N/C(=N\O)c1ccc(C)nc1Oc1cccc(F)c1,,,331.39,random
CHEMBL161197,C[C@]1(C(=O)N2CCOCC2)CO[C@H](c2nc(-c3ccc(F)cc3)c(-c3ccnc(NC4CC4)n3)[nH]2)OC1,,,508.55,random
CHEMBL3696789,CC(C)(O)CC(=O)NC1CCN(c2ccc(Cl)c(-c3ccccn3)n2)CC1,,,388.9,random
CHEMBL3893636,CNC(=O)N1C(=O)N(c2cc(C(F)(F)F)ccn2)C2=C(C(=O)CC2)C1c1ccc(C#N)cc1S(C)(=O)=O,,,533.49,random
CHEMBL352782,Cc1cc(C)cc(-c2[nH]c3ccc(C(C)(C)C(=O)N4C5CCC4CC5)cc3c2[C@H](C)CNCCCCc2ccc3cnccc3c2)c1,,,626.89,random
CHEMBL464761,CN(C)CCC/N=C1\CC(c2ccc(Cl)cc2Cl)CC2Nc3ccc(Cl)cc3C(=O)C12,,,478.85,random
CHEMBL551059,Cc1cc(C(=O)N[C@@H](Cc2cccc(Cl)c2)C(=O)NCC#N)n(C)n1,,,359.82,random
CHEMBL2365878,CCCCCCCCCCCCCCCCCC(=O)OC[C@@H]1OC(OCCC[N+](C)(C)C)[C@@H](O)[C@@H](O)[C@@H]1O,,,546.81,random
CHEMBL2365958,CCCCc1c[n+](Cc2ccc(-c3ccccc3-c3nn[nH]n3)cc2)c(CO)n1Cc1ccc(-c2ccccc2-c2nn[nH]n2)cc1,,,623.74,random
CHEMBL2382336,CN(c1cc(F)c(F)c(F)c1)c1cnc2nc(N)nc(N)c2c1,,,320.28,random
CHEMBL230599,CN[C@@H](C)[C@@H]1CCN(c2c(F)cc3c(=O)c(C(=O)O)cn(C4CC4)c3c2OC)C1,PREMAFLOXACIN,2,403.45,random
CHEMBL2005567,N#CC(=C1CCCCC1)c1nc2ccccc2o1,,,238.29,random
CHEMBL1562579,CCN(c1ccccc1)S(=O)(=O)c1cc([N+](=O)[O-])ccc1N,,,321.36,random
CHEMBL1086972,Nc1[nH]ncc1-c1nnc(Nc2ccc3c(c2)OCO3)o1,,,286.25,random
CHEMBL3398568,O=C(O)c1sc(-c2cn(-c3ccccc3)nc2-c2ccccc2)nc1-c1ccccc1,,,423.5,random
CHEMBL323890,NCc1ccc2c(Cc3ccc(OCCN4CCCCC4)cc3)c(-c3ccc(OCCN4CCCC4)cc3)sc2c1,,,569.82,random
CHEMBL3915952,NCCCC[C@H](N)C(=O)N[C@@H](Cc1ccccc1)CN(CC(=O)NCC12CC3CC(CC(C3)C1)C2)C(=O)CC12CC3CC(CC(C3)C1)C2,,,659.96,random
CHEMBL3594394,CN(C)/[N+]([O-])=N/Oc1cc(SC[C@H](NC(=O)CC[C@H](N)C(=O)O)C(=O)NCC(=O)O)c([N+](=O)[O-])cc1[N+](=O)[O-],,,576.5,random
CHEMBL1339975,O=C(Nc1ccnn1C1CCN(C(=O)c2ccccc2C(F)(F)F)CC1)C1CC1,,,406.41,random
CHEMBL523890,CC1(C)CCC[C@@]2(C)[C@H]1C[C@@H](O)C1=CC(=O)[C@]3(C)CC[C@]12C3,,,302.46,random
CHEMBL568005,c1ccc(Cn2cc3c(n2)CCNCC3)cc1,,,227.31,random
CHEMBL3115946,C=CCCCCCCCCCN(O)/N=N/c1ccc(C(=O)O)cc1,,,333.43,random
CHEMBL4117897,CN1CCC(Nc2nc(Nc3ccc(Cl)c(F)c3)nc3ccccc23)CC1,,,385.87,random
CHEMBL1789195,CCn1c2ccc(C(=O)c3ccccc3)cc2c2c[n+](CC)ccc21,,,329.42,random
CHEMBL4211977,CC1(C#N)CCN(c2c(C(=O)N3CCN(S(C)(=O)=O)CC3)cnc3[nH]ncc23)CC1,,,431.52,random
CHEMBL1520174,C#CCNC(=O)C1CCN(c2ccc(S(=O)(=O)N3CCOCC3)cc2Cl)CC1,,,425.94,random
CHEMBL1445852,CCC(=O)Nc1cc(OC)c(NC(=O)c2ccccc2)cc1OC,,,328.37,random
CHEMBL3182959,CC(C)CCCCCCCOC(=O)CCCCC(=O)OCCCCCCCC(C)C,,,426.68,random
CHEMBL1300544,COc1ccc(-c2nnc3ccc(SCC(=O)NCc4ccco4)nn23)cc1OC,,,425.47,random
CHEMBL3585997,O=C1CCCc2cccnc21,,,147.18,random
CHEMBL245654,O=S(=O)(c1ccc(Cl)cc1Cl)N1CCC(c2nc3n(n2)S(=O)(=O)c2ccccc2N3c2ccccc2)CC1,,,590.51,random
CHEMBL303431,COc1ccc(S(=O)(=O)N2C(=O)CN(c3ccccc3)C2=O)cc1OC,,,376.39,random
CHEMBL4074150,CCCn1c(Oc2ccc(F)c(F)c2)nc2nc(C3CCCC3)[nH]c2c1=O,,,374.39,random
CHEMBL371092,COc1cc(CN2C(=O)N(Cc3ccc(O)c(OC)c3)N(C(=O)CCc3ccc(OC)c(OC)c3)C[C@@H](O)[C@H]2Cc2ccccc2)ccc1O,,,685.77,random
CHEMBL490080,CONC(=O)c1cn(C2CCCCC2)c2nc(Nc3ccc(CCN4CCCC4)cc3)ncc2c1=O,,,490.61,random
CHEMBL3945314,COc1cccc(-c2noc([C@@H]3CCN3C(=O)c3cc(C)ccc3-n3nccn3)n2)c1,,,416.44,random
CHEMBL2097110,Cc1ncc(CO)c(/C=N/CCCCCC/N=C/c2c(CO)cnc(C)c2O)c1O,,,414.51,random
CHEMBL1898389,COc1cc(C(O)c2nc(/C=C/c3ccccc3)cs2)ccc1F,,,341.41,random
CHEMBL4176999,C=C1C(=O)[C@@H]2C3=C(CC[C@@H]4C(C)(C)CCC[C@@]34C)C[C@H]1[C@@H]2O,,,300.44,random
CHEMBL1377874,Cc1cc(C)cc(OCC(=O)OCC(=O)N(CC(C)C)c2c(N)n(Cc3ccccc3)c(=O)[nH]c2=O)c1,,,508.58,random
CHEMBL412077,CC1(C)OC2OC(COc3nc(N)nc4[nH]cnc34)C3OC(C)(C)OC3C2O1,,,393.4,random
CHEMBL9735,CC(=O)N[C@@H](Cc1ccccc1)C(O)[C@H](Cc1ccccc1)NC(C)=O,,,354.45,random
CHEMBL4167259,Cc1ccc2c(c1)C(=O)[C@]1(O)CCN(c3cccc(C(N)=O)c3)C1=N2,,,335.36,random
CHEMBL432242,CCC1CN2C(=O)N(C)c3ncn(C)c3C2=N1,,,233.28,random
CHEMBL3415874,Cn1cc2c3ccccc3nc-2c2cccc(Cl)c21,,,266.73,random
CHEMBL1470903,CCCc1cc2c(=O)c(-c3ccc4c(c3)OCCO4)coc2cc1OS(C)(=O)=O,,,416.45,random
CHEMBL4293573,O=C(C1COC1)N1CCN(Cc2c(-c3ccc(Cl)cc3Cl)nc3ccc(-c4ncon4)cn23)CC1,,,513.39,random
CHEMBL190208,COc1ccc2c(=O)c(-c3ccccc3)c(Sc3nnc[nH]3)oc2c1,,,351.39,random
CHEMBL52614,CCC(=O)OCOP(=O)(COCCn1cnc2c(N)ncnc21)OCOC(=O)CC,,,445.37,random
CHEMBL4290961,COc1cc2c(cc1OC)CN(Cc1ccc(-c3ccc(O)cc3F)cc1)CC2,,,393.46,random
CHEMBL1992021,COc1ccc(NC(=O)C2C(=O)N(c3ccc(OC)cc3)C(=O)/C2=N/O)cc1,,,383.36,random
CHEMBL1668225,O=C(CSc1nc2ccc(NC(=O)c3ccc([N+](=O)[O-])cc3)cc2s1)NCc1ccc(Cl)cc1,,,513,random
CHEMBL2107009,C[N+]1(CC2COC(c3ccccc3)(C3CCCCC3)O2)CCCCC1.[I-],"OXAPIUM IODIDE",2,471.42,random
CHEMBL2159418,O=C(Nc1ccc(Cl)cc1)Oc1ccc2c(c1)CCCN2Cc1ccc(Cl)cc1Cl,,,461.78,random
CHEMBL3884268,COc1cc(NC(C)CCCNC(=O)NNC(=O)Nc2ccc(F)cc2)c2ncccc2c1,,,454.51,random
CHEMBL3288647,COc1cccc(-c2cc3n(C)c(=O)c4ccc(-c5ccccc5)cc4n3n2)c1,,,381.44,random
CHEMBL553985,COC(=O)[C@@H](c1cccc(OC)c1)[C@@H]1CCCCN1.Cl,,,299.8,random
CHEMBL3740942,COc1ccc(NC(=O)Nc2cccc(CNc3ncnc4ccccc34)c2)cc1,,,399.45,random
CHEMBL116315,COc1ccc(CNCC(O)COc2ccc3[nH]c(=O)ccc3c2)cc1OC,TOBORINONE,2,384.43,random
CHEMBL1081870,Cc1cccc(C)c1CNc1nccc2c1nc(C)n2C,,,280.38,random
CHEMBL3449385,Cc1ccc(S(=O)(=O)N2C[C@H]3C[C@H](NC(=O)c4cc(C)no4)[C@H]3C2)cc1,,,375.45,random
CHEMBL495104,C=CCOc1cc(OC)c(C(=O)/C=C/c2cc(OCC=C)c(Br)c(OCC=C)c2)c(OCC=C)c1,,,541.44,random
CHEMBL3754218,COc1cc(/C=C2\CCC/C(=C\c3ccc(F)c(F)c3)C2=O)ccc1O,,,356.37,random
CHEMBL4074659,CNCc1cccc(CCc2ccc3c(C)cc(N)nc3c2)c1.Cl.Cl,,,378.35,random
CHEMBL4114090,CCCN(CC1CC1)c1cc(C(=O)Nc2ccc(CN3CCC[C@@H]3COC)cc2C)ncn1,,,451.62,random
CHEMBL3907526,O=C(O)c1nccc(-c2ccc(OC3CCCC3)c(Cl)c2)n1,,,318.76,random
CHEMBL3477664,Cn1cccc1C(=O)N1CCC2(CC1)c1nc[nH]c1CCN2S(C)(=O)=O,,,377.47,random
CHEMBL1969927,Cc1nc(Nc2ccccc2)sc1C(=O)CC(=O)C(=O)NC12CC3CC(CC(C3)C1)C2,,,437.57,random
CHEMBL4205682,NS(=O)(=O)c1ccc(CCNC(=O)Cc2ccccc2Nc2c(Cl)cccc2Cl)cc1,,,478.4,random
CHEMBL4287858,O=C1C[C@@H](c2ccc(O)c(-c3c(O)cc(O)c4c3O[C@H](c3ccc(O)cc3)CC4=O)c2)Oc2cc(O)cc(O)c21,,,542.5,random
CHEMBL2181514,CC(NS(=O)(=O)c1ccccc1/N=C/c1c(O)ccc2ccccc12)c1ccccc1,,,430.53,random
CHEMBL3314845,O=C(Nc1cncc(Oc2cncc(F)c2)n1)c1ccncn1,,,312.26,random
CHEMBL561168,CCCn1c(=O)c2[nH]c(-c3ccc[nH]3)nc2n(CCCOC)c1=O,,,331.38,random
CHEMBL9552,CCOc1ccc(Sc2ccc(NC3=NCCN3)cc2)cc1,,,313.43,random
CHEMBL3500244,COCC1CN(S(=O)(=O)N(C)C)Cc2cnn(CC3CCCC3)c21.O=C(O)C(F)(F)F,,,470.51,random
CHEMBL3443643,O=C1CC(c2ccc(O)cc2)c2c(n3ccsc3nc2=O)N1,,,313.34,random
CHEMBL1376014,Cc1cc(Nc2ccccc2C(=O)O)n(-c2ccc([N+](=O)[O-])cc2)n1,,,338.32,random
CHEMBL1085551,Cl.Nc1ncc(-c2cccc(NC(=O)C34CC5CC(CC(C5)C3)C4)c2)[nH]1,,,372.9,random
CHEMBL1627817,CC/C(=C(/c1ccccc1)c1ccc(O)cc1)c1ccccc1.C[C@]12CC[C@@H]3c4ccc(O)cc4CC[C@H]3[C@@H]1CC[C@H]2O,,,572.79,random
CHEMBL3464374,CC(C)(C)OC(=O)N1CC(CC(=O)NCc2ccsc2)C1,,,310.42,random
CHEMBL1388314,O=C(CN(Cc1cccs1)C(=O)CNS(=O)(=O)c1ccc(F)cc1)NCC1CCCO1,,,469.56,random
CHEMBL1330428,CCCCN(C(=O)CCn1c(=O)oc2ccccc21)c1ccccc1,,,338.41,random
CHEMBL540222,Cc1ccccc1NC(=O)CSc1nccn1-c1ccc(Cl)cc1,,,357.87,random
CHEMBL3747516,CC(NS(N)(=O)=O)c1cccc(Oc2cc(F)cc(Nc3ccc(I)cc3F)c2C(N)=O)c1,,,588.37,random
CHEMBL199164,COc1cc(CSc2nc(O)c(C)c(Cc3c(Cl)cccc3Cl)n2)cc(OC)c1,,,451.38,random
CHEMBL198360,C[C@]12CCC3c4ccc(O)cc4CCC3C1Cc1c2n[nH]c1C(=O)O,,,338.41,random
CHEMBL3189806,CC1CC(Nc2ccccc2N)=CC(=O)O1,,,218.26,random
CHEMBL1923622,C[C@@H]1CN[C@@H](C2CC2)C(=O)N(C)[C@H](C)C(=O)N[C@H](Cc2ccccc2)C(=O)NCCCc2ccccc2O1,,,520.67,random
CHEMBL2144934,CCN(CC(=O)NCc1ccc(F)cc1)CC(=O)NC1CCCC1,,,335.42,random
CHEMBL3483766,C/C=C(\C)CN1C[C@@H](NC(=O)c2ccc(F)c(F)c2)C[C@H]1C(=O)NCC,,,365.42,random
CHEMBL10517,CCCCC(NC(=O)c1cc(-c2ccccc2)nc2ccccc12)c1ccccc1,,,394.52,random
CHEMBL4207010,Cc1cc(OCC(=O)OC(C)CN)cc(C)c1Cc1ccc(O)c(C(C)C)c1,,,385.5,random
CHEMBL1968462,CO/N=C/c1ccc(Oc2ccc([N+](=O)[O-])cc2[N+](=O)[O-])c(OC)c1,,,347.28,random
CHEMBL1715296,CCc1cccc2c(C(=O)C(F)(F)F)cn(CC(=O)NCC3CCCO3)c12,,,382.38,random
CHEMBL4110015,COc1cc(C(=O)N[C@H](C)c2ccc3c(c2)CCO3)ccc1-c1cn[nH]c1,,,363.42,random
CHEMBL1576399,Cc1occc1C(=O)Nc1sc2c(c1C(N)=O)CCCCC2,,,318.4,random
CHEMBL1564101,CCOC(=O)C1CCCN(S(=O)(=O)c2ccc3c(c2)CCN3C(=O)CC)C1,,,394.49,random
CHEMBL1802543,CN(C)CCNc1cc(-c2ccc(Cl)cc2)c(C#N)c2nc3ccccc3n12,,,389.89,random
CHEMBL1558719,Cc1ccccc1NS(=O)(=O)c1ccc(C(=O)OCC(=O)NCC(C)C)cc1,,,404.49,random
CHEMBL1401026,CN(C)S(=O)(=O)c1cccc(CSCc2cccc(S(=O)(=O)N(C)C)c2)c1,,,428.6,random
CHEMBL2177164,Nc1ncc(-c2ccc(S(N)(=O)=O)cc2)nc1C(=O)Nc1cccnc1,,,370.39,random
CHEMBL1558291,Cc1ccccc1CN1CCCNC1=O,,,204.27,random
CHEMBL1489444,Cc1nc(N)nc(-c2ccccc2O)n1,,,202.22,random
CHEMBL1740310,CN1CCC(OC(=O)COc2ccc(Cl)cc2Cl)CC1,,,318.2,random
CHEMBL469058,CC1(C)CC(=O)c2sc(N3CCCCC3)nc2C1,,,264.39,random
CHEMBL3448747,Cc1nc(C2CN(Cc3scnc3C)CCO2)cc(N(C)C)n1,,,333.46,random
CHEMBL1524322,CN1CCN(c2ccc(CNS(=O)(=O)Cc3cccc(C(F)(F)F)c3)cc2)CC1,,,427.49,random
CHEMBL3318950,CCOC[C@@H](CC(C)C)NC(=O)[C@@H]1CNC[C@H](C(=O)N(c2cc(OC)c(C(C)C)cn2)C2CC2)[C@@H]1O,,,504.67,random
CHEMBL1342960,O=C(NCC1CCCO1)c1cccc(Oc2ccc([N+](=O)[O-])cc2)c1,,,342.35,random
CHEMBL3085358,O[C@@](Cn1cncn1)(Cn1ncc2ccccc21)c1ccc(F)cc1F,,,355.35,random
CHEMBL476074,COc1cc2nccc(Oc3ccc4ccc(C(=O)Nc5cccnc5)cc4c3)c2cc1OC,,,451.48,random
CHEMBL1470619,CCn1c(C(=O)N2CCC(C(=O)NCCCSC3CCCCC3)CC2)cc2sccc21,,,461.7,random
CHEMBL1325602,O=C(Cn1c(=O)nc(-c2ccccc2)c2ccccc21)NCc1ccccc1Cl,,,403.87,random
CHEMBL4084770,CCN(CC)CCNC(=O)COc1ccc2oc3c(NCCN(CC)CC)c4ccccc4nc3c2c1,,,505.66,random
CHEMBL3891743,CC(C)COC(=O)Nc1nc2cc(C3(O)c4ccccc4C(=O)N3Cc3ccccc3)ccc2[nH]1,,,470.53,random
CHEMBL1457055,CC(C)(C)c1ccc(C(=O)c2c[nH]c(C(=O)NCCc3ccccn3)c2)cc1,,,375.47,random
CHEMBL3337596,CCCCc1nc2cc(C(=O)N3CCC4(CC3)Nc3cc(OC)ccc3-n3cccc34)ccc2o1,,,470.57,random
CHEMBL522448,Cc1[nH]n(-c2ccccc2)c(=O)c1C1(C(F)(F)F)C(=O)N(C)C2=C1C(=O)CC(C)(C)C2,,,433.43,random
CHEMBL3555888,Cc1ccc(CN2C[C@@H]3COC[C@H](NS(C)(=O)=O)[C@@H]3C2)o1,,,314.41,random
CHEMBL3251427,Br.COc1cccc(C23CCCC(C2)N(C)C3)c1,,,312.25,random
CHEMBL3641058,COc1ccc(NC(=O)c2ccc(C)c(Nc3ncnc4cnc(N5C[C@H]6C[C@@H]5CN6C)nc34)c2)cc1C(F)(F)F,,,564.57,random
CHEMBL3486425,CC(C)(C)c1ncc2c(n1)CN(C(=O)c1ccncc1)C2,,,282.35,random
CHEMBL236971,O=C(CSc1ccccc1)N1CCOCC1,,,237.32,random
CHEMBL431779,C=C1/C(=C\C=C2/CCC[C@]3(C)[C@@H]([C@H](C)Cc4cccc(C(C)(C)O)c4)CC[C@@H]23)C[C@@H](O)C[C@@H]1O,,,464.69,random
CHEMBL68791,CC(CN(C)C)C1CN(C)C(=O)c2cccnc2O1,,,263.34,random
CHEMBL157801,Clc1cccc2c1CN(CC1=NCCN1)CC2,,,249.75,random
CHEMBL3310723,Cc1cccc(C)c1NC(=O)c1ccc(Nc2nc(-c3ccc(OC(F)(F)F)cc3)c3cc[nH]c3n2)cc1,,,517.51,random
CHEMBL1365506,CC(Sc1nc(-c2ccccc2)cc(C(F)(F)F)n1)C(=O)NCCN1CCOCC1,,,440.49,random
CHEMBL1516087,CN(C)C(=O)c1ccc(NC(=O)c2ccccc2SCC(=O)N2CCCC2)cc1,,,411.53,random
CHEMBL1546512,Cn1cnnc1-c1cccc(NC(=O)c2cc(F)c(F)cc2Cl)c1,,,348.74,random
CHEMBL3443366,Cc1ccc(Sc2ccc(N3CCC(C(=O)O)CC3)nn2)cc1,,,329.43,random
CHEMBL3692763,Cc1cccnc1-c1cc(N2CCC(C(=O)N[C@@H]3c4ccccc4C[C@@H]3O)CC2)ncc1Cl,,,462.98,random
CHEMBL1366411,CCOc1ccc(NC(=O)C2CCN(S(=O)(=O)c3ccc4c(c3)N(C(C)=O)CCO4)CC2)cc1,,,487.58,random
CHEMBL3934796,O=c1[nH]c(CN2CC(c3ccc(F)cc3)C2)nn2c(C3CCOCC3)ncc12,,,383.43,random
CHEMBL1414636,Cc1ccc(-c2ccc(=O)n(CC(=O)NCCN(C)C)n2)cc1,,,314.39,random
CHEMBL3716486,Cc1cc2cc(-c3nc4ccc(C(=O)O)cc4nc3N(C)C(C)C)ccc2[nH]1,,,374.44,random
CHEMBL3086302,Cc1cc(C)c2cc(C(=O)NC(C)C)[nH]c2c1,,,230.31,random
CHEMBL3198004,CCOC(=O)/C=c1\s/c(=C\c2ccc(C(F)(F)F)cc2)c(=O)n1CC(=O)NCc1ccco1,,,480.46,random
CHEMBL475033,CCOc1ccccc1Oc1cccc(C(=O)Nc2nc(C)cs2)c1,,,354.43,random
CHEMBL62721,Clc1ncc(C2=CCCC3CCC2N3)cn1,,,235.72,random
CHEMBL1547165,Cc1ccc(NCc2nnc(SCC(=O)c3ccccc3)n2Cc2ccco2)c(C)c1,,,432.55,random
CHEMBL3719364,O=c1nc(OCC2COCCO2)cc2n1CCc1cc(OCc3ccccn3)ccc1-2,,,421.45,random
CHEMBL1269624,C=C1C(=O)O[C@@H](c2ccccc2)[C@H]1C,,,188.23,random
CHEMBL1517845,O=C(c1ccc(CSc2nc3ccncc3n2Cc2ccccc2F)cc1)N1CCCCC1,,,460.58,random
CHEMBL2064642,CNC(=O)[C@@]12C[C@@H]1[C@@H](n1cnc3c(NC)nc(C#Cc4ccc(Cl)cc4)nc31)[C@H](O)[C@@H]2O,,,452.9,random
CHEMBL3199397,CC(=O)OC(/C(O)=C(\C#N)c1nc2ccccc2[nH]1)c1ccccc1,,,333.35,random
CHEMBL85508,O=C(CCCN1CCC(NC(=O)c2ccccc2)CC1)c1ccc(F)cc1,,,368.45,random
CHEMBL1408035,O=C(CCNC(=O)Cn1ccc2ccccc2c1=O)NCc1ccc2c(c1)OCO2,,,407.43,random
CHEMBL196771,CC[C@H](Nc1cc2c(Nc3ccc(F)c(Cl)c3)c(C#N)cnc2cn1)c1ccccc1,,,431.9,random
CHEMBL1641848,Fc1ccccc1-c1nnc(N2CCC(N3CCCCC3)CC2)s1,,,346.48,random
CHEMBL1807367,O=C(N/C(C(=O)N1CCCCC1)=C(\Cl)c1ccccc1)c1ccc([N+](=O)[O-])cc1,,,413.86,random
CHEMBL1187218,N/N=C(\N)c1ccc(OCCCCCOc2ccc(/C(N)=N/N)cc2)cc1,,,370.46,random
CHEMBL4113852,Cc1nc([C@](C)(NC(=O)c2ccc(C3CC3)c(S(=O)(=O)CC(C)C)n2)C2CC2)no1,,,432.55,random
CHEMBL49552,CC(OC(=O)c1ccccc1F)c1cccc2nc3c(C(=O)O)cccc3nc12,,,390.37,random
CHEMBL441697,CC(C)[C@H]1NC(=O)[C@@H](Cc2ccc(O)cc2)NCCOc2ccccc2/C=C/CNC(=O)[C@H](CC(=O)O)NC1=O,,,552.63,random
CHEMBL142237,CC(C)CCCCN(CCCCCC(=O)O)S(=O)(=O)/C=C/c1ccc(NC(=O)[C@H]2CC[C@@H](C(C(=O)O)C(=O)O)CC2)cc1,,,622.78,random
CHEMBL3084965,COc1ccc(-c2ccc(S(=O)(=O)N[C@@H](C(=O)O)C3CCC(O)CC3)cc2)cc1,,,419.5,random
CHEMBL1701428,CC(=O)c1cnn(-c2ccc(Cl)c(Cl)c2Cl)c1C,,,303.58,random
CHEMBL4112388,Cc1c([C@H](O)CN2CCC3CN(CC(O)c4ccc(C#N)cn4)CC32)ccc2c1COC2=O,,,448.52,random
CHEMBL3764517,O=c1nc(N2CCOCC2)oc2ccc(-c3cccnc3)cc12,,,309.32,random
CHEMBL3982878,C=CC(=O)Nc1ccccc1C1CCNc2c(C(N)=O)c(-c3cc(F)c(F)c(Cl)c3)nn21,,,457.87,random
CHEMBL3277172,CN(C)CC(Br)c1ccc(Br)cc1,,,307.03,random
CHEMBL1371239,CCc1ccccc1S(=O)(=O)Cc1ccc(C(=O)N2CCN(c3ccccc3OC)CC2)o1,,,468.58,random
CHEMBL418671,CC(=O)Nc1ccc(CCN2C[C@@H]3COc4ccc(C#N)cc4[C@H]3C2)cc1,,,361.45,random
CHEMBL1583635,CCN(Cc1ccncc1)C(=O)c1cc(COc2ccc(OC)cc2Cl)on1,,,401.85,random
CHEMBL4291400,CCN1CCN(C2CCN(C(=O)COc3ccc(I)cc3)CC2)CC1,,,457.36,random
CHEMBL1526866,Cl.NNc1nc(-c2ccccc2)cs1,,,227.72,random
CHEMBL1336095,O=S(=O)(NCCSc1ccccc1)c1ccc2c(c1)OCCO2,,,351.45,random
CHEMBL191043,CCCC1(Cc2cccc3ccccc23)CC(=O)C(Sc2cc(C)ccc2C)=C(O)O1,,,432.59,random
CHEMBL2012459,CC(=O)c1c(Nc2cc(F)cc(F)c2)[nH]c2c([N+](=O)[O-])cc(Cl)cc2c1=O,,,393.73,random
CHEMBL592074,COc1ccc(Cl)cc1NC(=S)N1CCN(c2ccc(C#N)cc2)CC1,,,386.91,random
CHEMBL3500136,Cc1cccc(CN2C[C@@H]3CN(C(=O)c4ccsc4)C[C@@H]3C2=O)n1.O=C(O)C(F)(F)F,,,455.46,random
CHEMBL3474044,COCCN(CCOC)c1nc2c(s1)c(C)nn2C,,,284.38,random
CHEMBL3115803,COc1ccc(-c2cnc3[nH]c(-c4cc(NC(=O)N5CCCC5)ccc4F)nc3c2)cn1,,,432.46,random
CHEMBL212799,O=C1Nc2cc3c(-c4ccccc4)c(-c4ccccc4)n(-c4ccc(Cl)cc4)c(=O)c3cc2C(c2ccccc2)N1,,,554.05,random
CHEMBL1092348,C[C@H](Nc1cc(N(Cc2ccc(F)cc2)S(=O)(=O)c2ccc3ccccc3c2)ccn1)c1ccccc1,,,511.62,random
CHEMBL1532843,COc1nc(C)nc2c1sc(=S)n2C,,,227.31,random
CHEMBL3653625,O=C1OC[C@H](c2cccc(F)c2)N1c1ccn2ncc(-c3ccc(-c4nc[nH]n4)c(F)c3)c2n1,,,459.42,random
CHEMBL1445414,CC(C)C(=O)NC(=S)/C=C1/N(C)c2ccccc2C1(C)C,,,302.44,random
CHEMBL3431574,COc1ccc(Cl)cc1S(=O)(=O)N1CCOc2ccc(C(=O)Nc3ccc(C(=O)O)c(Cl)c3)cc21,,,537.38,random
CHEMBL1160746,Nc1ccn(C2C[C@@H](OP(=O)(O)OC[C@H]3OC[C@H](n4ccc(N)nc4=O)[C@H]3O)[C@@H](COP(=O)(O)O)O2)c(=O)n1,,,596.38,random
CHEMBL3779920,Oc1cccc(-c2cc(-c3ccsc3)cc(-c3cccc(Cl)c3)n2)c1,,,363.87,random
CHEMBL1622996,CC1CCN(CCC(=O)Nc2ccc(Cl)cc2)CC1,,,280.8,random
CHEMBL1984419,O=C(/C=C(\Nc1ccccc1O)c1ccc(Br)cc1)C(Cl)(Cl)Cl,,,435.53,random
CHEMBL1934523,COCCCS(=O)(=O)c1ccc(-c2ccc(CCN3CCC[C@H]3C)cc2)cc1,,,401.57,random
CHEMBL1428174,O=C(c1ccc2c3c(cccc13)C(=O)N(c1cccc(C(F)(F)F)c1)C2=O)N1CCN(c2ccccc2)CC1,,,529.52,random
CHEMBL126230,CO[C@H]1C[C@H](O[Si](C)(C)C(C)(C)C)O[C@@H](C)/C1=C/C=O,,,300.47,random
CHEMBL1194690,CC1=C(CC2=NCCN2C)CCc2ccccc21,,,240.35,random
CHEMBL1630685,O=C(Nc1nnc(-c2ccc(Br)cc2)o1)c1cccc(C(F)(F)F)c1,,,412.17,random
CHEMBL3822943,CCOc1nn(C2CCN(C(C)=O)CC2)cc1Nc1ncc(Cl)c(-c2cnn3ccccc23)n1,,,480.96,random
CHEMBL1165676,COc1ccc2cc3[n+](cc2c1OCCCCOc1ccc([N+](=O)[O-])cc1)CCc1cc2c(cc1-3)OCO2.[Br-],,,595.45,random
CHEMBL3970825,CC(C)Nc1cc(-n2ccc3cc(C#N)cnc32)ncc1C(=O)N[C@H]1CC[C@H]([N+](=O)[O-])CC1,,,447.5,random
CHEMBL1765869,O=C(c1ncco1)C1Cc2ccc(OCc3ccccc3)cc2C1,,,319.36,random
CHEMBL138679,CCCCCCCCCCCCC/C=C/C[C@H]1OC(=O)[C@](N)(CO)[C@@H]1O,,,369.55,random
CHEMBL3597628,Cc1c(Cl)cccc1CCCCOc1ccc(C#Cc2ccc(F)c3c(CCCC(=O)O)c(C)n(CCCC(=O)O)c23)cc1,,,618.15,random
CHEMBL1214522,Cc1ccc(NC(=O)c2ccccc2C)cc1,,,225.29,random
CHEMBL533423,O=C(NNC(=S)NCc1ccco1)C(F)(F)F,,,267.23,random
CHEMBL3262902,CCCOc1ccc2c(C)cc(=O)oc2c1,,,218.25,random
CHEMBL2133780,COc1ccc(C#Cc2cnc3c(c2)C(=O)N([C@@H](C)CO)C[C@@H](C)[C@@H](CN(C)CC2CCOCC2)O3)cc1,,,521.66,random
CHEMBL1449496,COc1ccc(S(=O)(=O)c2cn(Cc3ccccc3)c3cc(F)c(F)cc3c2=O)cc1,,,441.46,random
CHEMBL1501799,CCOc1ccc(N2C(=O)/C(=C\c3cccs3)C(=O)NC2=S)cc1,,,358.44,random
CHEMBL1579256,N#CC(c1ccccc1)c1ccc(C(=O)c2ccc(F)cc2)cc1,,,315.35,random
CHEMBL3276088,COc1ccc(CCNC2=NCCc3ccccc32)cc1OC.O=S(=O)(O)O,,,408.48,random
CHEMBL1571435,COc1ccccc1N/C=C/C(=C(C#N)C#N)N(C)C,,,268.32,random
CHEMBL1590368,COC(=O)c1ccc(-c2nc(-c3ccc(OC)c(OC)c3)no2)cc1,,,340.34,random
CHEMBL1598090,Cc1ccc(S(=O)(=O)N(C)C)cc1NC(S)=NCCc1ccccn1,,,378.52,random
CHEMBL3431011,O=C(Nc1nc2cc(Cl)ccc2o1)c1cccc(Cl)c1,,,307.14,random
CHEMBL3414658,COc1ccc(/C=C2\c3cc(OC)c(OC)c(OC)c3CC[C@H]2O)cc1C(N)=O,,,399.44,random
CHEMBL1190315,NCCNc1nc2c(cc1F)c(=O)c(C(=O)O)cn2-c1nccs1,,,349.35,random
CHEMBL1190340,CC(C)(N)C(=O)N[C@H](CCCc1ccccc1)C(=O)N1CCC2(CC1)C[C@H](C(=O)NCCCO)c1ccccc12,,,548.73,random
CHEMBL1311606,CCCN(CC(=O)Nc1ccccc1OC)C(C)C(=O)NC(C)CCc1ccccc1,,,425.57,random
CHEMBL3427253,Cc1noc(CC(C)(C)O)c1[C@@H]1C[C@@](C)(c2ccc(F)cc2F)N=C(N)S1,,,395.48,random
CHEMBL3276030,CC(C)(C)[C@H]1CC[C@H](NC(=O)N(CCCl)N=O)CC1,,,289.81,random
CHEMBL1698911,O=C(NCc1ccccc1F)C1CCCN1C(=O)Nc1cccc(F)c1,,,359.38,random
CHEMBL3314690,CCc1ccccc1[Se][Se]c1ccccc1CC,,,368.24,random
CHEMBL3976120,CN(CCC1CCN(C(=O)OCc2cc(Cl)cc(Cl)c2)CC1)C(=O)c1cc(O)[nH]n1,,,455.34,random
CHEMBL7585,CC(CCc1ccccc1)NCC(O)c1cc(C(N)=O)c2[nH]ccc2c1,,,351.45,random
CHEMBL2087992,O=C1C(O)=C(Sc2cccc3ccccc23)C(=O)C(Sc2cccc3ccccc23)=C1Sc1cccc2ccccc12,,,598.77,random
CHEMBL3989125,CCc1nc(N2CCN(c3ncccn3)CC2)c2cc(C)sc2n1,,,340.46,random
CHEMBL3677657,O=C(O)C1CCCN(CC(=O)N2CCc3c(n(Cc4cccc(F)c4)c4ncccc34)C2)C1,,,450.51,random
CHEMBL1971611,Cc1[nH]c2ccccc2c1/C=N/Nc1ccc([N+](=O)[O-])cc1,,,294.31,random
CHEMBL3640680,O=C(CCCCCCNC(=O)c1ccc(C2(c3ccccc3)OC(=O)c3ccccc32)cc1)NO,,,472.54,random
CHEMBL3704905,CS(=O)(=O)N1CCN([C@@H](CNC(=O)c2ccc(OCC3CC3)cc2)C(=O)NO)CC1,,,440.52,random
CHEMBL3885405,CCCCCCCC(=O)N[C@H]1[C@H](OC(C)=O)O[C@H](COC(C)=O)[C@@H](OC(C)=O)[C@@H]1OC(C)=O,,,473.52,random
CHEMBL3741893,N=c1sc(-c2ccc(Cl)cc2)nn1CC(=O)N1c2ccccc2Sc2ccccc21,,,450.98,random
CHEMBL3787333,Cc1cc(CN(C)C)ccc1OC1CN(C(=O)c2nnc(-c3ccccc3)o2)C1,,,392.46,random
CHEMBL3437905,Cc1ccc(Oc2ncccc2C(=O)N(C)CC2OCCO2)c(C)c1,,,342.4,random
CHEMBL1644071,NCc1cc(C(F)(F)F)ccc1CN(Cc1nc2ccccc2[nH]1)C1CCCc2cccnc21,,,465.52,random
CHEMBL4086560,COc1ccc(F)c(-c2ccc3c(NC(=O)c4ccc(N5CCCN(C)CC5)cc4)n[nH]c3c2)c1F,,,491.54,random
CHEMBL1524637,O=C1c2[nH]nc(-c3ccccc3O)c2C(c2cccc(OCc3ccccc3)c2)N1CCCO,,,455.51,random
CHEMBL3937254,CC1=C(c2cc(C(C)(C)N3CCCC3)ccc2NC(=O)c2ncc(C#N)[nH]2)CCCC1C,,,431.58,random
CHEMBL1488833,O=C(Nc1ccccc1)C1(c2ccccc2)CC1(Cl)Cl,,,306.19,random
CHEMBL244254,COc1ccc(C(=O)c2sc(Nc3ccc(F)cc3)c(C(=O)O)c2C)cc1,,,385.42,random
CHEMBL1333634,Cc1ccc(N/C([S-])=C(/C(=O)c2ccc(F)cc2)[n+]2ccccc2)cc1,,,364.45,random
CHEMBL1643515,NC1Cc2ccccc2N(c2ccc(Cl)c(Cl)c2)C1,,,293.2,random
CHEMBL155615,[N-]=[N+]=Nc1ccc(CCN2CCN(c3cccc(C(F)(F)F)c3)CC2)cc1I,,,501.29,random
CHEMBL3961516,O=C(c1ccc2cc(Oc3ccc(OC(F)F)cn3)ccc2n1)N1CCNCC1,,,400.39,random
CHEMBL3759866,COc1cccc(O[C@@H](CCOc2ccc(CC3SC(=O)NC3=O)cc2)c2ccccc2)c1,,,463.56,random
CHEMBL1561210,COc1ccc(C(=S)N2CCN(c3cccc(Cl)c3)CC2)cc1,,,346.88,random
CHEMBL1502501,Nc1nc(NC(=O)c2ccccc2Cl)nn1-c1ccccc1,,,313.75,random
CHEMBL2313588,CCOc1ccc2nc(N/C(=C\C(=O)c3ccc(Cl)cc3)SC)sc2c1,,,404.94,random
CHEMBL2179308,COc1ccc2c(c1)SCc1cnn(-c3ccc(S(N)(=O)=O)cc3)c1-2,,,373.46,random
CHEMBL293414,O=C(N1CCN(C(=O)N(c2ccccc2)c2ccccc2)CC1)N(c1ccccc1)c1ccccc1,,,476.58,random
CHEMBL295021,N[C@H](Cc1nc2cccc(Cl)c2cc1CP(=O)(O)O)C(=O)O,,,344.69,random
CHEMBL3196530,CCOc1ccc(/N=c2\oc3cc(O)ccc3cc2C(=O)NCC2CCCO2)cc1,,,408.45,random
CHEMBL4218541,COc1cc(NC(C)CCCNCC2CCC3(CC2)OOC2(OO3)C3CC4CC(C3)CC2C4)c2ncccc2c1-c1ccc(Cl)cc1,,,662.27,random
CHEMBL4165114,Cl.NC1=NC2(CCCCC2)N(Cc2cn(CCc3ccccc3)nn2)C(N)=N1,,,402.93,random
CHEMBL108777,O=C(Nc1cccc2ccccc12)c1cccnc1[S+]([O-])C(c1ccccc1)c1ccccc1,,,462.57,random
CHEMBL16390,CCC(c1cccc(NS(=O)(=O)c2ccc(Cl)cc2)c1)c1c(O)c2c(oc1=O)CCCCCC2,,,502.03,random
CHEMBL205097,Cn1cc(/C=C2\C(=O)NN=C2c2cnccn2)c2cc(F)ccc21,,,321.31,random
CHEMBL3358520,Cl.O=C(NCCCCN1CCN(c2ccccc2)CC1)c1ccc2ncccc2c1,,,424.98,random
CHEMBL1410253,CCCNC(=O)C(Cc1ccccc1)NS(=O)(=O)c1ccc2c(c1)c(=O)n(C)c(=O)n2C,,,458.54,random
CHEMBL500952,N#Cc1ccc2c(c1)NC(=O)/C2=C(\Nc1ccc(CN2CCCCC2)cc1)c1ccccc1,,,434.54,random
CHEMBL1368014,Cc1ccc(N(C)S(=O)(=O)c2c(-c3ccccc3)csc2C(=O)O)cc1,,,387.48,random
CHEMBL1865447,Cn1cnnc1SCC(=O)NC1CCCN(Cc2ccccc2F)C1,,,363.46,random
CHEMBL1801238,O=C(NO)c1cnc(N2C[C@@H]3[C@H](C2)[C@H]3NCc2ccc(Cl)cc2)nc1,,,359.82,random
CHEMBL1615437,C[N+]1(C)C2CCC1CC(OC(=O)C(O)c1ccccc1)C2,,,290.38,random
CHEMBL1701333,COc1ccc(C)cc1NC(=O)C1CCCCN1S(=O)(=O)c1ccccc1,,,388.49,random
CHEMBL3315112,C[C@@H](O)C[C@H]1OC[C@@H](C2CCCCC2)N(c2cc(C#CC(C)(C)C)sc2C(=O)O)C1=O,,,447.6,random
CHEMBL1345483,Cc1cc(N2CCCC2)nc2ccccc12,,,212.3,random
CHEMBL334165,CC(=O)c1c(O)nc2c(c1C)CC(c1ccncc1)CC2,,,282.34,random
CHEMBL137344,NCCCC[C@H]1NC(=O)[C@H](Cc2c[nH]c3ccccc23)SCCN(CCc2ccccc2)C1=O,,,478.66,random
CHEMBL9046,O=C(OCc1ccccc1)C(Cc1ccc(C(F)(F)C(=O)O)cc1)(Cc1ccc(C(F)(F)P(=O)(O)O)cc1)C(=O)OCc1ccccc1,,,688.56,random
CHEMBL1085660,CCCC[C@H](NC(=O)O[C@@H]1CN(C(=O)c2c(C)noc2C)CC1(C)C)C(=O)C(=O)N[C@H](C)c1ccccc1,,,526.63,random
CHEMBL2145135,COC(=O)C(C(=O)OC)[C@@H]1C=C[C@H](C[N+](=O)[O-])N(C(C)=O)C1,,,314.29,random
CHEMBL229136,O=C(CN1C(=O)S/C(=C\c2sc(Cl)nc2Cl)C1=O)c1ccc(Br)cc1,,,478.18,random
CHEMBL1161824,CC(C)(N)C(=O)N[C@H](Cc1c[nH]c2ccccc12)C(=O)N1CCC2(CC1)CS(=O)(=O)c1ccccc12,,,508.64,random
CHEMBL207572,Cc1ccc(-c2cnc(NC(=O)c3ccc(Br)cc3)s2)cc1,,,373.27,random
CHEMBL3717876,CCC(C)C(=O)Nc1ncc(Oc2cc(I)c(OC)cc2C(C)C)c(N)n1,,,484.34,random
CHEMBL1420157,CC(C)=CC(=O)OCc1cc([N+](=O)[O-])cc2c1OCOC2,,,293.28,random
CHEMBL3793161,CC(C)(CO)C(=O)SCCOP(=O)(NCc1ccccc1)OC[C@H]1O[C@@H](n2cnc3c(=O)[nH]c(N)nc32)[C@](C)(O)[C@@H]1O,,,626.63,random
CHEMBL1980612,COc1ccc2[nH]c(CCNC(=O)c3cc([N+](=O)[O-])cc([N+](=O)[O-])c3)cc2c1,,,384.35,random
CHEMBL1213976,O=C(Nc1ccc(OCCN2CCOCC2)cc1)Nc1ccc(Cl)c(C(F)(F)F)c1,,,443.85,random
CHEMBL110015,Cc1ccn2cc(-c3ccc(CCCCN4CCCCC4)cc3)nc2c1,,,347.51,random
CHEMBL1796582,Fc1ccc(/C=C/c2ccc(-c3cccs3)s2)cc1,,,286.4,random
CHEMBL1343016,CC(CN1CCC(n2nccc2NC(=O)C2CCCC2)CC1)c1ccccc1,,,380.54,random
CHEMBL3667100,CC(=O)N[C@@H](C)c1ccc(O[C@@H]2CCN(c3nc(N(C)CC(C)O)ncc3F)C2)cc1,,,431.51,random
CHEMBL1277598,CC[C@H]1O[C@@H](NC(=S)N/N=C/c2cccc(Cl)c2)[C@H](O)[C@@H](O)[C@@H]1O,,,373.86,random
CHEMBL581456,Cc1cccc(N=C2NC(=O)/C(=C\c3ccc(N(C)C)cc3)S2)c1,,,337.45,random
CHEMBL1883742,CCOc1ccc(OCC)c(NC(=O)C2CCN(S(=O)(=O)c3cn(C)cn3)CC2)c1,,,436.53,random
CHEMBL2170624,N=C(N)NC(=O)c1ccc(C2CCN(C(=O)C3CCCC3)CC2)c(C(F)(F)F)c1,,,410.44,random
CHEMBL199835,O=C1NCN(c2ccccc2)C12CCN([C@H]1CCC[C@H]1c1ccccc1)CC2,,,375.52,random
CHEMBL1878846,CN1CCC(NC(=O)NC2CCCCC2)CC1,,,239.36,random
CHEMBL1408947,COC(=O)Cc1ccc2c3ccccc3n(C)c2c1,,,253.3,random
CHEMBL3199769,Nc1nnnn1/N=C/c1ccccn1,,,189.18,random
CHEMBL309319,CC[C@@]1(C)C(=O)N(C(=O)N[C@@H](C)c2ccccc2)[C@H]1Oc1ccc(C(=O)O)cc1,,,396.44,random
CHEMBL4204620,Cl.O=C(NCCN1CCN(C(c2ccccc2)c2ccc(Cl)cc2)CC1)c1ccccn1,,,471.43,random
CHEMBL2324266,O=C(CSc1nc2c(c(=O)n1-c1ccccc1)SCC2)Nc1nc2ccc(C(F)(F)F)cc2s1,,,520.58,random
CHEMBL1324575,CC(C)c1nnc(NC(=O)C2CCCO2)s1,,,241.32,random
CHEMBL3400429,COCCCOc1cc(C(=O)N(C[C@@H]2CNC[C@H]2NC2CCCCC2)C(C)C)ccc1OC,,,461.65,random
CHEMBL3187705,C[C@H]1CN([C@@H](C)CO)C(=O)c2cccc(NC(=O)Nc3ccc4c(c3)OCO4)c2O[C@@H]1CN(C)CC1CC1,,,524.62,random
CHEMBL3633719,C[C@H](NC(=O)CNC(=O)c1ccccc1Cl)c1ccccc1,,,316.79,random
CHEMBL256969,CC#CCn1c(N2CCCC(N)C2)nc2cnn(Cc3nc4ccccc4o3)c(=O)c21,,,417.47,random
CHEMBL3581432,CC(C)CCNC(=O)Cc1ccc(O)c(Cl)c1,,,255.75,random
CHEMBL53232,CCc1c([C@@H](O)OC)[nH]cc2nc3cc(OC)c(OC)cc3c1-2,,,316.36,random
CHEMBL4082426,Fc1ccc2nc(Cl)c(Cn3nnnc3Cc3ccccc3)cc2c1,,,353.79,random
CHEMBL2068800,CC(C)(O)CCC[C@@H](C/C=C\C(O)(C(F)(F)F)C(F)(F)F)[C@H]1CC[C@H]2/C(=C/C=C3C[C@@H](O)C[C@H](O)C3)CCC[C@]12C,,,596.69,random
CHEMBL320257,CC(C)c1cc(C(C)C)c(S(=O)(=O)NC(Cc2cccc(C(=N)N)c2)C(=O)N2CCCC(C(=O)O)C2)c(C(C)C)c1,,,584.78,random
CHEMBL590243,CCCCCCOc1ccc(NC(=O)Oc2ccccc2F)cc1,,,331.39,random
CHEMBL1631669,O=C(Nc1cc(Cl)ccc1Oc1ccccc1)c1cc(Br)cc(Br)c1O,,,497.57,random
CHEMBL3913689,Cn1c(=O)c2c(nc(N3CCCC(N)C3)n2Cc2ccccc2C#N)n(-c2ccccc2)c1=O,,,455.52,random
CHEMBL335743,Nc1nc(Cl)c2ncn(C3CCCC3)c2n1,,,237.69,random
CHEMBL1878557,CC(C)(C)OC(=O)N1CCC(c2c(C(=O)N3CCN(C4CCCCC4)CC3)cnn2-c2ccccc2)CC1,,,521.71,random
CHEMBL464115,C=C[C@@]1(C)CC(=O)[C@H]2[C@](O)(C1=O)[C@H](OC(C)=O)C[C@H]1C(C)(C)[C@H](O)[C@H](OC(=O)c3ccccc3)[C@H](O)[C@@]12C,"ORTHOSIPHONONE C",,528.6,random
CHEMBL4214080,COc1ccc2nc3cc(Cl)ccc3c(NCCCN3C(=O)CSC3c3ccc(Br)cc3)c2c1,,,556.91,random
CHEMBL4176860,CCCCCCCC/C=C\CCCCCCCc1nc(-c2ccc(O)c(O)c2)n[nH]1,,,413.61,random
CHEMBL457273,O=[N+]([O-])c1ccc(S(=O)(=O)N2CC#Cc3cc([N+](=O)[O-])c([N+](=O)[O-])cc3C#CCC2)cc1,,,456.39,random
CHEMBL1975152,CCCCCCC(O)CC[C@H]1CCC[C@@H](C)N1,,,241.42,random
CHEMBL3134437,COc1ccc2c(/C=C3\Oc4cc5ccccc5cc4C3=O)cc(=O)oc2c1,,,370.36,random
CHEMBL309218,O=C(O)Cc1ccccc1OCc1ccc2ccccc2n1,,,293.32,random
CHEMBL1339682,CCN(CC)C(=S)NC(=O)c1ccc(F)cc1,,,254.33,random
CHEMBL1348063,O=C(CSc1nnc(C2COc3ccccc3O2)o1)N1CCCCC1,,,361.42,random
CHEMBL3557547,O=C([C@@H]1C[C@@H]2CCN(C3CCOCC3)C[C@H]2O1)N1CCOCC1,,,324.42,random
CHEMBL326761,C=C1CC[C@H]2C(C)(C)CCC[C@]2(C)[C@H]1CC=O,,,234.38,random
CHEMBL465895,CC(C)CCC[C@@H](C)[C@H]1CC[C@H]2[C@@H]3CCC4=C[C@@H](NCCCCN)CC[C@]4(C)[C@H]3CC[C@]12C,,,456.8,random
CHEMBL3682512,OC1(C(F)(F)F)c2[nH]c3cc(Cl)c(Cl)cc3c2CCC1F,,,342.12,random
CHEMBL343561,CCC(C)CC(=O)N[C@@H](Cc1ccccc1)C(=O)N[C@@H](CCS)C(=O)O,,,380.51,random
CHEMBL439617,CN1C=CC[C@@H]2[C@H]1N2S(=O)(=O)c1ccccc1,,,250.32,random
CHEMBL3127386,O=C(CN1CCc2sccc2C1)N/N=C/c1ccc(O)c(O)c1,,,331.4,random
CHEMBL481028,O=c1[nH]c(CCCCCCCCCCCCc2nsc(=O)[nH]2)ns1,,,370.54,random
CHEMBL76702,CCCCCc1cccc(OC(=O)NC2CCCCC2)c1,,,289.42,random
CHEMBL3502045,Cc1nc(COC[C@H]2CC[C@H]3[C@H](CCN3c3ncccn3)O2)cs1.O=C(O)C(F)(F)F,,,460.48,random
CHEMBL1729021,COc1ccc(Oc2c(Cl)cnn(-c3cc(C)cc(C)c3)c2=O)cc1,,,356.81,random
CHEMBL1561034,COc1ccccc1NCC(=O)NNC(C)C(=O)Nc1cccc(Cl)c1,,,376.84,random
CHEMBL467463,CC1(C)Cc2cc(/C=C/C(=O)NCc3ccc(NS(C)(=O)=O)c(F)c3)ccc2O1,,,418.49,random
CHEMBL3643950,COc1cc(C(=O)N2CCOCC2)ccc1Nc1ncc(Cl)c(OC2CCOCC2)n1,,,448.91,random
CHEMBL253947,CCN1CCc2cc(O)c(O)c3c2C1Cc1ccccc1C3,,,295.38,random
CHEMBL3503748,CN(C)CCN1C(=O)C2(CCN(CC3CC3)CC2)c2ccccc21.O=C(O)C(F)(F)F.O=C(O)C(F)(F)F,,,555.52,random
CHEMBL1916228,CCOC(=O)N1CCC(N2CCC[C@@H](NC(=O)c3cccc(OC)c3)C2)CC1,,,389.5,random
CHEMBL1554526,Nc1nc2ccccc2n1C(=O)c1ccc(Cl)cc1Cl,,,306.15,random
CHEMBL385371,COc1ccc2ccccc2c1OCCNC[C@H]1COc2cc3c(cc2O1)CCCC3.Cl,,,455.98,random
CHEMBL1475279,COc1ccc(-c2nnc(NC(=O)C3CCCN3S(=O)(=O)c3cccs3)o2)cc1,,,434.5,random
CHEMBL341097,CCOC(=O)c1c(N)sc2c1CCC2,,,211.29,random
CHEMBL3273795,CCCCCCCCCCCCCCCCOc1cccc(C(=O)OC)c1,,,376.58,random
CHEMBL362934,N#C/C(=C1/Nc2ccccc2S1)c1ccnc(N2CCNCC2)n1,,,336.42,random
CHEMBL1094199,COc1cc(O)c2c(c1)[C@@H]([C@H](O)C[C@H](O)[C@H](O)[C@@H](O)/C=C/C[C@H](C)O)OC2=O,"PAECILOMYCIN C",,398.41,random
CHEMBL4112625,C=CC(=O)Nc1ccccc1[C@H]1CCNc2c(C(N)=O)c(-c3ccc(Cl)cc3)nn21,,,421.89,random
CHEMBL90390,Oc1nc(O)c(Cl)c(NCCCCc2ccccc2)n1,,,293.75,random
CHEMBL3408087,CC(=O)Nc1ccc(-c2nc(-c3ccc(Oc4ccc(C(F)(F)F)cc4)cc3)no2)cc1,,,439.39,random
CHEMBL4165787,C=C1C(=O)O[C@@H]2/C=C(/C)[C@@H](OC(C)=O)C[C@@H](O)C(=C)C[C@@H](OC(=O)/C(=C\C)CO)[C@@H]12,,,420.46,random
CHEMBL3349174,CN(c1n[n+]2c(-c3ccccc3)csc2s1)c1n[n+]2c(-c3ccccc3)csc2s1.F[B-](F)(F)F.F[B-](F)(F)F,,,639.26,random
CHEMBL52159,C=CCNC(=O)COc1ccc(OCC(C)NCC(O)COc2ccccc2)cc1,,,414.5,random
CHEMBL3906870,O=C(N1CC=C(c2cc(=O)[nH]c3ccc(C(c4ccc(Cl)cc4)c4ccc(Cl)cc4)cc23)CC1)C(F)(F)F,,,557.4,random
CHEMBL3891115,COc1ccc(OC)c(N(CCNC(C)C)c2ccc3ncc(-c4cn[nH]c4)nc3c2)c1,,,432.53,random
CHEMBL1313965,Oc1ccccc1CNc1ncc(Br)cc1Br,,,358.03,random
CHEMBL79450,COc1ccc(S(=O)(=O)N2CCC(Oc3ccccc3)CC2)c(C(=O)NO)c1OC,,,436.49,random
CHEMBL3421789,COc1ccc(C2=NN(c3ccc(C(F)(F)F)cc3)C(c3cc(OC)c(OC)c(OC)c3)C2)c2c1C=CC(C)(C)O2,,,568.59,random
CHEMBL360098,CC(C)c1ccccc1Sc1ccc(-c2ccnc(N3CCC(O)C3)c2)cc1C(F)(F)F,,,458.55,random
CHEMBL114349,NC(=O)c1cc(C(O)CNCC2COc3ccccc3O2)ccc1O,,,344.37,random
CHEMBL552610,C=C[C@@]1(C)CC(=O)[C@]2(O)C3(C)C(C(OC(=O)C(C)N4CCCCC4)C(O)[C@@]2(C)O1)C(C)(C)CC[C@@H]3O.Cl,,,544.13,random
CHEMBL3185264,COc1cccc(-c2nnc(SCc3ccccn3)o2)c1,,,299.36,random
CHEMBL2203296,CCCCCCOc1cc(NC(=O)N[C@@H](C)c2ccccc2)ccc1OC,,,370.49,random
CHEMBL1808708,O=C1Nc2c(cccc2[N+](=O)[O-])C(=O)/C1=N/Nc1ccccc1[N+](=O)[O-],,,355.27,random
CHEMBL3487121,COC(=O)N1CC(C)=C(C)CN1C(=O)Nc1ccc(Cl)cc1,,,323.78,random
CHEMBL1481965,Cc1ccc(-c2nc(C3CCN(S(=O)(=O)c4ccc(C(C)(C)C)cc4)CC3)no2)cc1,,,439.58,random
CHEMBL3585757,CCOc1ccc(S(=O)(=O)N2CCN(C)CC2)cc1-c1nnc2c(n1)c(C)nn2-c1ccc(Cl)cc1,,,528.04,random
CHEMBL3793638,CCOc1cc([C@@H]2SCC(=O)N2NC(=O)c2cnc(C)cn2)ccc1O,,,374.42,random
CHEMBL1645285,CN(C)C(CNC(=O)C(=O)Nc1ccc(Cl)c(F)c1)N1CCCC1,,,356.83,random
CHEMBL3612469,CC(=O)NC[C@H]1CCc2ccccc2N1Cc1ccccc1,,,294.4,random
CHEMBL1512506,Cc1nc2c(c(C)nn2C(C)(C)C)c(C)c1CCC(=O)Nc1ccc(F)cc1,,,382.48,random
CHEMBL197997,Cc1csc(NC(=O)NC(=O)c2ccc(F)cc2Cl)n1,,,313.74,random
CHEMBL1377285,Cc1cccc(C(=O)NNC(=O)c2nnc(O)c3ccccc23)c1C,,,336.35,random
CHEMBL2418981,C[C@H](CCC(=O)N(C)C)[C@H]1CC[C@H]2[C@@H]3CC=C4C[C@@H](OC(=O)N5CCN(C)CC5)CC[C@]4(C)[C@H]3CC[C@]12C,,,527.79,random
CHEMBL1362649,COc1ccc(C)cc1NC(=O)c1cc(S(=O)(=O)N2CCCC2)cn1C,,,377.47,random
CHEMBL166314,C[N+](C)(C)CCOP(=O)([O-])OCCCCCC12CC3CC(CC(C3)C1)C2,,,387.5,random
CHEMBL1970516,COc1ccc(C(=O)Cc2ccc(Cl)cc2)cc1OC,,,290.75,random
CHEMBL3931593,COCCOC1CCN(c2cc(-c3n[nH]c4ccc(-c5cnn(C)c5)cc34)ncn2)CC1,,,433.52,random
CHEMBL1188703,CN(C(=O)Cc1cccc2sccc12)[C@@H]1CCCC[C@H]1N1CCCCCC1,,,384.59,random
CHEMBL1564904,CC(C)OCCCNC(=O)Cn1nc(-c2ccccc2)ccc1=O,,,329.4,random
CHEMBL1542552,CCn1c(SCC(=O)NC(C)(C)C)nnc1-c1ccccn1,,,319.43,random
CHEMBL3209194,COC(=O)C1C2c3ccccc3OC1(C)N=c1s/c(=C/c3cnn(C)c3)c(=O)n12,,,410.46,random
CHEMBL291966,CCOC(=O)c1cnc(/N=C(\Nc2cc(C)nc3ccccc23)NC2CCCCC2)s1,,,437.57,random
CHEMBL535511,CCc1cc2c(cc1OCCN(C)C)N(C(=O)Nc1ccc(-c3ccncc3)c(Cl)c1)CC2,,,465,random
CHEMBL1304843,COc1ccc(C(=O)Nc2ccc3c(c2)nc(CN2CCN(C(C)=O)CC2)n3C)cc1,,,421.5,random
CHEMBL3727887,O=C(c1ccc(O)cc1O)N(Cc1ccccc1)c1ccc(-c2nc3ccccc3nc2C(F)(F)F)cc1,,,515.49,random
CHEMBL3925631,O=C(O)Cc1cc(-c2ccc(F)c3c2CN(C(=O)OCc2ccccc2)CC3)ccc1Cl,,,453.9,random
CHEMBL3452269,O=C(COCCOc1ccccc1)NC1CCN(c2ccccn2)CC1,,,355.44,random
CHEMBL4093656,O=C(NCCCCN1CCN(c2cccc(Cl)c2Cl)CC1)c1cnc2ccccc2c1,,,457.41,random
CHEMBL1399941,N=C1SCC(=O)N1c1ccccc1Cl,,,226.69,random
CHEMBL1081427,CC(C)c1ccc(NC(=O)Oc2ccc3c(c2)[C@]2(C)CCN(CCc4cccnc4)[C@@H]2N3C)cc1,,,470.62,random
CHEMBL2335316,CCCC[n+]1ccn(C(c2ccccc2)c2cc3ccccc3o2)c1CC.[I-],,,486.4,random
CHEMBL485996,COc1ccc(/C=C\c2cc(OC)c3c(c2)OCO3)cc1NC(=O)[C@@H](N)CC(=O)[O-].[Na+],,,436.4,random
CHEMBL1906957,COC(=O)c1c2[n+](cc3cc(OC)c(OC)cc13)CCc1cc(OC)c(OC)cc1-2,,,410.45,random
CHEMBL3221672,CC[C@H](C)[C@H](NC(=O)c1csc([C@@H](NC(=O)OC(C)(C)C)[C@@H](C)CC)n1)c1nc(C(=O)OC)co1,,,508.64,random
CHEMBL1318946,CCC(C)(C)NC(=O)C(c1ccccn1)N(C(=O)c1csnn1)c1ccc(C)c(C)c1,,,437.57,random
CHEMBL1668497,[11CH3]n1nnc2ccc([C@H](c3ccc(Cl)cc3)n3cncn3)cc21,[N-METHYL-11C]VOROZOLE,,323.78,random
CHEMBL1362103,COc1cccc(C(=O)Nc2nnc(-c3ccc(OC)cc3OC)s2)c1,,,371.42,random
CHEMBL1408097,CC(=O)Nc1ccc(OCC(O)CN2CCN(c3ccc(C)c(Cl)c3)CC2)cc1,,,417.94,random
CHEMBL3676435,Cc1onc(C2CCC(F)CN2)c1COc1ccc(C(=O)NC2CCOCC2)cn1,,,418.47,random
CHEMBL1525615,O=C(NCCC1=CCCCC1)c1ccc(Cl)c(S(=O)(=O)N2CCCCC2)c1,,,410.97,random
CHEMBL3909658,Cc1cccc(NC(=O)Nc2cccc(-c3cc4ccccc4n3C(N)=O)c2)c1,,,384.44,random
CHEMBL1330091,CCCCOC(=O)c1cc(O)nc(O)n1,,,212.21,random
CHEMBL3896659,O=C(COc1cccc2c1OCCO2)NCC(O)CN1CCc2ccccc2C1,,,398.46,random
CHEMBL4094195,O=c1c2cc(O)c(O)cc2oc2cccc(O)c12,,,244.2,random
CHEMBL4209690,CC(C)n1ccnc1/C=C/C(=O)/C=C/c1cnc(N2CCCCC2)s1,,,356.5,random
CHEMBL1349523,O=C(CCS(=O)(=O)c1cccc2nonc12)N1CCCc2ccccc21,,,371.42,random
CHEMBL3110287,Oc1cccn(CCCCCn2cc(-c3ccccc3)nn2)c1=S,,,340.45,random
CHEMBL1272238,CCNC(=O)c1ccc2c(c1)NC(=O)/C2=C(\Nc1ccc(N(CCN(C)C)C(C)=O)cc1)c1ccccc1,,,511.63,random
CHEMBL3642145,C[C@@H]1CC[C@@H](Oc2cc(C#N)ccn2)CN1C(=O)c1ccsc1-c1ncccn1,,,405.48,random
CHEMBL3438709,Cc1nc(NC(=O)c2c(-n3cnnn3)sc3c2CCCC3)sc1C,,,360.47,random
CHEMBL3765919,NOCc1cccc(C(F)(F)F)c1,,,191.15,random
CHEMBL3186821,CCCCOC(=O)CCS,,,162.25,random
CHEMBL1515855,Cc1ccc(C2(C)NC(=O)N(CC(=O)N3CCN(C(=O)c4cccs4)CC3)C2=O)cc1,,,440.53,random
CHEMBL532028,COc1ccc(CCNC(=O)c2ccccc2O)cc1-c1ccc(C(C)(C)C)cc1,,,403.52,random
CHEMBL2070201,Clc1cccc(Nc2ncnc3ccc(NCc4ccc5c(c4)OCCCCO5)cc23)c1,,,446.94,random
CHEMBL4115115,Cc1cc([C@](C)(O)C#Cc2cc3c(cc2F)OCCn2c-3nc(C(N)=O)c2C(F)(F)F)no1,,,464.38,random
CHEMBL4203698,CCCCCCCCCC(=O)O[C@H]1C2=CC(=O)C(OC)=C(OC)[C@]23c2c(cc(OC)c(OC)c2OC)C[C@]3(C)[C@H]1C,,,570.72,random
CHEMBL3612440,Cc1ccc(NC(=S)N/N=C2\C(=O)Nc3c(Br)cccc32)cc1,,,389.28,random
CHEMBL1194336,O=C(O[C@H]1C[N+]2(CCCOc3ccccc3)CCC1CC2)C(O)(c1ccccc1)c1ccccc1,,,472.61,random
CHEMBL143864,CC(C)N1Cc2cccc3c2N(Cc2c(-c4noc(C5CC5)n4)ncn2-3)C1=O,,,376.42,random
CHEMBL1338777,CCOc1ccc(CCNC(=O)C[S+]([O-])Cc2nc(-c3ccc(OC)c(OC)c3)oc2C)cc1OCC,,,530.64,random
CHEMBL1185755,N[C@@H](CS)C(=O)Nc1ccc(NC(=O)C(c2ccccc2)c2ccccc2)c(C(=O)c2ccccc2)c1,,,509.63,random
CHEMBL2138404,CN(C)S(=O)(=O)c1cc(NC(=O)Cn2ccsc2=N)ccc1Cl.Cl,,,411.34,random
CHEMBL176829,CC(=O)N1c2ccccc2SC1c1cc(Cl)ccc1OCCCCN1CCC(C(=O)c2ccccc2)CC1,,,549.14,random
CHEMBL1163262,N#Cc1c(NC(N)=O)nc(SCc2nc3ccccc3[nH]2)nc1-c1ccccc1,,,401.45,random
CHEMBL1270341,Cc1c(C(=O)NCCN(C)C)cc(-c2ccc3ccccc3c2)n1-c1ccc(S(N)(=O)=O)cc1,,,476.6,random
CHEMBL1441285,Cc1nn(C)c(C(=O)NN=C(S)NCc2ccco2)c1Br,,,372.25,random
CHEMBL4127237,Cc1cc(C)cc(OCCSc2nnc(N)[nH]2)c1,,,264.35,random
CHEMBL1977547,O=c1[nH]nc(Cc2ccc([N+](=O)[O-])cc2)n1CCO,,,264.24,random
CHEMBL2325332,N#Cc1cc(S(=O)(=O)Nc2ncns2)ccc1Oc1cc(F)c(C(F)(F)F)cc1-c1ccnnc1,,,522.47,random
CHEMBL1965272,CCCCN(CCCC)CC(C(C)=O)C(c1ccccc1)c1c(O)c2ccccc2oc1=O,,,449.59,random
CHEMBL3489030,CC(=O)N1CCN(C(=O)Nc2cnc3c(cnn3C(C)C)c2)CC1,,,330.39,random
CHEMBL1505117,Cc1ccccc1Oc1ccc(NC(=O)C2CC=CCC2C(=O)O)cc1,,,351.4,random
CHEMBL402569,O=C(O)[C@H](Cc1ccc(O)cc1)NC(=O)N(CC1CCCCC1)C[C@H](O)C(=O)O,,,408.45,random
CHEMBL2385356,CCCCC[C@@H]1CN[C@H](C)CN1Cc1ccccc1,,,260.43,random
CHEMBL1979355,CCOC(=O)c1sc(=S)n(-c2ccc(Cl)cc2)c1-n1cc(-c2ccccc2)c(C#N)c1N,,,481,random
CHEMBL445715,CCOC(=O)[C@@]1(O)C[C@@H](OC(=O)/C=C/c2ccc(O)c(O)c2)[C@H](O)[C@H](OC(=O)/C=C/c2cc(OC)c(O)c(OC)c2)C1,,,588.56,random
CHEMBL1897805,COc1cnc(-c2ccccc2)c(-c2ccccc2)n1,,,262.31,random
CHEMBL4075368,Cc1nc(NC(=O)c2nccs2)ccc1Cl,,,253.71,random
CHEMBL4225103,C#CCOc1nc2cccc(C)c2c(=O)o1,,,215.21,random
CHEMBL198678,COC(=O)CN1C(=O)C2(CCN(Cc3cccc4ccccc34)CC2)c2ccccc21,,,414.51,random
CHEMBL1984941,O=c1c(-c2ccccc2F)c(Br)cnn1Cc1cccc2ccccc12,,,409.26,random
CHEMBL2381443,COc1ccc(C2NC(=O)NC(CCc3ccc(O)cc3)=C2C(=O)CCc2ccc(O)cc2)cc1,,,472.54,random
CHEMBL3288413,Cc1ccc2c(c1)nc(CCn1nc(C)c3cccnc31)n2-c1ccccc1,,,367.46,random
CHEMBL3400409,COc1cc(OC)c2c(-c3ccc(Br)cc3)c[nH]c2c1C(=O)C(=O)N1CCN(Cc2ccccc2)CC1,,,562.46,random
CHEMBL3120611,COc1cc(OC)c(C(=O)/C=C/c2ccc(O)cc2)c(OC)c1,,,314.34,random
CHEMBL543854,Cl.O=C(Nc1ccc(C(=O)N2C[C@H]3COCCN3Cc3ccccc32)c(Cl)c1)c1ccccc1-c1ccccc1,,,574.51,random
CHEMBL250605,CCCOC1c2ccccc2-c2c1c1cc(C)ccc1c(=O)n2C,,,319.4,random
CHEMBL140950,Cc1csc2nc([C@H](C)NC(=O)/C=C/c3ccc([N+](=O)[O-])cc3)oc(=O)c12,,,385.4,random
CHEMBL3898856,Cn1cc(-c2ccc(F)c(C(F)(F)F)c2)nc1C1CCN(c2ncnc(N)c2-c2ccc(C#N)c(F)c2)CC1,,,539.51,random
CHEMBL1671873,COc1cccc(C#Cc2csc(F)n2)c1,,,233.27,random
CHEMBL556780,Cl.N#C[C@@H]1CC[C@H](C#N)N1C(=O)CNC1(CO)CCCC1,,,312.8,random
CHEMBL3466428,CCN1CCc2c(cccc2NC(=O)N(C)C2CCSC2)C1,,,319.47,random
CHEMBL1553085,Cc1ccc(Nc2nc3ccccc3c3nnc(C)n23)c(C)c1,,,303.37,random
CHEMBL1382722,COC(=O)c1ccccc1NC(=O)Nc1cc(C)cc(C)n1,,,299.33,random
CHEMBL1507951,Cc1ccc(C(=O)CC2SC(N)=NC2=O)cc1,,,248.31,random
CHEMBL579264,CC(C)(C)OC(=O)n1ccc2cc(CNCC(O)(Cn3cncn3)c3ccc(F)cc3F)ccc21,,,483.52,random
CHEMBL190821,COc1ccc2c(c1)CC[C@@H]1CN(CCN3CCC(NC(=O)c4ccc5ccccc5c4)CC3)CCN21,,,498.67,random
CHEMBL97491,CC1(C)N=C(N)N=C(N)N1c1ccc(CC(C(=O)Nc2ccc(S(=O)(=O)F)cc2)c2cccc3ccccc23)cc1,,,572.67,random
CHEMBL1415303,CC(C)CCNC(=O)CCCOc1cc(=O)n(C)c2ccccc12,,,330.43,random
CHEMBL359878,CN(CC(=O)NN)c1nc2scc(-c3ccccc3)c2c(=O)n1-c1ccccc1,,,405.48,random
CHEMBL1342499,CC(C)(C)[C@@H]1C=C(C(=O)N2CCN(Cc3ccccc3)CC2)O[C@H](OCc2ccc(CO)cc2)C1,,,478.63,random
CHEMBL2397178,CC(=O)Oc1ccc(/C=C/C(=O)CCc2ccccc2)cc1OC(C)=O,,,352.39,random
CHEMBL334359,Cc1c(N2C[C@@H](C)[C@H](N)C2)c(F)cn2c(=O)c(C(=O)O)cc(C3CC3)c12,,,359.4,random
CHEMBL296265,N=C(N)NCCC(=O)N1CCN(c2ccnc3cc(Cl)ccc23)CCN(c2ccnc3cc(Cl)ccc23)CC1,,,565.51,random
CHEMBL4162344,Nc1[nH]c(C(=O)c2ccccc2)c(-c2ccccc2Cl)c1C(=O)c1cccc(Cl)c1,,,435.31,random
CHEMBL1836474,Cc1nc(N)c2c3c(sc2n1)CCCC3,,,219.31,random
CHEMBL1522247,CCN(CC)S(=O)(=O)c1ccc(C(=O)N2CCN=C2SCc2cccnc2)cc1,,,432.57,random
CHEMBL3233913,Cc1cc(C)cc(Cn2cc(C(=O)C3=C(O)C(=O)OC3)c3cc(Cl)ccc32)c1,,,395.84,random
CHEMBL1700959,CC(C)CN(C(=O)C(C)N1C(=O)c2ccccc2C1=O)c1c(N)n(Cc2ccccc2)c(=O)[nH]c1=O,,,489.53,random
CHEMBL88544,O=C(O)CCC[C@H](NC(=O)Oc1cc(F)c(N(CCI)CCI)c(F)c1)C(=O)O,,,640.16,random
CHEMBL3445137,O=C1[C@H]2CCCC[C@H]2C(=O)N1c1cnn(Cc2cccc(F)c2)c1,,,327.36,random
CHEMBL2180542,Cc1ccccc1C(=O)NC(C(=O)N1CCC(c2ccc(Cl)cc2)CC1)C(C)C,,,412.96,random
CHEMBL1878295,CN(Cc1ccccc1)C(=O)c1cccc(NC(=O)Cc2ccc(NC(=O)C3CCCN(C(=O)C4CCC4)C3)cc2)c1,,,566.7,random
CHEMBL281356,CCc1ccc(O)c(C(O)c2ccc([N+](=O)[O-])cc2)c1,,,273.29,random
CHEMBL2165411,CC(C)Oc1ccc(C2=NC(CSc3nc4ncccc4o3)CO2)cc1,,,369.45,random
CHEMBL427495,CC(C)C(=O)SCCCCCCC(=O)Nc1nc2ccccc2s1,,,364.54,random
CHEMBL1473241,CCC[C@H]1C[C@H](C(=O)NC(C(C)Cl)C2O[C@@H](SC)C(OP(=O)(O)O)[C@@H](O)[C@@H]2O)N(C)C1,,,504.97,random
CHEMBL1714445,O=C(NN=Cc1ccc(O)cc1O)c1ccccc1NS(=O)(=O)c1cccs1,,,417.47,random
CHEMBL3765662,Cc1ccn(-c2cc(Cl)ccc2[C@@H](Oc2cc(N3CCC(CCC(=O)O)CC3)nc(N)n2)C(F)(F)F)n1,,,538.96,random
CHEMBL1864588,O=[N+]([O-])c1ccc(CN2CC(N3CCC(Cc4ccccc4)CC3)CS2(=O)=O)cc1,,,429.54,random
CHEMBL3893128,COc1cc2c(Nc3ccc(Cl)c(Cl)c3)ncnc2cc1OCc1c(-c2c(Cl)cccc2Cl)noc1C,,,576.27,random
CHEMBL316636,NC(=O)c1nnn(Cc2cc(Cl)c(C(=O)c3ccc(Br)cc3)c(Cl)c2)c1N,,,469.13,random
CHEMBL1630399,Cc1c(CC(=O)N2CCC(C(=O)O)(c3ccccc3)CC2)c(=O)oc2c(C)c3occ(-c4ccc(Cl)cc4)c3cc12,,,570.04,random
CHEMBL515397,CC(C)Oc1cc(-c2ccc(CCNC[C@H](O)c3ccccc3)cc2)ccc1C(=O)NS(C)(=O)=O.Cl,,,533.09,random
CHEMBL4065004,CNCc1cccc(Cc2c([C@H](C)Nc3ncnc(N)c3C#N)cc3scc(C)n3c2=O)c1,,,459.58,random
CHEMBL106112,O=C1NC(=O)c2c1c1c3ccc(Br)cc3[nH]c1c1c2c2cccc3c2n1CC(CO)C3,,,474.31,random
CHEMBL478677,S=c1oc2c(Cl)cc(Cl)cc2c(=S)n1-c1cccc(Cl)c1,,,374.7,random
CHEMBL158183,CCCCOc1ccc(CNC=O)cc1,,,207.27,random
CHEMBL2325026,O=S(=O)(Nc1ncns1)c1cc(F)c(Oc2ccc(C(F)(F)F)cc2C2=CCNCC2)cc1F,,,518.49,random
CHEMBL1835156,COc1cc(Cn2cc(C(=O)Cc3ccccc3)nn2)cc(OC)c1,,,337.38,random
CHEMBL3974157,Cc1nn(CCCl)c(C)c1S(=O)(=O)NC(=O)c1ccc(N2CCN(Cc3ccccc3-c3ccc(Cl)cc3)CC2)cc1,,,626.61,random
CHEMBL4069042,COc1ccc(C2CC(c3c(O)ccc4ccccc34)=NN2C2=NC(=O)CS2)c(OC)c1,,,447.52,random
CHEMBL1435421,Cc1oc(-c2ccc(Cl)cc2)nc1CSCC(=O)NCc1ccccc1Cl,,,421.35,random
CHEMBL2288262,Cc1cc(C)nc(-n2ccnc2C)n1,,,188.23,random
CHEMBL3342079,C[C@H](CCCO)[C@H]1CC[C@H]2[C@@H]3[C@@H](O)C[C@@H]4C[C@@H](O)CC[C@]4(C)[C@H]3CC[C@]12C,,,378.6,random
CHEMBL82294,Cc1ncc(CO)c(/C=N/Nc2ncccn2)c1O,,,259.27,random
CHEMBL1161031,Cc1nc(/N=N/c2cc(CP(=O)(O)O)cc(CP(=O)(O)O)c2)c(COP(=O)(O)O)c(C=O)c1O,,,539.27,random
CHEMBL1509917,Cc1noc(C)c1C1(O)CCCCCCCCCCC1,,,279.42,random
CHEMBL314795,Cc1cccc2c1C1CC(CN(C)C)ON1c1ccccc1C2,,,308.43,random
CHEMBL446329,COC(=O)Nc1ccc2occ(CCNC(C)=O)c2c1,,,276.29,random
CHEMBL1517465,CSc1nc2ccccc2c(=O)n1C1CCCCC1,,,274.39,random
CHEMBL126888,CCOP(=O)(CNC(=O)[C@H](C)NC(=O)CCC(=O)O)N1CCCC1C(=O)N[C@@H](Cc1ccccc1)C(=O)Nc1ccc([N+](=O)[O-])cc1,,,674.65,random
CHEMBL1710441,CC(C)Oc1ccc(S(=O)(=O)N2CCOCC2)cc1NC(=O)C(C)Oc1ccc(F)cc1,,,466.53,random
CHEMBL1215238,CCOc1ccc2c(c1)CC(C(=O)Nc1ccc(-c3cn[nH]c3)cc1OCCN(C)C)NC2,,,449.56,random
CHEMBL3245589,CN(Cc1cnc2nc(N)nc(N)c2n1)c1ccc(NC(=O)NC(CCC(=O)O)C(=O)O)cc1,,,469.46,random
CHEMBL3686037,CCc1nn(Cc2ccc(OCc3ccc(OC(F)(F)F)c(Cl)c3)cc2)c(CC)c1CC(=O)O,,,496.91,random
CHEMBL3632744,CNC(=O)c1sc2ncnc(Nc3ccc(F)cc3OC(C)C)c2c1C,,,374.44,random
CHEMBL1484546,COc1cccc(C(=O)N(Cc2cccc(Cl)c2)Cc2ccco2)c1,,,355.82,random
CHEMBL4082830,Cc1nc2c(c(C)nn2-c2ccccc2)c(C)c1-c1ccc(C=O)cc1,,,341.41,random
CHEMBL1668510,Cc1c(Cl)ccc2c(=O)c(C(=O)NC34CC5CC(CC(C5)C3)C4)c[nH]c12,,,370.88,random
CHEMBL1393921,COc1ccccc1C(=O)Nc1ccc(OCc2nnc3c4ccccc4c(C)nn23)cc1,,,439.48,random
CHEMBL1603515,Cc1cccc2cc(CN(Cc3ccc(F)cc3)Cc3nnnn3C3CCCC3)c(O)nc12,,,446.53,random
CHEMBL4215315,CCCCn1cnc2c(Nc3cc(OC)cc(OC)c3)nc(N[C@H]3CC[C@H](N)CC3)nc21,,,439.56,random
CHEMBL184127,CC(C)C1CCC(N2CCC(N3c4ccccc4CNS3(=O)=O)CC2)CC1,,,391.58,random
CHEMBL1952070,O=C(N1CCCCC1)N1CC(OC(c2ccc(F)cc2)c2cccnc2Cl)C1,,,403.89,random
CHEMBL3751925,CC(=C1C(=O)N(c2ccc(Cl)cc2)N(c2ccc(Cl)cc2)C1=O)c1ccc(O)cc1,,,439.3,random
CHEMBL1521261,c1ccc(-c2nnn(C34CC5CC(CC(C5)C3)C4)n2)cc1,,,280.38,random
CHEMBL4068348,CNC(=O)c1cnc(Nc2ccc3ncsc3c2)cc1NC,,,313.39,random
CHEMBL3903755,COC(=O)C1CC(c2cnc(N)c(-c3ccc(C(=O)N[C@H](CO)c4cccc(Cl)c4)c(F)c3)c2)CN1,,,512.97,random
CHEMBL2261690,Cc1cc(-c2ccccc2)nn1-c1ccc(=O)n(CC(=O)N2CCN(c3ccc(F)cc3)CC2)n1,,,472.52,random
CHEMBL3658936,C[C@@H]1CN2c3c(cc4c(N5CCCCC5)noc4c3F)CC3(C(=O)NC(=O)NC3=O)[C@H]2[C@H](C)O1,,,471.49,random
CHEMBL1528270,CCN(c1ccccc1)S(=O)(=O)c1cc(CN2C(=O)c3cccnc3C2=O)ccc1OC,,,451.5,random
CHEMBL2358535,COc1ccc(CCc2nc3ccccc3n2C(CCc2ccccc2)c2nc3ccccc3[nH]2)cc1,,,486.62,random
CHEMBL307066,COc1cc2cc(C(=O)N3C[C@H]4C[C@@]45C3=CC(=O)c3ccccc35)[nH]c2c(OC)c1OC,,,430.46,random
CHEMBL1084394,CC(C)(CC(=O)NC1=C(C(=O)O)CCCC1)c1nc(-c2ccc(O)cn2)no1,,,386.41,random
CHEMBL4281688,C[C@@](OC(=O)/C=C/c1ccc(O)c(O)c1)(C(=O)O)[C@@H](O)CO,,,312.27,random
CHEMBL3468463,CCCC1CCCN(C(=O)Nc2ccnc(C(=O)N(C)C)c2)CC1,,,332.45,random
CHEMBL286885,COc1cc(C(=O)NS(=O)(=O)c2ccccc2C)ccc1Cc1cn(C)c2ccc(C(=O)NC/C(C)=C\C(F)(F)F)cc12,,,613.66,random
CHEMBL542633,Cl.N=C(Nc1ccc(CN)cc1)c1cccs1,,,267.79,random
CHEMBL3668810,COc1cc(Nc2nccc(-c3cn(C)cn3)n2)cc2cc(C(=O)N(C)C)[nH]c12,,,391.44,random
CHEMBL152319,NC1Nc2[nH]cnc2S(=O)(=O)N1,,,189.2,random
CHEMBL1963219,COc1ccc2cc3[n+](cc2c1NCCc1cccc(C)c1)CCc1cc2c(cc1-3)OCO2,,,439.54,random
CHEMBL3560308,COc1cccc(CN2C[C@@H]3N[C@H](C2)[C@H]3c2ccc(-c3ccncc3)cc2)c1,,,371.48,random
CHEMBL1522556,CCOc1ccc(OCc2ccc(C(=O)N3CCc4ccccc4C3)o2)cc1,,,377.44,random
CHEMBL1074,C#C[C@]1(O)CCC2C3CCC4=CC(=O)CCC4C3CCC21CC,,,312.45,random
CHEMBL3920439,C[C@H](O)c1ccc(-c2nc(C(=O)Nc3cnn(C)c3[C@@H]3CC[C@@H](N)[C@H](F)CO3)cs2)c(F)c1F,,,495.53,random
CHEMBL1475684,CCOc1ccc(-c2cc(C(=O)N3CCN(c4cccc(C)c4)C(C)C3)c3ccccc3n2)cc1,,,465.6,random
CHEMBL425360,COc1c([C@@H](O)CC(C)C)ccc2c1C(=O)Oc1cc(C)cc(OS(=O)(=O)C(C)C)c1O2,,,464.54,random
CHEMBL1864647,CCc1ccc(S(=O)(=O)N2CCN(c3ncccn3)CC2)cc1,,,332.43,random
CHEMBL3608567,CCn1cc(C(=O)O)c(=O)c2cc(F)c(N3CCN(C(=O)CCCNC(=O)c4cn(CC)c5cc6c(cc5c4=O)OCO6)CC3)cc21,,,647.66,random
CHEMBL3948055,Cc1ncc2ccc(C(=O)N3CCC[C@H]3c3ccc(Cl)cc3)cn12,,,339.83,random
CHEMBL3288631,C[C@@H](NC(=S)NC[C@@H](COC(=O)C(C)(C)C)Cc1ccc(C(C)(C)C)cc1)c1ccc(NS(C)(=O)=O)cc1,,,561.81,random
CHEMBL174891,CCN1CCOc2ccc([C@H](C)NC(=O)/C=C/c3ccccc3F)cc21,,,354.43,random
CHEMBL206305,O=S(=O)(c1ccccc1)C1(CCCCN2CCC(c3ccccc3)C2)CCC1,,,397.58,random
CHEMBL3980821,O=C(N[C@H]1CCC[C@@H]1Nc1ncc(C(F)(F)F)nc1C1CC1)c1ncccc1-c1ncccn1,,,469.47,random
CHEMBL1502863,CC(C)(C)C(=O)c1cnc(Nc2ccccc2Cl)s1,,,294.81,random
CHEMBL1351793,O=C(COC(=O)c1ccccc1NC(=O)c1ccco1)NCCC1=CCCCC1,,,396.44,random
CHEMBL498951,CC(C)CNc1nc(CCc2cccc3ccccc23)cc(N(Cc2cccc3ccccc23)C(=O)OC(C)(C)C)n1,,,560.74,random
CHEMBL3958994,O=C1CC[C@@H]2COc3ccc(Cc4n[nH]c(=O)c5c4CCCC5)cc3N12,,,351.41,random
CHEMBL3765341,Fc1ccc(-c2nnc(/C=C/c3ccc(Br)s3)o2)cc1,,,351.2,random
CHEMBL1192961,NC(=O)CC[C@H](N)C(=O)N[C@H](Cc1cn(C=O)c2ccccc12)C(=O)N[C@@H](Cc1ccccc1)C(=O)OCc1ccccc1,,,597.67,random
CHEMBL1573485,Cc1ccc(CSC2=NCCN2C(=O)c2ccc([N+](=O)[O-])cc2)cc1,,,355.42,random
CHEMBL3211627,C/N=C1/SC(CC(=O)Nc2cccc(C(F)(F)F)c2)C(=O)N1C,,,345.35,random
CHEMBL4081973,Cl.NCC1OB(O)c2cc(OCCCO)cc(Br)c21,,,352.42,random
CHEMBL76769,N=C(N)Nc1ccc(CNC(=O)N2CCN(C(=O)NC3CCC(c4ccccc4)(c4ccccc4)CC3)CC2)cc1,,,553.71,random
CHEMBL3214288,CCOc1ccc(C(=O)N/N=C/c2c(C)nc(O)nc2O)cc1,,,316.32,random
CHEMBL1894891,Cc1ccc(S(=O)(=O)N(C)C)cc1NC(=O)COC(=O)CCC1CCCCC1,,,410.54,random
CHEMBL378813,COc1cc(/C=C\Cc2cc(OC)c3c(cnn3C)c2)cc(OC)c1OC,,,368.43,random
CHEMBL589189,O=C(CN1CCN(C2CCCC2)CC1)Nc1ccc([N+](=O)[O-])cc1C(=O)Nc1ccccc1F,,,469.52,random
CHEMBL2178420,[N-]=[N+]=N[C@@H]1c2cccnc2[C@H](OC(=O)N2CCC(n3c(=O)[nH]c4ncccc43)CC2)CC[C@H]1c1cccc(F)c1F,,,560.57,random
CHEMBL4128685,COc1cc(O)c(C(=O)c2c(C)cc(O)cc2OC)c(O)c1,,,304.3,random
CHEMBL4284993,CCCCc1c(-c2ccc(C)cc2)nc(N)nc1-c1ccc(C)cc1,,,331.46,random
CHEMBL1825185,Cc1ccc(F)cc1Oc1c(C(=O)N2CCNCC2)c2ccnc(Cl)c2n1-c1ccccc1,,,464.93,random
CHEMBL3110119,O=C(CCSc1nc2c(c(=O)[nH]1)CCCC2)N[C@H]1CC[C@H](c2nnc(-c3ccccc3)o2)CC1,,,479.61,random
CHEMBL3908033,COC(=O)c1ccc(C(=O)Nc2ccc3[nH]nc(-c4ccc(F)cc4)c3c2)cc1,,,389.39,random
CHEMBL1534528,CCOC(=O)c1ccc(S(=O)(=O)NCC(C)(C)N2CCOCC2)cc1.Cl,,,406.93,random
CHEMBL3697240,Nc1ncc(-c2ccc(-c3ccc(C(F)(F)F)cc3O)cc2F)cn1,,,349.29,random
CHEMBL1363944,Cn1c(SCc2nc(-c3ccccc3)no2)nnc1-c1cccs1,,,355.45,random
CHEMBL1359974,CCOC(=O)c1ccc(N2C(=O)C3CCCN3C2=S)cc1,,,304.37,random
CHEMBL2005508,Cc1nc(O)nc2c1C(NCCCN(C)C)c1cc(Cl)ccc1N2,,,347.85,random
CHEMBL1318084,O=C(COc1cccc(Br)c1)Nc1ccc(N2CCOCC2)cc1N1CCOCC1,,,476.37,random
CHEMBL1420167,COC(=O)c1sc2ncccc2c1OCc1ccc(Cl)cc1,,,333.8,random
CHEMBL3445845,COc1cccc(CNC(=O)c2cc(C)nc(N3CCCCC3)n2)c1,,,340.43,random
CHEMBL3442189,O=C([C@H]1C[C@H]2[C@H](CCN2Cc2cccs2)O1)N1CCOCC1,,,322.43,random
CHEMBL3729614,CN1CC(C)(C)c2ccc(Nc3ncnc4c3CN(c3ncccc3Cl)CC4)cc21,,,420.95,random
CHEMBL169937,C[n+]1c2ccccc2cc2cc(N)ccc21.[Cl-],,,244.72,random
CHEMBL3922743,NC(=O)c1cc(-c2ccc(F)cc2)c2ccc(CN3CCC4(CCOC4)CC3)cc2n1,,,419.5,random
CHEMBL4302125,Clc1ccc(-n2cc(COc3ccc(-c4nc5ccc(Cl)cc5[nH]4)cc3)nn2)cc1,,,436.3,random
CHEMBL1347554,O=C(c1ccccn1)N1CCN(c2ccc(C(F)(F)F)cn2)CC1,,,336.32,random
CHEMBL1890092,CC1(C)CC(NC(=O)c2ccc(Cl)c(Cl)c2)CC(C)(C)N1,,,329.27,random
CHEMBL1270012,CNC(=O)c1cn(C)c2c1C(C)(C)Cc1cnc(Nc3ccc(N4CCOCC4)cc3)nc1-2,,,446.56,random
CHEMBL107341,O=C(O)/C(=C/c1ccc(Nc2c3ccccc3nc3ccccc23)cc1)c1ccccc1,,,416.48,random
CHEMBL1704154,COc1ccccc1NC(=O)c1ccc(NC(=O)COC(=O)C2CC2C)cc1,,,382.42,random
CHEMBL1591040,CCN(CC)S(=O)(=O)c1ccc(NC(=O)c2ccc3c(=O)n4c(nc3c2)CCCCC4)cc1,,,468.58,random
CHEMBL502240,C[C@H](O)CNCc1ccc2oc3cc(Cl)ccc3c(=O)c2c1,,,317.77,random
CHEMBL2219940,Cc1c2cc[n+]([C@H]3OC[C@@H](O)[C@@H](O)[C@@H]3O)cc2c(C)c2c1[nH]c1ccc(O)cc12,,,395.44,random
CHEMBL1979545,CC1c2[nH]c3ccccc3c2CCN1O,,,202.26,random
CHEMBL1980994,C[n+]1c(Cl)cn2c3nc4ccccc4nc3c([O-])c(C#N)c21,,,309.72,random
CHEMBL1414877,CN(C)C(=O)Oc1ccc(C(=O)c2ccccc2)cc1,,,269.3,random
CHEMBL2333085,Cc1cc(C)n2c1C=C1C=CC(CCC(=O)NCCNC(=O)CCc3ccccc3)=[N+]1[B-]2(F)F,,,466.34,random
CHEMBL37310,CCN(CC)CCCOC(=O)c1ccccc1-c1ccccc1,,,311.42,random
CHEMBL4127651,Cc1ccc(C2=NN(C(=O)Cc3ccccc3)C(O)(C(F)(F)F)C2)cc1,,,362.35,random
CHEMBL3220727,CCc1ccccc1OC(=O)c1ccc2c(c1)S(=O)(=O)NCN2CC,,,360.44,random
CHEMBL340925,O=C(O)CCC(NC(=O)c1cccc([N+](=O)[O-])c1)C(=O)NN1CCC2(CCCC2)CC1,,,432.48,random
CHEMBL4100241,CC(C)c1ccc(C(=O)/C=C/C=C/c2ccccc2)cc1,,,276.38,random
CHEMBL457448,N[C@@H](CNC(=O)c1cc([N+](=O)[O-])cc([N+](=O)[O-])c1)Cc1ccccc1,,,344.33,random
CHEMBL121619,Nc1cccc(Cn2cnc3ncnc(O)c32)c1,,,241.25,random
CHEMBL1739837,CC(CCCN(C)C)C(Cc1ccccc1)c1ccccc1,,,295.47,random
CHEMBL3590625,CCCCN1C(=O)/C(=C/NN2CCCCC2)C(=O)c2cccc(C)c21,,,341.46,random
CHEMBL3197812,COc1ccc(/C=N/NC(=O)C(=O)N2CCCCCC2)cc1[N+](=O)[O-],,,348.36,random
CHEMBL3618073,c1ccc(OCCCCn2c(N3CCOCC3)nc3ccccc32)cc1,,,351.45,random
CHEMBL1205398,CC(=O)N/C=C\[S+]([O-])C1=C(C(=O)O)N2C(=O)[C@@H](C(C)(C)OS(=O)(=O)O)[C@H]2C1,,,422.44,random
CHEMBL1605925,CCCn1c(O)nnc1SCC(=O)c1cc(C)n(-c2cc(C)on2)c1C,,,375.45,random
CHEMBL1584413,CCN(CC)CCNC(=O)Cn1nc(Cc2cccnc2)c2ccccc2c1=O,,,393.49,random
CHEMBL120588,CC(C)(C)c1ccc(Sc2c(N)ccc3nc(N)nc(N)c23)cc1,,,339.47,random
CHEMBL1829296,COc1cc2c(NC3CCN(C(C)C)CC3)nc(N3CCCN(C4CCCCC4)CC3)nc2cc1OCCCN1CCCC1,,,607.89,random
CHEMBL3503970,Cn1cc(CN2CC[C@H]3O[C@@H](COCc4cccnc4)CC[C@H]32)cn1.O=C(O)C(F)(F)F.O=C(O)C(F)(F)F,,,570.49,random
CHEMBL340064,COC(=O)[C@@H]1C(=O)C=C(Nc2ccc(OC(F)(F)F)cc2)C[C@H]1C,,,343.3,random
CHEMBL3392015,O=C1/C(=C/c2ccc(S(=O)(=O)O)cc2S(=O)(=O)O)CCc2ccccc21,,,394.43,random
CHEMBL3921319,O=C(Nc1ccc(NC(=O)c2ccc(F)cc2)nc1)c1ccncc1,,,336.33,random
CHEMBL1315289,CCCCn1c(SCC(=O)c2ccccc2)nc2sc3c(c2c1=O)CCCC3,,,412.58,random
CHEMBL1339116,Brc1ccc(-c2csc3[n+]2CCCCC3)cc1.[Br-],,,389.16,random
CHEMBL1087749,CC[C@@H](C)CC[C@H]1[C@@H](C)CC[C@H]2C(C)(C)CCC[C@]12C,LABDANE,,278.52,random
CHEMBL3892090,CCCN(CCC)C(=O)C1=Cc2ccc(C(=O)Nc3ccc(CCCCCN)cc3)cc2N=C(N)C1,,,489.66,random
CHEMBL3659705,CCOc1ccc(N2CC(Oc3ccc(CC(C)NC(C)=O)cc3)C2)cc1,,,368.48,random
CHEMBL1590617,Clc1cccc(-n2cc(-c3ccccc3)c3c(N4CCCCC4)ncnc32)c1,,,388.9,random
CHEMBL3431093,Cn1c(CC(=O)NNC(=O)c2ccc3ccccc3n2)nc2ccccc21,,,359.39,random
CHEMBL330279,COc1ccc2c(Cc3cccc(Cl)c3)ccc(C(C)C(=O)O)c2c1,,,354.83,random
CHEMBL2392736,Cc1csc(NC(=O)NC2C3CC4CC(C3)CC2C4)n1,,,291.42,random
CHEMBL4211433,O=C(CCCCCc1ccc(O)cc1)N1CCOC1=O,,,277.32,random
CHEMBL1568069,Cc1cc(Br)c(NC(=O)CN(C)CCOc2ccccc2)c(Br)c1,,,456.18,random
CHEMBL1330749,CC[n+]1c(S(=O)(=O)[O-])ccc2ccc(C)cc21,,,251.31,random
CHEMBL326717,CC1(C)N=C(N)N=C(N)N1CCc1ccccc1,,,245.33,random
CHEMBL3793149,O=C(NO)c1ccc(-c2cn([C@H]3C[C@@H](C(=O)O)N(CCCc4ccccc4)C3)nn2)cc1,,,435.48,random
CHEMBL1210620,CC(C)(C)OC(=O)N1c2ccccc2CC1C(=O)Nc1cccc(O)c1,,,354.41,random
CHEMBL3400270,CC[C@H](C)[C@H](N)CN(C(=O)[C@@H]1C[C@H]1c1ccccc1)c1ccc(-c2ccc(OC(F)(F)F)cc2)cc1,,,496.57,random
CHEMBL1426193,CCc1cccc(NS(=O)(=O)c2ccc3c(c2)n(C)c(=O)n3C)c1,,,345.42,random
CHEMBL3398121,COc1ccc(N2CCN(CC(O)c3ccc(Br)cc3)CC2)cc1,,,391.31,random
CHEMBL62832,C[C@@](Cc1c[nH]c2ccccc12)(NC(=O)OC1C2CC3CC(C2)CC1C3)C(=O)N[C@H](CO)[C@H](O)c1ccccc1,,,545.68,random
CHEMBL1889009,COc1cccc(OCc2cc(C3Nc4ccccc4C(=O)N3Cc3ccccc3)ccc2OC)c1,,,480.56,random
CHEMBL1583218,Cn1cc(S(=O)(=O)CC(=O)NC2CCCCC2)c2ccccc21,,,334.44,random
CHEMBL2324611,O=C(CCCCC1CCSS1)OC1CCN(CCCc2ccccc2)CC1,,,407.65,random
CHEMBL1455903,COc1ccc(F)cc1S(=O)(=O)NCCc1sc2nc(-c3ccc(F)cc3)nn2c1C,,,464.52,random
CHEMBL3555453,O=C1C[C@H]2[C@@H](CCN2C(=O)Cc2cccs2)N1Cc1cccnc1,,,341.44,random
CHEMBL3143587,NC1=C2C(Br)=CN([C@@H]3O[C@H](CO)[C@@H](O)[C@@H]3O)C2C(=O)N=N1,,,361.15,random
CHEMBL1576719,CCCCOC(=O)c1ccc(NC(=O)C(=O)NCc2cccnc2)cc1,,,355.39,random
CHEMBL1904593,C[C@H]1C(=O)N(S(=O)(=O)c2ccc([N+](=O)[O-])cc2)[C@H]1c1ccc(F)cc1,,,364.35,random
CHEMBL1450998,COc1ccc(NC(=S)NC(=O)c2ccc(Br)o2)cc1,,,355.21,random
CHEMBL2022024,CCC(C)C1=CC(/C=C/C(=O)c2cccs2)=C/C(=C\NCCNc2ccnc3cc(Cl)ccc23)C1=O,,,518.08,random
CHEMBL1992836,O=C(N[C@@H]1C/C=C\C[C@@H](CC(=O)N(CCO)Cc2ccccc2)C(=O)NCCOC1=O)OCC1c2ccccc2-c2ccccc21,,,625.72,random
CHEMBL2206393,FC(F)(F)c1cccc(C(F)(F)F)c1CC1=NCCN1,,,296.21,random
CHEMBL1923140,Cc1c(NCc2nnc(-c3ccc(Cl)cc3)o2)c(=O)n(-c2ccccc2)n1C,,,395.85,random
CHEMBL1762678,COc1ccc(C2=CC(=O)C(c3ccc(OC)cc3)=CC2=O)cc1,,,320.34,random
CHEMBL379607,Cc1cccc(-c2ccc(CC3NC(=O)c4cc(Cl)ccc4N(C)C3=O)cc2)c1,,,404.9,random
CHEMBL60637,O=C(O)CN1C(=O)C(=O)N(Cc2ccc([N+](=O)[O-])cc2)C1=O,,,307.22,random
CHEMBL4209651,CCOC(=O)c1cccc(NC(=O)c2nnc(C(=O)Nc3ccc(OCC(=O)O)cc3)s2)c1,,,470.46,random
CHEMBL3115216,O=C(NC1CCC2CN(S(=O)(=O)c3ccccc3)CC21)c1ccc(Cl)cc1Cl,,,439.36,random
CHEMBL4086442,CCCNNC(=O)c1ccc(CNC(=O)[C@H](Cc2c[nH]c3ccccc23)NC(=O)c2ccc(OC)cc2)cc1,,,527.63,random
CHEMBL1868543,C=CC[C@]12C[C@@H](OC)C(=O)C=C1O[C@@H](c1ccc(OC)c(OC)c1)[C@H]2C,,,358.43,random
CHEMBL1761501,CS(=O)(=O)Nc1ccc(-c2cc(C(N)=O)c3[nH]ccc3c2)cc1,,,329.38,random
CHEMBL3410475,O=c1c2ccccc2n(Cc2cn(Cc3ccc(Cl)cc3)nn2)c2ccc(Cl)cc12,,,435.31,random
CHEMBL2392831,CS(=O)(=O)N[C@H]1CC[C@H](Nc2nccc(-n3ccc4c(OCC5CCS(=O)(=O)C5)cccc43)n2)CC1,,,533.68,random
CHEMBL2177997,COc1c(N(C)C)cc(/C(CSc2ccccc2)=N/O)cc1C(C)(C)C,,,372.53,random
CHEMBL2251241,CS/C(C)=N/OC(=O)N(C)SN(C(=O)NC(=O)c1c(Cl)cccc1Cl)c1ccc(OC(F)(F)F)cc1,,,585.41,random
CHEMBL3964830,COCCNc1cc(NC(=O)N2CCCc3cc(N4CCOCC4=O)c(C=O)nc32)ncc1C#N,,,479.5,random
CHEMBL1539163,CCOc1ccc(-n2c(C)c(C(=O)OC)c3cc(O)ccc32)cc1,,,325.36,random
CHEMBL1558506,COc1ccc(/C=C/c2nc(N)nc(-c3ccccc3O)n2)cc1OC,,,350.38,random
CHEMBL3459897,O=C(c1ccn(-c2cccc(F)c2)n1)N1CCN(CC2CC2)CC1,,,328.39,random
CHEMBL3338205,CCCCC(=O)Nc1cc(/C=C/C(=O)c2ccc(OC)c3c2OC(C)(C)C=C3)ccc1OC,,,449.55,random
CHEMBL4277042,CN1CC[C@H]2CN(S(=O)(=O)c3ccc4c(c3)OCO4)C[C@@H]2C1=O,,,338.39,random
CHEMBL1998442,Cc1nc(C)c(N2CCN([N+](=O)[O-])CC2)c(O)n1,,,253.26,random
CHEMBL4088431,NS(=O)(=O)c1ccc(CC/N=C/c2cccc(/C=N/CCc3ccc(S(N)(=O)=O)cc3)c2)cc1,,,498.63,random
CHEMBL3604893,O=C(Nc1ccc(C(F)(F)F)cc1F)c1cc(Cl)ccc1O,,,333.67,random
CHEMBL3426493,C[C@H]1C(=O)[C@@]23C[C@H](O)[C@@H]4[C@@](C)(CO)CCC[C@@]4(C)C2=CC[C@]1(O)C3,,,334.46,random
CHEMBL3220877,NCC(=O)N1CCN(c2cnc3cc(C(F)(F)F)cc(NCc4cccc([N+](=O)[O-])c4)c3c2)CC1,,,488.47,random
CHEMBL1366051,O=C(COc1nncc2ccccc12)Nc1c(F)c(F)c(F)c(F)c1F,,,369.25,random
CHEMBL209451,O=c1c(Oc2ccc(F)cc2)coc2c(O)c(O)ccc12,,,288.23,random
CHEMBL39242,CSC1C(C(C)=O)O[C@@H](Oc2ccc(/C=C(\C)C(=O)N[C@@H]3[C@H](O)[C@@H](O)[C@H]4OCO[C@H]4[C@@H]3O)cc2O)[C@H]1O,,,541.58,random
CHEMBL4098605,CCCCCCn1cc(CN2C(=O)COc3ccccc32)nn1,,,314.39,random
CHEMBL2158438,O=c1cc(N2CCOCC2)nc(NCc2cccc(Cl)c2)[nH]1,,,320.78,random
CHEMBL562559,CC(C)=CCc1cc([C@@H]2CC(=O)c3c(O)c(CC=C(C)C)c(O)c(CC=C(C)C)c3O2)c(O)cc1O,"LESPEDEZAFLAVANONE H",,492.61,random
CHEMBL4242281,CNS(=O)(=O)c1cccc(CNC(=O)c2cnc(-c3cccc(F)c3)nc2C)c1,,,414.46,random
CHEMBL1271214,CC1(C)O[C@@H]2C3=C(/C(CO)=C\C=C/[C@@H](C4(O)CCCCC4)[C@@H]3c3ccccc3)[C@@H]2O1,,,408.54,random
CHEMBL381204,Cc1ccc2[nH]c3c(c2c1)CCCC3(C)C(N)=O,,,242.32,random
CHEMBL526374,Nc1cc2c(Oc3ccc(I)cc3)cncc2s1,,,368.2,random
CHEMBL44432,COC(=O)C1=C(C(=O)O)N2C(=O)[C@@H](NC(=O)Cc3cccs3)[C@H]2CC1,,,364.38,random
CHEMBL4072728,O=C(c1cccnc1)N1CCc2c(sc3ccc(F)cc23)C1,,,312.37,random
CHEMBL155206,CS(=O)(=O)c1ccc(-c2cnn(Cc3ccccc3)c(=O)c2Sc2ccccc2)cc1,,,448.57,random
CHEMBL4214538,CN1CCN(c2cc(CN(CCCCN)C3CCCc4cccnc43)ncn2)CC1,,,409.58,random
CHEMBL1982050,O=C(Cc1ccccc1)NN1C(=O)/C(=C\c2ccc(O)cc2)S/C1=N\c1ccccc1,,,429.5,random
CHEMBL3545413,Cc1ncc(NC(=O)c2ccc(CN3CCN(C)CC3)c(C(F)(F)F)c2)cc1Nc1nccc(-c2cccnc2)n1,FLUMATINIB,3,562.6,random
CHEMBL2218541,Cc1cccnc1N1CCN(Cc2ccc(F)cc2Cl)C(=O)C1=O,,,347.78,random
CHEMBL3974765,O=C(O)Cc1cc(Cl)cc(-c2ccc(F)c3c2CN(C(=O)OCc2ccccc2)CC3)c1,,,453.9,random
CHEMBL3946332,CC(C)(CO)n1cc(C(=O)c2cncc(NC(=O)Cc3ccc(Cl)cn3)c2)c2cnccc21,,,463.93,random
CHEMBL1183139,C[n+]1ccn(CC[N+](C)(C)C)c1/C=N/O,,,212.3,random
CHEMBL151991,CC(=O)Nc1cccc2c1C(=O)c1c(C)n[nH]c1-2,,,241.25,random
CHEMBL604364,CC[n+]1c(C=C2C=C(C)CC(C)C2)sc2ccccc21.[I-],,,411.35,random
CHEMBL3085219,CCCN(C(C)C)[C@@H]1COc2cccc(OC)c2C1,,,263.38,random
CHEMBL146634,O=c1oc2cccnc2n1CN1CCN(c2cccc(C(F)(F)F)c2)CC1,,,378.35,random
CHEMBL1314481,COC(=O)C1=C(c2ccc(-c3ccccc3)c(F)c2)C[C@@H]2CC[C@H]1N2C(=O)N1CCC(O)CC1,,,464.54,random
CHEMBL4110721,COc1cc(-c2nc(-c3ccnc(C)c3)c3n2C[C@@H](CF)OCC3)ccc1OC(F)(F)F,,,451.42,random
CHEMBL2272631,COc1cc(OC)nc(C(O)c2cccc(OC)c2NS(=O)(=O)C(F)F)n1,,,405.38,random
CHEMBL355829,N#Cc1c(N)cccc1NC(=O)C(=O)[O-].[Na+],,,227.16,random
CHEMBL2143193,COC(=O)[C@@]12C[C@@H](CC(=O)NCCCCc3ccccc3)C(=O)N(Cc3ccccc3)C1=CCC(C)(C)C2,,,516.68,random
CHEMBL1500708,O=C(NCCN1C(=O)S/C(=C\c2ccc(Cl)c(Cl)c2)C1=O)c1ccc2c(c1)C(=O)N(Cc1ccncc1)C2=O,,,581.44,random
CHEMBL186965,O=C(Nc1ccccc1O)c1ccccc1Cl,,,247.68,random
CHEMBL2349141,O=C(O)c1ccc(C(=O)Nc2ccc(C(=O)Nc3ccc(S(=O)(=O)Nc4nccs4)cc3)cc2)cc1,,,522.56,random
CHEMBL2137705,COc1ccc(C(C)=O)cc1CN1C(=O)C(C)ON=C1c1ccccn1,,,353.38,random
CHEMBL3903073,CCN(CC)c1cc2oc(=O)ccc2cc1-c1ccc(C#N)n1CC#N,,,346.39,random
CHEMBL1902721,Cc1ccc(SCCC(=O)NNC(=O)c2ccccc2F)cc1,,,332.4,random
CHEMBL1858314,C[C@@H]1[C@H]2C[C@@H](C[C@H]1NCc1coc(-c3sccc3Cl)n1)C2(C)C,,,350.92,random
CHEMBL1308613,O=C(O)CC/C(=C\c1ccc2c(c1)OCO2)c1nc2ccccc2s1,,,353.4,random
CHEMBL277407,O=C(OC1CCCCC1)c1cn2c(n1)sc1ccccc12,,,300.38,random
CHEMBL509980,O=CNCCc1ccc(O)cc1,,,165.19,random
CHEMBL236393,N#Cc1ccc(Oc2ccc(CCNCc3ccccc3)cc2)nc1,,,329.4,random
CHEMBL1349638,O=C(c1ccccc1NS(=O)(=O)c1ccccc1[N+](=O)[O-])N1CCOCC1,,,391.41,random
CHEMBL3905479,O=C1NC(=O)/C(=C/c2cnn3c(NC4CC4)nc(NCc4cccc(O)c4)nc23)N1,,,406.41,random
CHEMBL4165411,Cc1ccc(C(N)CC(=O)O)cc1,,,179.22,random
CHEMBL3503749,CC(C)N1CCC2(CC1)C(=O)N(CCN(C)C)c1ccccc12.O=C(O)C(F)(F)F.O=C(O)C(F)(F)F,,,543.51,random
CHEMBL1361419,O=C(c1cnccn1)N(c1ccccc1)C1(C(=O)NC2CCCCC2)CCCCC1,,,406.53,random
CHEMBL1381426,O=Cc1cn(CC(=O)N2CCCc3ccccc32)c2ccccc12,,,318.38,random
CHEMBL1669608,NC(=O)c1nn(-c2ccc(F)cc2)c2c1CCc1ccc(NC(=O)c3cc(N4CCN(Cc5cnn(CC(=O)O)c5)CC4)ncc3Cl)cc1-2,,,684.13,random
CHEMBL1831060,Cn1c(=O)c2c(-c3ccccc3)n3c(c2n(C)c1=O)C(c1ccc(C(F)(F)F)o1)Nc1ccccc1-3,,,492.46,random
CHEMBL2145286,C[C@H](CO)N1C[C@H](C)[C@@H](CN(C)Cc2ccc(Oc3ccccc3)cc2)Oc2c(NC(=O)Nc3cccc4ccccc34)cccc2C1=O,,,658.8,random
CHEMBL505876,O=C1c2cccc(O)c2C(=O)N1c1cc(Cl)cc(Cl)c1,,,308.12,random
CHEMBL2142076,COc1ccc(-c2csc(C(C)(NC(C)=O)c3ccccc3)n2)cc1,,,352.46,random
CHEMBL1701698,CC(C)CN(C(=O)c1ccc(Br)o1)C1CCS(=O)(=O)C1,,,364.26,random
CHEMBL3098620,Nc1ncnc2c1ncn2[C@H]1C[C@H]2[C@H](CO)[C@@H]1C[C@@H]2Cl,,,293.76,random
CHEMBL1808631,O=C(/C=C/c1ccc2c(c1)CN(S(=O)(=O)c1cccs1)C2)NO,,,350.42,random
CHEMBL575366,CCOC(=O)C1=C(NC)N=CN2CCN=C12,,,222.25,random
CHEMBL1578809,Cc1ccc2c(C(=O)CN3CCOCC3)c(C)[nH]c2c1,,,272.35,random
CHEMBL3555563,CC(C)N1CCO[C@H]2CN(C(=O)c3ccoc3)C[C@H]21,,,264.32,random
CHEMBL434665,CCCN[C@@H]1Cc2cccc3nc(O)n(c23)C1,,,231.3,random
CHEMBL3304208,COc1cc(/C=N/Nc2ccc(Cl)cc2)ccc1OC(=O)c1cccs1,,,386.86,random
CHEMBL87200,CN(C)c1ccc(-c2c[nH]c(SCCc3c[nH]cn3)n2)cc1,,,313.43,random
CHEMBL2314031,CCOC(=O)Cn1cc(-c2cccc(NC(=O)c3cn(CCOC(C)=O)nn3)c2)nn1,,,427.42,random
CHEMBL1412526,CCOC(=O)CN1C(=O)C(C)(C)Oc2ccc(C(=O)NC(C)(C)CC)cc21,,,376.45,random
CHEMBL3303515,C[C@@H]1CN(CCCc2ccccc2)[C@H]2C[C@H](N)C[C@]1(c1cccc(O)c1)C2,,,364.53,random
CHEMBL3488598,CCN1CCOC(CNCc2ccc(OCc3ccccn3)cc2)C1,,,341.46,random
CHEMBL3659007,C[C@@H]1CN2c3c(cc4c(-c5nccs5)noc4c3F)CC3(C(=O)NC(=O)NC3=O)[C@H]2[C@H](C)O1,,,471.47,random
CHEMBL342781,S=C(NCCN(Cc1ccc(Cl)c(Cl)c1)c1ccc(Br)cn1)NCc1nc2ccccc2[nH]1,,,564.34,random
CHEMBL3662822,C[C@H]1CN2CCC[C@H]2CN1C(=O)N1Cc2c(NC(=O)C3CCCCO3)n[nH]c2C1(C)C,,,430.55,random
CHEMBL2063743,N#CC1(c2cccc(C(=O)Nc3cc(Oc4ccc5nc(NC(=O)C6CC6)sc5n4)ccc3F)c2Cl)CC1,,,548,random
CHEMBL242401,COc1c2occc2c(OC)c2c(=O)c(CN3CCN(C)CC3)c(-c3cccnc3)oc12,,,435.48,random
CHEMBL3198453,COC(=O)c1ccc(/C=N/Nc2nc3ccccc3[nH]2)cc1,,,294.31,random
CHEMBL3494390,CC(C)OCc1ccc(CNC(=O)CC(F)(F)F)cc1,,,289.3,random
CHEMBL1308932,CCC(C)[C@H](NC(=O)NCCC1=CCCCC1)C(=O)O,,,282.38,random
CHEMBL1539717,CC1=C(C(=O)Nc2ccccn2)C(c2ccccc2)n2ncnc2N1,,,332.37,random
CHEMBL415696,CC1(C)N=C(N)N=C(N)N1c1cccc(CNC(=O)Nc2cccc(Cl)c2)c1,,,399.89,random
CHEMBL3298709,Nc1cc(N)cc(CSc2nnnn2-c2ccccc2)c1,,,298.38,random
CHEMBL1452912,CCOc1cccc(SCc2noc(C(=O)NCCOC)c2C(=O)O)c1,,,380.42,random
CHEMBL557144,C[C@H](Cc1ccc(Cl)cc1)Nc1nc2ccccc2s1,,,302.83,random
CHEMBL92680,O=C(OCC#CCCCC#CCS(=O)(=O)c1ccccc1)c1cccc2cc3ccccc3cc12,,,480.59,random
CHEMBL1378845,CN(C)c1c([N+](=O)[O-])cc2[nH]c(O)nc2c1[N+](=O)[O-],,,267.2,random
CHEMBL1822794,COc1cc2nccc(Oc3ccc(NC(=S)NC(=O)c4ccccc4)nc3)c2cc1OC,,,460.52,random
CHEMBL3145192,Cc1[nH]n(-c2ncc(-c3ccccc3)s2)c(=O)c1C(c1ccc(Br)cc1)C(C#N)C#N,,,490.39,random
CHEMBL3915726,Cc1ncc(Oc2ccc(Nc3ncc(NC(=O)C4CCOCC4)c(=O)n3Cc3ccc(Cl)cc3)cc2)cc1F,,,564.02,random
CHEMBL1739143,COC(=O)[C@H]1CCCN1C(=O)Cc1c(C)nc(CC(C)C)c(CN)c1-c1ccc(C)cc1,,,437.58,random
CHEMBL197657,COC(=O)C1CN1[C@@H](CCSC)C(=O)OC,,,247.32,random
CHEMBL1589344,CC(=O)Nc1nc(-c2ccc(Br)s2)cs1,,,303.21,random
CHEMBL1377305,COC(=O)c1cc2oc3ccccc3c2n1Cc1nc(-c2cccc(Cl)c2)oc1C,,,420.85,random
CHEMBL1626279,Cc1cc(C)nc(SCc2csc(-c3ccccc3)n2)n1,,,313.45,random
CHEMBL1333714,COC(=O)c1ccc(CNC(=O)CNc2cc(C(F)(F)F)ccc2N2CCOCC2)cc1,,,451.45,random
CHEMBL483101,CCCC1=C(O)c2c(oc(-c3ccccc3)cc2=O)C(CCC)(CCC)C1=O,"6,8,8-TRIPROPYL DESMOSDUMOTIN B",,380.48,random
CHEMBL2164956,COc1cc2oc(C)cc(=O)c2c(O)c1CC=C(C)C,,,274.32,random
CHEMBL550831,CCCCC/C=C\C/C=C\CCCCCCCC(=O)NCCc1ccccc1OC,,,413.65,random
CHEMBL3186540,CC(C)CCCCCOC(=O)c1ccccc1C(=O)OCCCCCC(C)C,,,390.56,random
CHEMBL3208230,CCO/C(O)=C1\C(C)=NC(SCC(N)=O)=C(C#N)C1c1ccccc1,,,357.44,random
CHEMBL4060848,CC(C)c1cc2oc(=O)n(CCC(=O)O)c2cc1Cl.NC(CO)(CO)CO,,,404.85,random
CHEMBL1419097,COC(=O)c1ccc(C)c(NC(=O)CCc2ccc(OC)c(OC)c2)c1,,,357.41,random
CHEMBL67689,O=C(CP(=O)(O)O)C1=CCCN[C@H]1C(=O)O,,,249.16,random
CHEMBL13673,COc1cc(Cc2cnc(N)nc2N)cc(OCCCCC(=O)O)c1OC,,,376.41,random
CHEMBL3188249,Cc1ccc(CN2C[C@H](Sc3ccccn3)C[C@H]2C(=O)Nc2ccc3sc(C)nc3c2)s1,,,480.68,random
CHEMBL1907165,C/N=C(\C[N+](=O)[O-])NCCSCc1ccc(CN(C)C)o1,,,314.41,random
CHEMBL1774143,COc1c(N2CC[C@@H](CNC3CC3)C2)c(F)cc2c(=O)c3c(=O)[nH]sc3n(C3CC3)c12,,,444.53,random
CHEMBL3471565,CN(C)Cc1nnc2n1CCN(Cc1ccccn1)CC2,,,286.38,random
CHEMBL1974939,CC(=O)O[C@H]1CC2C(C3CC[C@H](C(C)CCC(N)=O)[C@]31C)[C@H](OC(C)=O)C[C@@H]1CC3(CC[C@]21C)OOC1(CCC(C)CC1)OO3,,,633.82,random
CHEMBL2407326,CCC(=O)C(c1ccc(Cl)c(Cl)c1)C1CCNCC1.Cl,,,336.69,random
CHEMBL85134,O=C(O)CCCc1ccc(NC(=O)c2ccc3c(c2)OCO3)cc1,,,327.34,random
CHEMBL3456809,COc1ccnc(N2CCCN(c3nc(C4CC4)ns3)CC2)n1,,,332.43,random
CHEMBL77338,CCCCCCCc1noc([C@H](CC)NC(=O)[C@H](Cc2ccc(OP(=O)(O)O)cc2)NC(C)=O)n1,,,510.53,random
CHEMBL3342972,N#Cc1cc2c(Oc3ccc(F)cc3OCCn3ccc(=O)[nH]c3=O)cccc2o1,,,407.36,random
CHEMBL1501565,COc1ccc2nc(SC(C(=O)c3ccccc3)c3ccccc3)nc(C)c2c1,,,400.5,random
CHEMBL172592,Cc1ccc(S(=O)(=O)N2CCCC2CN[C@@H](CC(C)C)C(=O)NCC(N)=O)cc1,,,424.57,random
CHEMBL319423,C/N=C(\S)n1nccc1N,,,156.21,random
CHEMBL3769733,CC(=O)N1N=C(c2ccncc2)OC1c1ccc(Cl)c(Cl)c1,,,336.18,random
CHEMBL1415173,CCCOc1ccc(C(CC(=O)O)NC(=O)C23CC4CC(CC(C4)C2)C3)cc1,,,385.5,random
CHEMBL3752849,Cc1ccc2c(c1)C(O)(C#CC1CC1)C(=O)N2C,,,241.29,random
CHEMBL1995627,CCOC(=O)C(NC(=O)c1nc[nH]c1/N=N/N(C)C)C(C)C,,,310.36,random
CHEMBL163171,COc1ccc2c(c1)c(=O)n1nc(C(=O)O)cc1n2C,,,273.25,random
CHEMBL3361076,C#CCNC(=O)c1cc(C(=O)c2ccc(Cl)cc2)n2ccccc12,,,336.78,random
CHEMBL3337702,C/C=C/COc1cc(/C=C/C(=O)O)ccc1OC(=O)CCc1ccccc1,,,366.41,random
CHEMBL209681,N#Cc1ccc(-c2ccc(Cl)cc2COc2ccc(-c3nc4cc(C(=O)O)ccc4n3C3CCCCC3)cc2)cc1,,,562.07,random
CHEMBL4065467,CC(=O)c1cccc(Nc2nc(-c3sc(NC(=O)Nc4ccccc4)nc3C)cs2)c1,,,449.56,random
CHEMBL3475027,CCC1(C(=O)O)CCCN(CCOCc2ccccc2)C1,,,291.39,random
CHEMBL1448673,COc1ccccc1-c1nc(SCc2ccccc2F)n[nH]1,,,315.37,random
CHEMBL3139659,O=C(c1cnccc1C(F)(F)F)N1CCCC(Oc2ccc(C(F)(F)F)cc2)(C(=O)N2CCN(c3ccncn3)CC2)C1,,,608.54,random
CHEMBL3445738,CCn1nc(C)c2nc(C)nc(N(C)Cc3ccco3)c21,,,285.35,random
CHEMBL1581781,CNS(=O)(=O)c1cc(N)ccc1C,,,200.26,random
CHEMBL3643924,Cc1nc(N)nc(-c2cc(CN3CCN(S(C)(=O)=O)CC3)cnc2Nc2cncnc2)n1,,,456.54,random
CHEMBL88902,COC(=O)c1cc(B(O)O)cc([N+](=O)[O-])c1,,,224.97,random
CHEMBL1719798,COc1ccc(NC(=O)CCNC(=O)c2ccc([N+](=O)[O-])cc2)cc1S(=O)(=O)N1CCOCC1,,,492.51,random
CHEMBL1730250,CN(C(=O)CN1C(=O)NC(C)(c2cccc(Br)c2)C1=O)C1CCCCC1,,,422.32,random
CHEMBL20793,CCCCn1c(=O)c2c(ncn2S(=O)(=O)CCCC)n(CCCC)c1=O,,,384.5,random
CHEMBL3556109,COc1cc(N2C[C@@H]3COC[C@]3(COc3ncccc3F)C2)ncn1,,,346.36,random
CHEMBL1406122,COc1ccc(NC(=O)C(C)NS(=O)(=O)c2ccc(NC(C)=O)cc2)cc1Cl,,,425.89,random
CHEMBL488447,O=C1O[C@@H](Cn2ccnn2)CN1c1ccc(N2CCN(Cc3ccc(Cl)o3)CC2)c(F)c1,,,460.9,random
CHEMBL1224054,C=C1[C@@H](OC(=O)Cc2ccccc2)CC[C@@]2(C)C[C@H](OC(C)=O)C3=C(C)CC[C@@H]([C@@H](OC(C)=O)[C@H]12)C3(C)C,,,522.68,random
CHEMBL1598427,CCC(=O)Nc1nc(C)nc(C)c1C(C)=O,,,221.26,random
CHEMBL1543324,COc1ccc(OC)c(-c2nc(CN3CCCCC3c3cccnc3)c(C)o2)c1,,,393.49,random
CHEMBL1485769,CCCCC[C@@H](/C=C/C=C\CCCCCCCCCC(=O)O)OO,,,340.5,random
CHEMBL3104451,Fc1ccc(/C=C2\CNCC3C2NC(=S)NC3c2ccc(F)cc2)cc1,,,371.46,random
CHEMBL3322394,CS(=O)(=O)c1ccc(N2CCN=C2c2ccc(F)cc2)cc1,,,318.37,random
CHEMBL3339389,Cc1ccc(NC(=O)c2nc[nH]c2C(=O)Nc2ccc(F)cc2)c(-c2ccsc2)c1,,,420.47,random
CHEMBL352053,O=c1cc2c3cccnc3sn2c2ccccc12,,,252.3,random
CHEMBL570391,CC(Nc1nc(NCCO)nc(Nc2cccc(N)c2)n1)c1ccc(Nc2nc(NCCO)nc(Nc3cccc(N)c3)n2)cc1,,,624.71,random
CHEMBL3913845,Cc1cccc2cc(Cn3nc(-c4cccc(O)c4)c4c(N)ncnc43)n(C(C)C)c(=O)c12,,,440.51,random
CHEMBL1689800,COc1ccc2c(c1)[nH]c1c(O)cc(C=O)cc12,,,241.25,random
CHEMBL1708632,O=C(Nc1cccnc1)c1ccc(Cl)c(S(=O)(=O)N2CCOCC2)c1,,,381.84,random
CHEMBL45165,COc1ccc(C(=O)Nc2ccccc2Cl)cc1OC(C)=O,,,319.74,random
CHEMBL1874575,Clc1cccc(CNc2ccn3nc(-c4ccc(OCc5ccccc5)cc4)cc3n2)c1,,,440.93,random
CHEMBL3247553,C/N=C1/SC(Cc2c[nH]c3ccccc23)C(=O)N1C,,,273.36,random
CHEMBL4215827,COc1ccc(C(=O)Nc2ccccc2-c2nnc(-c3ccc(OC)cc3)o2)cc1,,,401.42,random
CHEMBL1738953,O=c1[nH]cc(-c2ccc(O)cc2)c2sc(-c3ccncc3)cc12,,,320.37,random
CHEMBL3210898,COc1cc(/C=N/NC(=O)CSc2nc3ccccc3n2C)cc(OC)c1OC,,,414.49,random
CHEMBL3905076,COC(=O)C1(NC(=O)c2cnc(N3CC(F)(F)C3)c(OCC3CC3)n2)CCC1,,,396.39,random
CHEMBL1533919,O=C(NCCC1=CCCCC1)NC1CCCCC1,,,250.39,random
CHEMBL2009573,O=C(CCCN1CCC2(CC1)NC(=O)c1ccccc1O2)c1ccc(F)cc1,,,382.44,random
CHEMBL3775254,CC/C(C)=C/C(=O)O[C@H]1[C@@H](C)C[C@@H]2O[C@@]1(O)[C@H](O)[C@]1(C)CC[C@@H](O1)C(C)(C)/C=C/[C@@H](C)C2=O,,,464.6,random
CHEMBL38346,CCOc1ccc(-n2cc(/C=N/O)[n+](C)c2)cc1.[I-],,,373.19,random
CHEMBL1701511,Cc1csc(N2CCCC2c2nc3cc(Cl)c(N4CCCCC4)cc3n2CCOCCO)n1,,,490.07,random
CHEMBL2007775,CNC(C)Cc1ccccc1O,,,165.24,random
CHEMBL1567075,O=C(COC(=O)CCc1c[nH]c2ccccc12)Nc1ccc([N+](=O)[O-])cc1,,,367.36,random
CHEMBL1991439,N#Cc1c(Sc2ncc(C(F)(F)F)cc2Cl)nsc1C/C=N\OCc1c(F)cccc1Cl,,,521.35,random
CHEMBL110208,O=CN1CCC[C@H]1C#CCN1CCCC1,,,206.29,random
CHEMBL131592,O=C(c1ccc(Br)s1)c1c(O)nc2cc(Cl)ccc2c1O,,,384.64,random
CHEMBL3473679,Cc1c(CN2C[C@H](O)[C@@H](N3CCOCC3)C2)[nH]c2ccc(F)cc12,,,333.41,random
CHEMBL1603445,Cc1ccc(-n2c(C)cc(C(=S)N3CCOCC3)c2C)cc1C,,,328.48,random
CHEMBL496888,CCCc1c(C)nc(N2C(=O)CSC2c2c(Cl)cccc2Cl)nc1C,,,396.34,random
CHEMBL352549,N#Cc1c(-c2cccc(NC(=O)CC(N)C(=O)O)c2)cc(-c2ccccc2O)nc1N,,,417.43,random
CHEMBL4083974,CCOC(=O)C(=C(c1ccccc1)c1ccccc1)c1ccccc1,,,328.41,random
CHEMBL1773895,COc1ccc(-c2cnc(C(=O)N3CCN(c4cnc5ccccc5c4)CC3)nc2-c2ccccc2Cl)cc1,,,536.04,random
CHEMBL1551841,COc1cccc(Cn2c(=O)c(C)nc3cnc(Nc4cccc(OC)c4)nc32)c1,,,403.44,random
CHEMBL192027,COc1cc(OC)cc(OCc2ccc(C(=O)O)cn2)c1,,,289.29,random
CHEMBL3357230,Fc1ccc(CNc2nc(N3CCCCC3)nc3ccccc23)c(F)c1,,,354.4,random
CHEMBL1819213,O=C(CC(Sc1ccccc1)c1ccc(O)cc1)c1ccccc1,,,334.44,random
CHEMBL1869379,CC1([N+](=O)[O-])COP(=O)(Nc2cccc(F)c2)OC1,,,290.19,random
CHEMBL4067310,c1ccc(-c2ccc(NCc3cncnc3)nc2)cc1,,,262.32,random
CHEMBL3251946,CN(C#N)[C@@H]1CCN2CCc3c([nH]c4ccccc34)[C@@H]2C1,,,280.37,random
CHEMBL189446,CCNC(=O)C1C(C)(C)C1(C)C,,,169.27,random
CHEMBL1500705,[2H]c1c([2H])c([2H])c(C(=O)c2sc(N3CCCCCC3)nc2-c2ccccc2)c([2H])c1[2H],,,367.53,random
CHEMBL1700085,N#Cc1ccccc1N/C=C/C(=O)c1ccc(Cl)cc1,,,282.73,random
CHEMBL1728975,CC1C(=O)N2CCCc3cc(S(=O)(=O)NCCc4ccccc4)cc1c32,,,370.47,random
CHEMBL1744508,Cc1ccccc1/C=C1\SC(=Nc2ccccc2)NC1=O,,,294.38,random
CHEMBL3904616,Cl.O=C(NC(Cc1ccc2cc(OCCCN3CCNCC3)ccc2c1)C(=O)O)c1ccccc1,,,498.02,random
CHEMBL460028,CN(C)C(=O)Cc1ccc(Br)cc1,,,242.12,random
CHEMBL3554765,O=C1N(c2cncnc2)CCC12CCCN(Cc1ccccn1)C2,,,323.4,random
CHEMBL2289559,CCOC(=O)C1(C(=O)OCC)SCC(N(C)C)CS1,,,307.44,random
CHEMBL1600481,CC(C)c1nc(SCC(=O)Nc2cnc(O)nc2O)c2cnn(-c3ccccc3)c2n1,,,437.49,random
CHEMBL1731018,C[C@H](CO)N1C[C@H](C)[C@@H](CN(C)C(=O)NC2CCCCC2)Oc2c(NS(=O)(=O)c3cccs3)cccc2C1=O,,,578.76,random
CHEMBL511977,COc1cc(Nc2nc(N[C@@H]3CCCC[C@@H]3N)n3cc(-c4ccccc4)nc3c2C(N)=O)cc(OC)c1,,,501.59,random
CHEMBL346040,O=C(O)c1cc(CCn2cnc3c2NC=NCC3O)c2c(c1Br)CCCC2,,,433.31,random
CHEMBL107946,Oc1ncccc1C(C#CC1CC1)(OCc1ccncc1)C(F)(F)F,,,348.32,random
CHEMBL202837,COc1cc(NC(=O)Cc2ccsc2)c(Cl)cc1NC(=O)Nc1cnc(C#N)cn1,,,442.89,random
CHEMBL1449545,CC(C)=CC(=O)Nc1ccccc1Br,,,254.13,random
CHEMBL278744,CC1(C)C=C(C(=O)NCCCCNC(=O)c2cccs2)C(C)(C)N1,,,349.5,random
CHEMBL1627150,CN[C@@H](C)C(=O)N[C@H](C(=O)N[C@@H](CCC/N=C(\N)N[N+](=O)[O-])C(=O)NNc1ccccc1)C(C)C.O=CO,,,539.59,random
CHEMBL4175359,Cc1cc(Nc2cc(N3CCOCC3)nc(Nc3ccc(F)c(Cl)c3)n2)n[nH]1,,,403.85,random
CHEMBL174591,CC(C)Cn1c(=O)n(C)c(=O)c2[nH]c(CCCO)nc21,,,280.33,random
CHEMBL2132455,CCCCn1nnnc1C(c1ccccc1)N1CCC(n2c(O)nc3ccccc32)CC1,,,431.54,random
CHEMBL4115008,C[C@@H](Nc1ncc(F)c(N2C(=O)OC[C@@H]2[C@@H](C)O)n1)c1ncc(Br)cc1F,,,444.24,random
CHEMBL4071816,CC(C)c1ccc(S(=O)(=O)n2cc(CN3CCN(C)CC3)c3c(Cl)cccc32)cc1,,,446.02,random
CHEMBL3114042,Cc1cc(C)cc(S(=O)(=O)n2c(SCC(=O)Nc3ccc(C)cc3Cl)nc3ccc(Cl)cc32)c1,,,534.49,random
CHEMBL1321044,CCCCn1c(SCC(=O)N2CCCC2)nc2cc(S(N)(=O)=O)ccc21,,,396.54,random
CHEMBL359535,NC(O)C1CCN(c2cc(-c3ccc(Sc4ccc5c(c4)OCCO5)c(C(F)(F)F)c3)ccn2)CC1,,,517.57,random
CHEMBL1717109,COc1ccc2[nH]c3c(c2c1)CCN1C(=O)C(CC(=O)NCc2ccc(OC)c(OC)c2)C[C@H](C(=O)N2CCCCC2)[C@@]31CCc1ccccc1,,,692.86,random
CHEMBL3929471,O=C(OC1CCN(c2ccccn2)CC1)N1CCN(C2CCC2)CC1,,,344.46,random
CHEMBL3952790,CC(C)CNC(=O)c1c(-c2ccc(COC(=O)c3ccc(O)cc3)cc2)oc2ccccc12,,,443.5,random
CHEMBL2105624,CCC1OC(=O)CC(O)C(C)C(O[C@@H]2O[C@H](C)C[C@H](N(C)C)[C@H]2O)C(CC=O)CC(C)C(=O)/C=C/C(C)=C/C1C,REPROMICIN,,565.75,random
CHEMBL3943738,CNC(C)C(=O)Nc1cc(-c2nn(C)c3ncnc(N)c23)cc(NC(=O)c2ccccn2)n1,,,446.48,random
CHEMBL4075211,COc1cccc(N2C(=O)OC(c3ccc(F)cc3)C2O)c1,,,303.29,random
CHEMBL1555377,Cc1ccc(S(=O)(=O)N2CCN(C(=O)COC(=O)/C=C/c3ccccc3[N+](=O)[O-])CC2)c(C)c1,,,487.53,random
CHEMBL199840,CC(C)([C@H](N)C(=O)N1C[C@@H](F)C[C@H]1C#N)S(=O)(=O)Cc1ccccc1,,,367.45,random
CHEMBL3883829,O=C(O)CCC[C@H](NC(=O)Cc1ccccc1)C(=O)O,,,279.29,random
CHEMBL2296064,COc1cc(-c2cc(=O)c3c(O)cc(O)cc3o2)c(OC)c(OC)c1OC,,,374.35,random
CHEMBL2170798,COC(=O)c1cnn(-c2nc(NC(C3CC3)C3CC3)c3ncn([C@H]4[C@H](O)[C@H](O)[C@@H]5C[C@@H]54)c3n2)c1,,,465.51,random
CHEMBL3229554,OC(CN1CCCCC1)c1cc(-c2ccc(Cl)cc2)nc2c(Cl)cc(Cl)cc12,,,435.78,random
CHEMBL4213572,CCC1CN(Cc2ccccc2)c2cc(Br)ccc2N1C(C)=O,,,373.29,random
CHEMBL3469319,O=C(NCCNCC1CNc2ccnn2C1)c1ccc(F)cc1,,,317.37,random
CHEMBL2111696,COC(=O)N1CCC[C@@H]1C#CCN1CCCC1,,,236.31,random
CHEMBL524159,CC(C)(C)OC(=O)N1CCC(CCCN2CCC3(CC2)C(=O)NCN3c2ccccc2)(c2ccccc2)CC1,,,532.73,random
CHEMBL462624,Nc1nccc(Oc2ccc(NC(=O)c3cccn(-c4ccc(F)cc4)c3=O)cc2F)c1Cl,,,468.85,random
CHEMBL597380,CCOC(=O)N1CCN(C(=O)[C@H](CCC(=O)O)NC(=O)c2cc(OCCCCO)cc(-c3ccccc3)n2)CC1,,,556.62,random
CHEMBL1968993,Sc1nnc(-c2cccnc2)[nH]1,,,178.22,random
CHEMBL1484987,CCCCCOc1ccc(Cn2ccnc2)cc1[N+](=O)[O-].Cl,,,325.8,random
CHEMBL4060910,Cc1[nH]nc2c1C(c1cc(N3CCC3)cc(C(F)(F)F)c1)(C(C)C)C(C#N)=C(N)O2,,,417.44,random
CHEMBL1900792,CCCCn1nc(C(=O)N(CC(C)C)c2c(N)n(CCCC)c(=O)[nH]c2=O)c2ccccc2c1=O,,,482.59,random
CHEMBL1770895,CCC[C@H](NC(=O)Cc1cc(F)cc(F)c1)C(=O)Nc1cn(C(C)(C)CNC(C)C)cn1,,,449.55,random
CHEMBL1351828,Fc1ccc(Br)cc1SCCc1ccncc1,,,312.21,random
CHEMBL2312852,COC(=O)CNCCCOc1ccc2cc(NC(=O)c3ccc(O)c(CC=C(C)C)c3)c(=O)oc2c1C,,,508.57,random
CHEMBL1406000,Oc1ccccc1C1=NOC(O)(C(F)F)C1,,,229.18,random
CHEMBL45164,CC(=O)c1ccc(N2CC(CN3C(=O)c4ccccc4C3=O)OC2=O)cc1,,,364.36,random
CHEMBL1834399,Cc1ccc(C2CC=CC(=O)O2)cc1,,,188.23,random
CHEMBL290723,C[C@@H]1O[C@@H](C[N+](C)(C)C)CC1=O,,,172.25,random
CHEMBL330775,CCC(CC)Cn1ccnc1,,,152.24,random
CHEMBL1557309,CCOC(=O)C(C)c1nc2ccccc2nc1O,,,246.27,random
CHEMBL1711524,Cc1ccc([C@@H]2CC=C(C(=O)O)[C@H](c3ccc(Br)cc3)N2S(=O)(=O)c2ccccc2C)cc1,,,526.45,random
CHEMBL3695618,CNC(=S)Nc1ccc2ncc(-c3ccc(N)cc3)nc2n1,,,310.39,random
CHEMBL4077572,COC(=O)c1ccccc1NC(=O)CSc1nc2ccncc2[nH]1,,,342.38,random
CHEMBL1434250,CC(=O)Nc1cccc(NC(=O)CSc2ncc(C(=O)Nc3ccccc3)c(=O)n2C)c1,,,451.51,random
CHEMBL2386076,O=C(O)Cn1c2c(c3ccccc31)CN(C(=O)c1cccc(Cl)c1)CC2,,,368.82,random
CHEMBL3467707,O=C1CCN(C(=O)CCc2cc(Br)cs2)CCN1,,,331.24,random
CHEMBL4287377,C[n+]1nn(-c2ccc(C#N)cc2)c2c1C(=O)c1ccccc1C2=O.O=S(=O)([O-])C(F)(F)F,,,464.38,random
CHEMBL1312522,Cc1c(Cl)cccc1N=C(S)Nc1ccc2[nH]c(O)nc2c1,,,332.82,random
CHEMBL1770463,Cc1nc(C(=O)C(C)Oc2ccc(SCc3ccc(Cl)cc3)cc2)sc1CCCC(=O)O,,,490.05,random
CHEMBL1288414,COC(=O)[C@H](Cc1ccc(O)cc1)NC(=O)CCCCCCCCCCNC(=O)CCCc1ccc(N(CCCl)CCCl)cc1,,,664.72,random
CHEMBL3468451,CC1CN(c2ccc(C#N)cn2)CCN1c1ccc2nncn2n1,,,320.36,random
CHEMBL1186722,NS(=O)(=O)c1ccc(CCCCOCCCCCCNC[C@H](O)c2ccc(O)c(CO)c2)cc1,,,494.65,random
CHEMBL1779080,CN1C(=O)/C(=N\NC(=O)c2ccc(Cl)cc2)c2ccccc21,,,313.74,random
CHEMBL153801,CCCCCCCCCS/C(S)=N/NC(=O)c1ccccc1,,,338.54,random
CHEMBL2138155,COc1cccc(C(C)(O)c2nc(-c3ccc(S(C)(=O)=O)cc3)cs2)c1,,,389.5,random
CHEMBL3617801,O=C(O)c1ccc(-c2cn(-c3ccc([N+](=O)[O-])cc3)nn2)cc1,,,310.27,random
CHEMBL454569,CC1(C)C=Cc2c(cc(O)c3c(=O)c4ccccc4[nH]c23)O1,,,293.32,random
CHEMBL198785,O=C(Cc1ccccc1)NCC1(N2CCN(C(=O)[C@@H](Cc3ccc(Cl)cc3)NC(=O)C3CCCC3)CC2)CCCCC1,,,593.21,random
CHEMBL1725476,CCCCc1c(O)cc(-c2ccncc2)n(-c2ccccc2)c1=O,,,320.39,random
CHEMBL4208105,O=C(NNC(=O)c1ncccc1O)c1cccc(C(F)(F)F)c1,,,325.25,random
CHEMBL2298864,O=C(NCC(=O)N1c2ccccc2Sc2ccccc21)NN1C(=O)C(Cl)C1c1cccc(Cl)c1,,,513.41,random
CHEMBL238452,c1cncc(N2C[C@@H]3CNC[C@@H]32)c1,,,175.24,random
CHEMBL1545822,O=C1CCC(C(=O)N2CCSCC2)CN1Cc1cccc(C(F)(F)F)c1,,,386.44,random
CHEMBL1868728,Cc1cc(NC(=O)CSCC(=O)OCc2nnc(-c3ccc(F)cc3)o2)no1,,,406.4,random
CHEMBL1619648,COC(=O)[C@@]12CCCCN1[C@H](c1ccc(SC3CCCCC3)cc1)[C@@H]1C(=O)N(C)C(=O)[C@@H]12,,,456.61,random
CHEMBL2397648,O=C(CCP(=O)(O)O)Nc1cccc(O)c1,,,245.17,random
CHEMBL1705666,CN(NC(=O)Nc1ccc(Cl)cc1)c1ncc(C(F)(F)F)cc1Cl,,,379.17,random
CHEMBL423177,O=C(c1ccc(Br)o1)N1Cc2c(nc3ccccc3c2O)C1c1ccc2c(c1)OCO2,,,479.29,random
CHEMBL3354977,COC[C@@H]1CN(c2noc3cc(OCCCC(F)(F)F)ccc23)C(=O)O1,,,374.32,random
CHEMBL1878816,Cc1ccc(S(=O)(=O)N(C)CC(=O)NCCCn2nc(C)cc2C)cc1,,,378.5,random
CHEMBL1586558,CC(=O)c1c(-c2ccccc2)[nH]c2ccccc12,,,235.29,random
CHEMBL3623050,CNC(=O)C1Cc2ccccc2CN1C(=O)COc1ccc(F)cc1,,,342.37,random
CHEMBL3974894,CCOC(=O)N1CC(N2CCC(c3cc(NC(=O)c4cnn5cccnc45)n(-c4ccc(C)cc4)n3)CC2)C1,,,528.62,random
CHEMBL572053,O=[N+]([O-])c1cn2c(n1)OC[C@@H](OCc1ccc(-c3ccc(C(F)(F)F)c(Cl)c3)cc1)C2,,,453.8,random
CHEMBL3628866,COc1ccccc1/C=C/C(=O)c1ccc(OCCCN2C(=O)/C=C/C(C)(C)C/C=C(\C)CC/C=C/2C)cc1,,,527.71,random
CHEMBL472241,C[n+]1ccc(Nc2ccc(NC(=O)c3ccc(N)cc3)cc2)cc1,,,319.39,random
CHEMBL4078751,O=C1CCN(C(=O)NCCc2nc(-c3cccc(F)c3)cs2)CC1,,,347.42,random
CHEMBL1892539,COc1ccc(S(=O)(=O)N(CC(=O)NCc2ccccc2)c2ccc(C)cc2)cc1OC,,,454.55,random
CHEMBL2095003,CC(C)(C)c1cc(C(c2ccccn2)N2CCOCC2)cc(C(C)(C)C)c1O,,,382.55,random
CHEMBL4128367,COc1ccc(C#Cc2ccccc2)cc1[C@@H]1O[C@H](CO)[C@@H](O)[C@H]1O,,,340.38,random
CHEMBL1990086,COc1ccc(C(F)(F)F)cc1NC(=O)O/N=C(/Cl)C(C)C,,,338.71,random
CHEMBL3623668,O=c1ccc2ccc(OCc3cn(-c4ccc(F)cc4)nn3)cc2o1,,,337.31,random
CHEMBL328523,CC1=CC(C)(C)Nc2cc3c(cc21)-c1ccc(Cl)cc1C3,,,295.81,random
CHEMBL398809,O=S(=O)(c1cccc(C(F)(F)F)c1)c1cn(C2CCNC2)c2ncccc12,,,395.41,random
CHEMBL1727854,COc1ccccc1CCNC(=O)CN1C(=O)NC2(CCCC2)C1=O,,,345.4,random
CHEMBL3323000,O=C(NCCCCN1CCN(c2ccnc3cc(C(F)(F)F)ccc23)CC1)c1cn2ccccc2n1,,,496.54,random
CHEMBL477369,COC(=O)CN1C(=O)[C@@H]2Cc3c([nH]c4ccccc34)CN2C1(C)C,,,327.38,random
CHEMBL547550,FC(F)(F)c1ccc2[nH]c(-c3cccc(-c4cccc(CNCC5CCCO5)c4)c3)nc2c1,,,451.49,random
CHEMBL2449480,Cc1ccc(OC[C@H](O)CN2CCN(c3cccc(C)c3C)CC2)c(C(=O)CCc2ccccc2)c1,,,486.66,random
CHEMBL263795,Cc1cc(I)cc(COC2C3CCN(CC3)C2C(c2ccccc2)c2ccccc2)c1,,,523.46,random
CHEMBL64959,CCOC(=O)c1c(F)c(N)c2c(=O)cc(-c3ccc(N)c(F)c3)oc2c1F,,,378.31,random
CHEMBL2142680,Clc1ccc([C@@]2(Cn3cncn3)C[C@@H](Br)CO2)c(Cl)c1,,,377.07,random
CHEMBL549163,CC(C)CNC(=O)c1cncc(-c2ccc(CNCCCc3ccccc3)cc2)c1,,,401.55,random
CHEMBL1222131,O=C(N[C@@H](CNC(=O)C1CCCCC1)C(=O)O)c1c(Cl)cc2c(c1Cl)CCN(C(=O)c1ccc(Cl)cc1)C2,,,580.9,random
CHEMBL1566877,Nc1cccc(-c2nc3ccc(N)cc3s2)c1,,,241.32,random
CHEMBL2419548,CN(C(=O)c1ccc2ncsc2c1)c1ccc(OCc2nc3ccccc3n2C)cc1,,,428.52,random
CHEMBL491160,C=CC(C)(C)c1cc(OC(C)=O)c(OC(C)=O)cc1-c1coc2cc(OC(C)=O)cc(OC(C)=O)c2c1=O,"FREMONTIN TETRAACETATE",,522.51,random
CHEMBL576985,CNc1ncc2cc(-c3c(C)ccc4c(Nc5ccc6c(c5)NC(=O)C6(C)C)nccc34)ccc2n1,,,474.57,random
CHEMBL1397798,CC(C)c1ccc(OCC(=O)NCC(c2ccc(Cl)cc2)N2CCOCC2)cc1,,,416.95,random
CHEMBL279774,CC(C)c1ccc2c(c1)C(NC(=O)c1ccc(F)cc1)[C@H](O)C(C)(C)O2,,,357.43,random
CHEMBL148221,COc1cc2ncnc(N3CCN(C(=O)Nc4ccc(C#N)cc4)CC3)c2cc1OCC(=O)O,,,462.47,random
CHEMBL1951662,CN(C)c1ccnc2sc3c(=O)n(-c4ccc(Br)cc4)ccc3c12,,,400.3,random
CHEMBL3642086,CCc1nn(Cc2cccc(C)n2)c2cccc(NC(=O)c3cnc4cc(CN5CCNCC5)ccn34)c12,,,508.63,random
CHEMBL4162266,CCCNCCc1cn(C(c2ccc(OC)c(OC)c2)c2nc3ccc(CC)cc3s2)nn1,,,465.62,random
CHEMBL35554,O=C1CCCC2Nc3ccnn3[C@@H](c3ccc(F)c(Br)c3)C12,,,364.22,random
CHEMBL3183901,COc1ccc(CN2CCOc3ccc(C(O)c4cccnc4)cc3C2)cc1O,,,392.46,random
CHEMBL1423262,O=C(OC1CCOC1=O)c1cccc(S(=O)(=O)Nc2ccc(F)cc2)c1,,,379.37,random
CHEMBL360766,CCN(CC)c1ccc(NC(=O)C2(NC(=O)CCC(C)C)CCc3ccccc3C2)cc1,,,435.61,random
CHEMBL3926907,O=C(O)[C@H]1CC[C@H](C(=O)N2CCC(c3ccc(C(F)(C(F)(F)F)C(F)(F)F)cc3)(S(=O)(=O)c3cccc(-c4ccccn4)c3)C2)CC1,,,686.65,random
CHEMBL2227944,COP(=O)(OC)C(OC(=O)COc1ccc(Cl)cc1C)c1cccc([N+](=O)[O-])c1,,,443.78,random
CHEMBL464861,Cc1cc(OCc2nnc(-c3cc(-c4cc(F)c(Cl)cc4Cl)nc4ccccc34)o2)ccc1Cl,,,514.77,random
CHEMBL452131,O=C(O)c1ccccc1Nc1ccc(CCCc2ccc(Cl)cc2)cc1,,,365.86,random
CHEMBL1569881,O=C(COC(=O)CNS(=O)(=O)c1ccc(F)c(F)c1F)NCCc1ccccc1,,,430.4,random
CHEMBL36882,N=C(N)c1cc(/C=C\C(=O)Nc2ccc(-c3ccccc3S(N)(=O)=O)cc2)ccc1F,,,438.48,random
CHEMBL1875932,O=[N+]([O-])c1cc(Nc2nccc(-c3ccc4c(c3)OCO4)n2)cc(C(F)(F)F)c1,,,404.3,random
CHEMBL1711257,O=C(C(c1ccccc1)c1ccccc1)N(Cc1cccs1)C1CCS(=O)(=O)C1,,,425.58,random
CHEMBL3938236,Nc1ncc(F)cc1-c1ccc(Oc2ncc(NC(=O)Nc3cc(C(F)(F)F)ccc3-c3ccccc3)cn2)cc1,,,560.51,random
CHEMBL1271820,Cc1occc1-c1nnc(SCC(=O)Nc2cccc(F)c2)n1Cc1ccco1,,,412.45,random
CHEMBL2323982,O=S(=O)(Nc1ncccn1)c1cc(Cl)c(Oc2ccc(OC(F)(F)F)cc2-c2ccnnc2)cc1F,,,541.87,random
CHEMBL2354325,CC(C)NC(=O)C1C(c2ccc(C(F)(F)F)cc2)=Nc2ccccc2N1C(=O)c1cc2ccccc2[nH]1,,,504.51,random
CHEMBL1398880,COc1cc2c(cc1OC)CN(C(=O)/C=C/c1ccccc1[N+](=O)[O-])CC2,,,368.39,random
CHEMBL1502060,Fc1ccccc1CSc1nc[nH]n1,,,209.25,random
CHEMBL1731869,C[C@H](CO)N1C[C@H](C)[C@@H](CN(C)C(=O)Nc2ccc(C(F)(F)F)cc2)Oc2c(NS(=O)(=O)c3ccc(F)cc3)cccc2C1=O,,,652.67,random
CHEMBL460437,CC(C)=CCc1c(O)cc2c(c1O)C(=O)CC(c1ccc(O)cc1O)O2,"CUDRAFLAVANONE B",,356.37,random
CHEMBL41490,Brc1cnc2ccccc2c1,,,208.06,random
CHEMBL1905947,O=C1CC(c2ccccc2)CC(=O)C1=CNCCCN1CCOCC1,,,342.44,random
CHEMBL3276698,BrC12CCCC3CC(CCC31)C2,,,229.16,random
CHEMBL32494,CCn1c(-c2ccc(O)cc2)c(C)c2ccc(O)cc21,,,267.33,random
CHEMBL1397228,Cc1nn(-c2ccccc2)c(C)c1NC(=O)COC(=O)c1cccc(OC(F)F)c1,,,415.4,random
CHEMBL3622434,c1ccc(-c2nnc3n2-c2ccc(-c4cccnc4)cc2CC3)cc1,,,324.39,random
CHEMBL1972160,Cc1nc(-c2cc3c(ccc4ccccc43)oc2=O)cs1,,,293.35,random
CHEMBL4174076,O=C1[C@H](Oc2ccc(-c3nc4ccccc4s3)cc2)[C@H](c2ccc3ccccc3c2)N1c1ccccc1,,,498.61,random
CHEMBL67440,Oc1ccc2c(c1)C1CCCN(CCc3ccccc3)C1CC2,,,307.44,random
CHEMBL1530427,Cc1cccc(C(=O)N2CCN(c3ccccn3)CC2)c1,,,281.36,random
CHEMBL1447205,Cc1sc2nc(SCC(=O)N3CC(C)OC(C)C3)n(C)c(=O)c2c1C,,,381.52,random
CHEMBL1707472,CCC(C)C(=O)Nc1nnc(SCC(=O)N2C(C)CCCC2C)s1,,,370.54,random
CHEMBL1439783,Cc1nnc(SC(=O)N2c3ccccc3Sc3ccccc32)s1,,,357.49,random
CHEMBL2442429,O=C(CCNCCO)Nc1ccc2c(c1)C(=O)c1cc(NC(=O)CCNCCO)ccc1-2,,,440.5,random
CHEMBL3342540,Cc1cccc(NC(=O)c2ccc(-c3cccc(CO)c3)s2)c1,,,323.42,random
CHEMBL527126,COc1ccc2nccc([C@@H](O)CN3CCC(NCc4ccc5c(c4)sc(=O)n5C)CC3)c2c1,,,478.62,random
CHEMBL1446101,COc1cc(C(=O)NC2CCN(CC(=O)NC3CCCCC3C)CC2)cc(OC)c1OC,,,447.58,random
CHEMBL1732037,Cc1ccccc1N(CC(=O)N1CCc2ccccc2C1)S(C)(=O)=O,,,358.46,random
CHEMBL56469,CC(C)C(NC(=O)C1CCCN1C(=O)[C@@H](NC(=O)c1ccc2ccccc2c1)C(C)C)C(=O)C(F)(F)F,,,519.56,random
CHEMBL1743962,Cl.Clc1ccc2[nH]c3c(c2c1)CN(CCc1ccc2ccccc2n1)CC3,,,398.34,random
CHEMBL1305288,c1ccc(CNC2=NN=C(c3ccccc3)CS2)cc1,,,281.38,random
CHEMBL3464095,FC(F)(F)c1ccnc(N2CCCN(C3CCOCC3)CC2)c1,,,329.37,random
CHEMBL3215828,COC(=O)C1CCN(C(=O)Cc2c(C)nc(CC(C)C)c(CN)c2-c2ccc(C)cc2)C1.Cl.Cl,,,510.51,random
CHEMBL1233215,OC[C@H]1O[C@@H](c2cc(O)ccc2O)[C@H](O)[C@@H](O)[C@@H]1O,,,272.25,random
CHEMBL1495375,COc1cccc(C(=O)Nc2ccc(N(C)C)cc2)c1OC,,,300.36,random
CHEMBL117938,COC(=O)c1cc2ccc(OCCn3ccc4ccccc43)cc2oc1=O,,,363.37,random
CHEMBL3693131,CCN(CC)S(=O)(=O)c1ccccc1-c1ccc(-c2cnc3c(c2)OCCN3)c(F)c1,,,441.53,random
CHEMBL2354489,O=C(O)c1ccc(CCCc2ccccc2)cc1,,,240.3,random
CHEMBL1439999,CCOC(=O)[C@@]1(C#N)[C@@H]2C=CC(C(N)=O)=CN2[C@@H](C(N)=O)[C@@H]1c1cccc(Cl)c1,,,414.85,random
CHEMBL297465,CCCCc1nc(Cl)c(CO)n1Cc1ccc(NC(=O)[C@H](c2ccccc2)n2cccc2C(=O)OC)cc1,,,535.04,random
CHEMBL1525300,COc1cccc(NC(=O)c2ccc3c(c2)OCCO3)c1,,,285.3,random
CHEMBL1793902,N.[N-]=[N+]=NC[C@@H](O)[C@H]1O[C@H](C(=O)O)C[C@@H](O)[C@H]1O,,,264.24,random
CHEMBL3287393,Clc1cccc(N2CCN(CCCCOc3cccc4ccnn34)CC2)c1Cl,,,419.36,random
CHEMBL1269281,CCc1cn([C@H]2C[C@H](F)[C@@H](CO)O2)c(=O)[nH]c1=O,,,258.25,random
CHEMBL3966389,O=c1c2ccccc2oc2cc(OCC3CO3)cc(OCc3ccccc3)c12,,,374.39,random
CHEMBL297434,O=C(O)CCCCc1ccc2cncn2c1,,,218.26,random
CHEMBL1082138,COC(=O)C[C@H]1C(C)(C)[C@@H]2O[C@@]34C[C@@H]2C(=O)[C@]1(C)[C@H]3CC[C@@]1(C)[C@@H](c2ccoc2)OC(=O)C[C@]14O,"XYLOCENSIN K",,486.56,random
CHEMBL1716723,COC(=O)[C@@H]1C[C@@]2(O)[C@H](O)[C@H](O)[C@H](O)C[C@H]2N1CC1CC1,,,301.34,random
CHEMBL482990,Cc1c(C2CCNCC2)ccnc1OC(c1cccc(F)c1)C(F)(F)F,,,368.37,random
CHEMBL1093019,C/C(=N\NC(=S)NN)c1ccc(Br)cc1,,,287.19,random
CHEMBL3309592,CN1CCN(C(=O)CCNc2ccnc3cc(Cl)ccc23)CC1,,,332.84,random
CHEMBL2159882,COc1cc2cc3c4cc(-c5ccc(C)cc5)c(OC)cc4cc[n+]3cc2cc1OC.[Cl-],,,445.95,random
CHEMBL517353,C=CCOc1ccc2c(c1)[C@@]1(C)CCC[C@](C)(C(=O)O)[C@@H]1CC2,,,314.43,random
CHEMBL3688664,NC1=N[C@@](c2cc(NC(=O)c3ccc(OCC(F)(F)F)cn3)ccc2F)(C(F)F)[C@H]2C[C@H]2O1,,,474.36,random
CHEMBL3343131,O=C(CN1CCN(c2ccccc2)CC1)N1CCN(c2nnc(-c3ccccc3)c(-c3ccccc3)n2)CC1,,,519.65,random
CHEMBL1544031,OC(COCc1cccs1)CN1CCN(c2ccccn2)CC1,,,333.46,random
CHEMBL352909,BrCCOc1ccc(/C(=C\c2ccccc2)c2ccccc2)cc1,,,379.3,random
CHEMBL6517,CON(C)C(=O)c1cc2c(Sc3ccc(C)cc3)cncc2s1,,,344.46,random
CHEMBL553363,Cl.Oc1c(-c2ccc3ccccc3c2)nc2cnccn12,,,297.75,random
CHEMBL1197199,N[C@H]1Cn2c(nc3ncccc32)C[C@@H]1c1cc(F)c(F)cc1F,,,318.3,random
CHEMBL1507348,Cc1ccc(-c2c3c(=O)n(C)c(=O)n(C)c3cn2N2CCOCC2)cc1,,,354.41,random
CHEMBL3717334,Cc1coc(-c2cnn3c(=O)cc(-c4ccc5onc(C)c5c4)[nH]c23)n1,,,347.33,random
CHEMBL364019,COc1ccc(Cn2cnc3c(-c4ccco4)nc(Cl)nc32)cc1,,,340.77,random
CHEMBL1571181,CCCCCCNC(=O)CCNS(=O)(=O)c1ccc(C)cc1,,,326.46,random
CHEMBL1993575,CC(C)c1ccc(/C=c2\sc3nc(-c4ccncc4)nn3c2=O)cc1,,,348.43,random
CHEMBL1572129,CCc1cc(C(=O)NNC(=O)CCl)sc1C,,,260.75,random
CHEMBL1721863,COc1ccc(-c2noc(CN(C(=O)c3ccccc3Cl)C(C)C)n2)cc1,,,385.85,random
CHEMBL2130648,CCOC(=O)[C@]12Cc3cc4ccccc4cc3[C@H]1N(Cc1ccccc1)C(=O)c1ccccc12,,,447.53,random
CHEMBL3125193,CCNc1cc2oc(-c3ccc(F)cc3)c(-c3ncc[nH]3)c2c(F)c1-c1cc(C(=O)NC2(c3ncccn3)CC2)c(OC)cc1C,,,620.66,random
CHEMBL2228552,CCCC(=O)OCn1c(-c2ccc(Cl)cc2)c(C#N)c(Br)c1C(F)(F)F,,,449.65,random
CHEMBL298965,O=C(N[C@@H](Cc1ccccc1)[C@H]1CO1)OCc1ccccc1,,,297.35,random
CHEMBL608476,O=P(O)(O)OC[C@H]1O[C@H](O)[C@@H](O)[C@@H]1O,,,230.11,random
CHEMBL1795986,C=C(COC(=O)CC(C)C)c1ccc(C)cc1O,,,248.32,random
CHEMBL341239,COCCOc1cc2c(N3CCN(C(=O)Nc4ccc(C#N)cc4)CC3)ncnc2cc1OCCN1CCCCC1,,,559.67,random
CHEMBL2381382,CC(C)n1nc(N)nc1-c1nc2c(s1)CCOc1cc(-c3cnn(CCO)c3)ccc1-2,,,437.53,random
CHEMBL3198826,Cc1ccc(/C=N/NC(=O)C(NC(=O)c2ccccc2)c2nnc(O)c3ccccc23)cc1,,,439.48,random
CHEMBL3956092,CC(C)N(Cc1cc(-c2nccs2)ccn1)C(=O)Nc1ccc(OC(F)(F)F)cc1,,,436.46,random
CHEMBL2364298,C[C@H]1CN(Cc2ccc(N(C)C(=O)c3ccc(Oc4ccc(F)cc4)nc3)c(F)c2)CCN1,,,452.51,random
CHEMBL252369,Cn1cnc(S(=O)(=O)N(Cc2ccc(F)cc2F)C2Cc3cc(C#N)ccc3N(Cc3cncn3C)C2=O)c1,,,551.58,random
CHEMBL1619995,Cc1ccc(NS(=O)(=O)c2ccc(C)c(C(=O)N3CCN(C)CC3)c2)cc1,,,387.51,random
CHEMBL483496,CCOC(=O)c1c(-c2ccccc2)csc1NC(=O)CSc1ncnc2sc3c(c12)CCCC3,,,509.68,random
CHEMBL3361368,COc1cc2[nH]c(C)c(-c3ccc(O)cc3)c(=O)c2cc1Cl,,,315.76,random
CHEMBL3460347,CC(C)(O)CNC(=O)NCc1nccn1CCc1ccccc1,,,316.4,random
CHEMBL3302864,COc1cccc2c1C(=O)c1c(O)c3c(c(O)c1C2=O)C[C@@](O)(C(O)CO)C[C@@H]3O[C@H]1C[C@H](N2CCCCC2)[C@H](O)[C@H](C)O1,,,613.66,random
CHEMBL3195173,CCNC(=S)N/N=C/c1cc(Br)cc(Br)c1OC,,,395.12,random
CHEMBL3496077,CC(NC(=O)N1CCN(c2ccccc2)CC1)c1nncn1C,,,314.39,random
CHEMBL31284,C=C1C[C@@]23O[C@]2(c2ccccc21)C1CC(OC(=O)[C@H](O)[C@@H](NC(=O)OCC)c2ccccc2)C3(C)C1(C)C,,,517.62,random
CHEMBL2136419,Cc1ccccc1S(=O)(=O)N(C)C[C@H]1OCc2cnnn2CCCC(=O)N([C@@H](C)CO)C[C@H]1C,,,493.63,random
CHEMBL1229153,CCCOc1ccc2c(c1)O/C(=C\c1cc[n+](Cc3ccccc3)cc1)C2=O,,,372.44,random
CHEMBL3558970,CC(C)C[C@H](NP(=O)(O)CNC(=O)OCc1ccccc1)C(=O)NCCc1ccccc1,,,461.5,random
CHEMBL553054,CC1=CC=CC2=NCC(C(=O)c3ccc(-c4ccccc4)cc3)CN12.[O-][Cl+3]([O-])([O-])O,,,428.87,random
CHEMBL84375,CCN(Cc1ccc(Cl)cc1)c1ccc2nc(N)nc(N)c2n1,,,328.81,random
CHEMBL1876373,Brc1ccc(-c2nc(/C=C/c3ccccc3)no2)cc1,,,327.18,random
CHEMBL1977900,CNS(=O)(=O)NN(C)S(=O)(=O)c1ccc(F)cc1,,,297.33,random
CHEMBL1587560,Cc1ccc(S(=O)(=O)c2c(C)cc(C)nc2N2CCCCC2)cc1,,,344.48,random
CHEMBL532754,O=C(O)C(F)(F)F.O=C1CCCN1CCCNCc1ccc(-c2ccc(-c3nc4cc(F)ccc4[nH]3)cc2)cc1,,,556.56,random
CHEMBL1977723,CCCCN(CC)CC(C(C)=O)c1c(O)c2ccccc2oc1=O.Cl,,,367.87,random
CHEMBL2009228,Cc1sc(C)c2c1C(=O)CC2N,,,181.26,random
CHEMBL484419,COc1cc(C)c(-c2c(C)nn3c(NC4CCC4)nc(C)nc23)c(OC)c1,,,367.45,random
CHEMBL3799146,CSc1sc(-c2ccn(C)n2)c2c1C(=O)CC(C)(C)C2,,,306.46,random
CHEMBL3973406,Cc1ccc(C2=C(NC(=O)c3cnccn3)C(=O)NC(c3ccc(OCCCC(F)(F)F)cc3)(C(F)(F)F)C2)cc1,,,578.51,random
CHEMBL1509201,CCOC(=O)c1nn(-c2cccc(C)c2)c2nc(-c3ccccc3)c(C#N)c(=O)n12,,,399.41,random
CHEMBL4109439,COCc1ccc(C(C)=O)c2sc(C(=O)Nc3cc(C(=O)N4CC[C@@H](O)C4)c4ccccc4n3)c(C)c12,,,517.61,random
CHEMBL3747206,NS(=O)(=O)c1ccc(N2N=C(c3ccco3)CC2c2ccc(C(F)(F)F)cc2)cc1,,,435.43,random
CHEMBL457648,NCCCC[C@H](N)C(=O)NC[C@H](N)Cc1ccccc1,,,278.4,random
CHEMBL1699897,COc1ccc(Br)cc1S(=O)(=O)n1c([N+](=O)[O-])cnc1C,,,376.19,random
CHEMBL1767033,CNC(=O)/C(CCCCCCC(=O)Nc1ccc(N(C)C)cc1)=N\O,,,348.45,random
CHEMBL582655,O=C(Nn1c(SCc2cc(=O)n3ccccc3n2)nc2ccsc2c1=O)c1cccc(Br)c1,,,540.42,random
CHEMBL113060,CSc1nc(-c2ccc(F)cc2)c(-c2ccnc(Cl)c2)[nH]1,,,319.79,random
CHEMBL444765,C[C@](Cl)(/C=C/Br)[C@@H](Cl)/C=C/C(=C\Cl)C(Cl)Cl,,,387.36,random
CHEMBL1382090,O=c1nc2ccc(Cl)cn2c2ccc(S(=O)(=O)N3CCCCC3)cc12,,,377.85,random
CHEMBL386101,Cc1nn(-c2ccc3onc(N)c3c2)c2c(=O)n(-c3ccc(-c4ccccc4CN(C)C)cc3)cnc12,,,491.56,random
CHEMBL3793800,O=C(CNS(=O)(=O)c1ccccc1)Nc1ccccc1,,,290.34,random
CHEMBL1568099,CC(=O)Nc1ccc(S(=O)(=O)Nc2c(NC3CCCCC3)c3ccccc3oc2=O)cc1,,,455.54,random
CHEMBL4103287,Cc1ccc(OC2CCN(c3ccnc4ccc(F)cc34)CC2)cn1,,,337.4,random
CHEMBL332015,O=C(NCc1ccccc1)N(O)CC1=Cc2cc(Oc3ccccc3)ccc2OC1,,,402.45,random
CHEMBL480462,Oc1ccc([C@@H]2c3c(O)cc(O)cc3[C@H]3[C@H](c4ccc(O)cc4)c4c(O)cc(O)cc4[C@@H]23)cc1,PALLIDOL,,454.48,random
CHEMBL4241053,O=C1CC[C@@H](C(=O)Oc2cccc3ccccc23)N1,,,255.27,random
CHEMBL22217,CC(C)c1cccc(C(C)C)c1OC(=O)NS(=O)(=O)NCC(c1ccccc1)c1ccccc1,,,480.63,random
CHEMBL3661558,CSc1ncc(CC(=O)Nc2cncc(C(=O)c3cn(C(C)C)c4ncncc34)c2)cn1,,,447.52,random
CHEMBL3322400,CS(=O)(=O)c1ccc(N2CCN=C2c2cccc(Cl)c2)cc1,,,334.83,random
CHEMBL1203722,CC(C)NCC(O)c1ccc(O)c(C(=O)NCCO)c1.Cl,,,318.8,random
CHEMBL3085154,CC(C)[C@H](NC(=O)c1cccc2c1Oc1c(C(=O)N[C@@H](C)C(=O)N[C@@H](C)C(=O)O)cccc1C2(C)C)C(=O)O,,,539.59,random
CHEMBL1934492,COc1ccc(N2C(=O)/C(=C/c3ccc(O)c(Br)c3)OC2=S)cc1,,,406.26,random
CHEMBL3699722,NC1(c2ccc(-c3nc4ccc(F)cn4c3-c3ccccc3)cc2)CCC1,,,357.43,random
CHEMBL1784605,Cc1cccc(C#Cc2cc(C#N)cc([N+](=O)[O-])c2)n1,,,263.26,random
CHEMBL1643623,CCCCCCCCc1nc2ccc(C)cc2nc1CCCCCCCC(=O)O,,,398.59,random
CHEMBL1619916,CCN1CCN(c2ccc(N)cc2C)CC1,,,219.33,random
CHEMBL238975,CC(C)C1SC(Nc2ccc3[nH]ncc3c2)=NC1=O,,,274.35,random
CHEMBL1408472,COc1ccccc1-c1c(C)oc2cc(OCC(=O)OCc3ccccc3)ccc2c1=O,,,430.46,random
CHEMBL1515575,COCCNC(=O)CN1C(=O)COc2ccc(S(=O)(=O)N3CCCC3)cc21,,,397.45,random
CHEMBL2356561,CCOc1cc(C(=O)Nc2ccccc2N2CCOCC2)ccc1OCC(=O)N1CCOCC1,,,469.54,random
CHEMBL3410111,CC(C)Oc1nc(-c2ccnc(NC(=O)C3CC3)c2)ncc1C(N)=O,,,341.37,random
CHEMBL1560982,CCn1cc(C(=O)O)c(=O)c2cc(F)c(N3CCN(C(=O)Nc4ccccc4)CC3)cc21,,,438.46,random
CHEMBL4083535,CC(=O)c1ccc(Nc2nc3ccccc3c3[nH]nc(N)c23)cc1,,,317.35,random
CHEMBL1735840,COc1ccc(CNC(=O)C(=O)NCc2ccncc2)cc1,,,299.33,random
CHEMBL1623811,CCc1nnc(SCc2ccc(C(=O)OC)o2)n1N,,,282.32,random
CHEMBL435305,CC1(C)c2cc(O)ccc2CCC1N(C/C=C/c1ccccc1)C/C=C/c1ccccc1,,,423.6,random
CHEMBL267966,Cc1cccc(C)c1OCC(=O)N[C@@H](Cc1ccccc1)[C@@H](O)C[C@H](Cc1ccccc1)NC(=O)[C@H]1CN(c2ccccc2)C(=O)O1,,,635.76,random
CHEMBL612181,Nc1nc(NCCc2ccc(Cl)cc2)nc2c1ncn2C1O[C@H](CO)[C@@H](O)[C@H]1O,,,420.86,random
CHEMBL400955,CCOC(=O)C1=C(c2ccccc2)c2ccc(OC/C=C/c3ccccc3)cc2/C1=[N+](/C)[O-],,,439.51,random
CHEMBL1584344,COC(=O)CSc1nc(C)cc(Oc2ccccc2)n1,,,290.34,random
CHEMBL1565454,O=C(Nc1cccc(-c2cn3c(n2)SCC3)c1)c1ccc(Br)o1,,,390.26,random
CHEMBL1314944,CCOc1ccc(CNC(=O)c2ccc3c(c2)sc2nc(-c4ccccc4)cn23)cc1,,,427.53,random
CHEMBL3442764,Cn1cc(CN2CCC3(CCCN(C(=O)c4cscn4)C3)C2)cn1,,,345.47,random
CHEMBL1946715,O=[N+]([O-])c1cccc(NCCNc2cccc([N+](=O)[O-])c2)c1,,,302.29,random
CHEMBL1337610,CCCCOC(=O)c1ccc(NC(=O)C(=O)NCCN(C)C)cc1,,,335.4,random
CHEMBL401777,CCc1nc2cc3c(c(C)c2o1)CCN(CCSc1nnc(-c2cccc4nc(C)ccc24)n1C)CC3,,,512.68,random
CHEMBL312479,N=C(N)N1CCC(OCC[C@@H]2CCCCN2C(=O)[C@H](CC(=O)O)NCc2ccccc2)CC1,,,459.59,random
CHEMBL204381,COc1ccc(-c2ccnc(SCC(=O)NCCSCc3ccco3)n2)cc1,,,415.54,random
CHEMBL571805,N#Cc1cccc(S(=O)(=O)N2C[C@H](N3CC(F)C3)C[C@H]2C(=O)N[C@@H](Cc2ccc(NC(=O)c3c(Cl)cncc3Cl)cc2)C(=O)O)c1,,,689.55,random
CHEMBL2260070,c1ccc2c(Nc3ccc(Nc4ncnc5ccccc45)cc3)ncnc2c1,,,364.41,random
CHEMBL1193393,CC(=N)Nc1ccc(Br)cc1,,,213.08,random
CHEMBL4105061,Nc1nc(N)c2c(OCC3CCN(CC4CCNCC4)CC3)cccc2n1,,,370.5,random
CHEMBL3303748,CN(Cc1ccccc1)CC(O)C(c1ccccc1)c1ccccc1,,,331.46,random
CHEMBL519146,Cc1cccc(Nc2nccc3c2CN(C(=O)c2cc(C)n(C)c2C)CC3)c1,,,374.49,random
CHEMBL1164077,COC(=O)[C@H]1C[C@@H]2[C@H](CC[C@]3(C)C(=O)CC[C@@H]23)[C@@]2(C)CC/C(=N\O[C@@H]3CCNC3)C[C@H]12.Cl,,,467.05,random
CHEMBL61347,Cc1ncc([N+](=O)[O-])n1CC(O)Cn1ccnc1[N+](=O)[O-],,,296.24,random
CHEMBL1922269,C[C@H]1c2c([nH]c3ccc(C(F)(F)F)cc23)C[C@H]2CCN(CCC3CCOCC3)C[C@@H]21,,,420.52,random
CHEMBL2230083,CN(C)C(=O)Oc1ccccc1OC/C=C/COc1ccc(C(F)(F)F)cc1,,,395.38,random
CHEMBL281802,CCC1=NC(=O)C(CCN(C(C)C)C(C)C)(c2ccccc2)C2CCCCN12,,,383.58,random
CHEMBL1767085,CCc1cc2c(C(=O)c3ccc(OC)cc3)cc(OC)cc2o1,,,310.35,random
CHEMBL2407136,CCCCCNc1cccc(NC(=O)c2ccc(OCCC)cc2)n1,,,341.46,random
CHEMBL1492504,CCOC(=O)c1c(C)nc2sc3c(=O)n(-c4ccc(OC)cc4)nnc3c2c1-c1ccc(OC)cc1,,,502.55,random
CHEMBL586772,CC(=O)Nc1ccc(CN2CCCN(c3cc(NC(=O)c4cccc(C)c4)ccn3)CC2)cc1,,,457.58,random
CHEMBL1435659,CCOC(=O)c1c(C)oc2nc(C)nc(NCCCN3CCN(c4ccccc4)CC3)c12,,,437.54,random
CHEMBL4171278,Cc1ccc(Cn2cc(CSc3nnc(-c4ccccc4)c(-c4ccccc4)n3)nn2)cc1,,,450.57,random
CHEMBL3109056,O=C(N[C@H]1CO[C@H]2[C@@H]1OC[C@H]2OCc1ccccc1)/C(=C/c1cccs1)NC(=O)c1ccccc1,,,490.58,random
CHEMBL1277338,CON(CCCc1ccc(N(CCCl)CCCl)cc1)C1O[C@@H](CO)[C@H](O)[C@@H](O)[C@@H]1O,,,467.39,random
CHEMBL3659835,CCOc1ccc(N2CC(Oc3ccc([C@H](C)NC(=O)c4cccc(NC(C)=O)c4)cc3)C2)cc1,,,473.57,random
CHEMBL1418203,O=C(NC(=S)Nc1cccc(CO)c1)c1ccc(-c2ccccc2)cc1,,,362.45,random
CHEMBL4096921,CC#CCOc1ccc(S(=O)(=O)[C@H]2C[C@@H](C(=O)NO)N(C(C)=O)C2)cc1,,,380.42,random
CHEMBL1555145,Cc1cn2c(=O)cc(COC(=O)c3ccc(NC(=O)c4ccc(C(C)(C)C)cc4)cc3)nc2s1,,,475.57,random
CHEMBL341049,CC1(C)[C@@H]2CC[C@@]1(CS(=O)(=O)N1CCC3(CCc4ccccc43)CC1)[C@@H](N1C(=O)CN(Cc3c[nH]cn3)C1=O)C2,,,565.74,random
CHEMBL115649,Cc1ccc(-c2nc(NC(=O)NN3CCOCC3)cs2)cc1,,,318.4,random
CHEMBL2312367,CSc1ccc(CCOC(=O)C2=C(c3ccccc3)CCN(C)C2)cc1,,,367.51,random
CHEMBL3358649,Cc1cc(OCCCN2CCCN(C)CC2)nc(-c2ccccc2)n1,,,340.47,random
CHEMBL1457907,Cc1ccc(C(C)C)c(OCc2ccc(-c3nnco3)cc2)c1,,,308.38,random
CHEMBL2179718,COS(=O)(=O)CCO/N=[N+](\[O-])NC(C)C,,,241.27,random
CHEMBL543127,C/N=C(\N)c1ccc2c(c1)S(=O)(=O)c1ccccc1C2=O.Cl,,,336.8,random
CHEMBL476827,O=C(O)[C@@]1(N(CCc2cccnc2)S(=O)(=O)c2ccc(-c3ccc(Cl)cc3)cc2)C[C@H]1c1ccccc1,,,533.05,random
CHEMBL60804,COC(=O)[C@H](CC(C)C)NC(=O)C1(c2ccccc2)CCN(C(=O)[C@@H](N)CS)CC1,,,435.59,random
CHEMBL262447,O=C1[C@@H](NS(=O)(=O)c2cc3ccnc(Cl)c3s2)CCN1Cc1cc2[nH]cccc-2n1,,,461.96,random
CHEMBL3628046,CN1CCN(c2nc(N)nc(/C=C/c3cccc(Br)c3)n2)CC1,,,375.27,random
CHEMBL3896062,CC1(C)OC(=O)N(C2CC(c3nnc(-c4ccccc4)o3)C2)[C@H]1c1ccccc1,,,389.45,random
CHEMBL3402964,NS(=O)(=O)c1ccc(OCc2c(F)c(F)c(F)c(F)c2F)cc1,,,353.27,random
CHEMBL1794906,COC(=O)CCCCCCC/N=C/N1CCC(C(c2ccccc2)c2ccccc2)CC1.O=C(O)/C=C/C(=O)O,,,550.7,random
CHEMBL91309,COc1ccc2nc3cc(Cl)ccc3c(NCCCCNC(=O)NCc3ccccc3)c2c1,,,462.98,random
CHEMBL221562,Brc1nc2c(Br)c(Br)c(Br)c(Br)c2[nH]1,,,512.62,random
CHEMBL1609093,COC(=O)c1ccc(Oc2nc3c(c(=O)n(C)c(=O)n3C)n2CCC(C)C)cc1,,,400.44,random
CHEMBL3485309,COc1ccc([C@@H]2CN(c3cnccn3)C[C@H]2N(C)C)cc1,,,298.39,random
CHEMBL2092810,CSc1nc2c(C)nsc2n1[C@@H]1O[C@H](CO)[C@@H](O)[C@H]1O,,,317.39,random
CHEMBL3303502,CCCN(CCc1ccc(O)c(O)c1)CCC1CCCCC1,,,305.46,random
CHEMBL1802801,COc1ccc2c(Nc3ccc(/C(C)=N/OCCN4CCCC4)cc3)c3c(Cl)coc3nc2c1,,,478.98,random
CHEMBL1622907,COC(=O)Cc1c[nH]c2cccc(OCC(O)CN(Cc3ccccc3)C(C)C)c12,,,410.51,random
CHEMBL1699146,CC(C)c1ccc(NC(=O)Cn2c(=O)oc3cccnc32)cc1,,,311.34,random
CHEMBL1865407,CN1CCOc2cc(S(=O)(=O)NCc3ccc(S(N)(=O)=O)cc3)ccc21,,,397.48,random
CHEMBL287593,COc1cccc(C(=O)c2c(C)nn(C)c2N)c1Cl,,,279.73,random
CHEMBL3557319,CN(C)CCOCc1cncc2c1CCN(C(=O)C1CCOCC1)C2,,,347.46,random
CHEMBL3605367,CN1CCc2c(c3ccccc3n2CCCCCCCn2c3c(c4ccccc42)CN(C)CC3)C1,,,468.69,random
CHEMBL208045,O=C(Cc1cccc2ccccc12)c1ccccc1C(=O)N1CCCCC1,,,357.45,random
CHEMBL3910212,O=C1CCC(Cn2cc(NC(=O)c3cnn4cccnc34)c(-c3cc(Cl)ccc3OC(F)F)n2)O1,,,502.87,random
CHEMBL3488652,CNc1nc(CNC(=O)Nc2ccc(SC)c(F)c2)cs1,,,326.42,random
CHEMBL3487299,Cc1nccn1-c1cccc(C2CCCN(C(=O)c3cc[nH]n3)C2)n1,,,336.4,random
CHEMBL1731819,CCC(C)NC(=O)c1ccccc1NC(=O)CN(c1ccc(OC)cc1)S(C)(=O)=O,,,433.53,random
CHEMBL1897213,CCN(CC(=O)Nc1ccccc1OC)C(=O)CC1CCCC1,,,318.42,random
CHEMBL609194,C[C@H]1OC(n2cc3c4c(ncnc42)N(C)N=C3N)[C@H](O)[C@@H]1O,,,304.31,random
CHEMBL3187370,CCCC(=O)OCCC(C)C,,,158.24,random
CHEMBL4091824,O=S(=O)(c1ccc(O)cc1O)N1Cc2ccc(NC3CCNCC3)cc2C1,,,389.48,random
CHEMBL3237757,C[C@H](NC(=O)OCc1ccccc1)C(=O)N1CCN(c2cc3c(cc2F)c(=O)c(C(=O)O)cn3C2CC2)CC1,,,536.56,random
CHEMBL2138636,CC1CCCC(C)N1C(=S)SCC(=O)O,,,247.38,random
CHEMBL3735181,CNC(=O)c1cnc2ccc(-c3cnc4ccccc4c3)cc2c1Nc1ccc(C(C)(C)C#N)cc1,,,471.56,random
CHEMBL544342,CCOC(=O)[C@@]1(c2ccccc2)CC1CN(C)CCc1ccccc1.Cl,,,373.92,random
CHEMBL1419306,Cc1c([N+](=O)[O-])nnn1-c1cc(Cl)cc(Cl)c1,,,273.08,random
CHEMBL3715723,COc1cc(OCc2cc(F)cc(-c3ncc(F)cc3F)c2)c2cc(-c3cn4nc(OC)sc4n3)oc2c1,,,538.51,random
CHEMBL275360,CCCn1c(=O)c2nc(-c3ccc(OCC(=O)Nc4ccc(C(N)=O)cc4)cc3)[nH]c2n(CCC)c1=O,,,504.55,random
CHEMBL1951560,CCCCNC(=O)c1ccc(Oc2ccc(CC(=O)O)cc2OC)c(NS(=O)(=O)c2c(Cl)cccc2Cl)c1,,,581.47,random
CHEMBL1462247,O=C(Nc1ccc(N2CCOCC2)cc1)c1ccc2nc(-c3ccco3)c(-c3ccco3)nc2c1,,,466.5,random
CHEMBL3462241,CC(C)(C)C(=O)NCCCn1cncn1,,,210.28,random
CHEMBL1205419,Cc1c(-c2ccccc2)nc(C(C)C)c(/C=C/P(=O)(O)C[C@H](O)CC(=O)O)c1-c1ccc(F)cc1,,,497.5,random
CHEMBL308144,CCCCN(CCCC)CCC1CN(C)C(=S)c2cccnc2O1,,,349.54,random
CHEMBL319702,CN(C)CCN1C(=O)c2cccc3c2c(cc2cccnc23)C1=O,,,319.36,random
CHEMBL1978489,O=C(CC(=O)N(C(=O)/C=C\c1ccccc1)c1ccc(Cl)cc1)N1N=C(c2ccccc2)C(/N=N/c2cccc([N+](=O)[O-])c2)C1=O,,,635.04,random
CHEMBL377110,O=C(NCc1cccc(-c2cccc(-c3cc4c[nH]ccc-4n3)c2O)c1)Nc1ccc(F)cc1F,,,470.48,random
CHEMBL424984,COc1ccc(-c2cc3c(c(=O)o2)C[C@@]2(O)[C@@]4(C)C=CC(=O)C(C)(C)[C@@]4(O)CC[C@@]2(C)O3)cc1,,,466.53,random
CHEMBL1589199,COc1ccc(O)c(C(=O)c2cnc3c(c2)CN(C)C(=O)N3)c1,,,313.31,random
CHEMBL3490983,Cc1cccc(NC2CCN(C(=O)Nc3ccc(F)cc3C)CC2)n1,,,342.42,random
CHEMBL1669310,O=c1[nH]c(=O)n([C@H]2C[C@H](O)[C@@H](CO)O2)cc1-c1cn(-c2ccc(Br)cc2)nn1,,,450.25,random
CHEMBL1863347,OC(c1ccccc1)(c1cncnc1)c1ccccc1Cl,,,296.76,random
CHEMBL3467939,COc1cc(OC)c(CNC(=O)NCC(=O)N2CCCC2)c(OC)c1,,,351.4,random
CHEMBL3337623,Cc1cc2nc(Nc3nc(=O)c(C)c(C)[nH]3)nc(C)c2cc1C,,,309.37,random
CHEMBL67926,CN(CCC1CN(C)C(=S)c2cc(Br)cnc2O1)Cc1ccccc1,,,420.38,random
CHEMBL4207135,O=S(=O)(c1ccccc1F)N1CCSc2cc(C(O)(C(F)(F)F)C(F)(F)F)ccc21,,,475.41,random
CHEMBL97004,O=C(c1ccccc1)N1CCN(CCc2ccc([N+](=O)[O-])cc2)CC1,,,339.39,random
CHEMBL2172653,CN1C(=O)CC[C@H]2[C@@H]3CC=C4C=C(C#N)CC[C@]4(C)[C@H]3CC[C@@]21C,,,324.47,random
CHEMBL522834,CONC(=O)c1cn(-c2ccc3c(c2)CCC3)c2nc(Nc3ccc(CCN4CCOCC4)cc3)ncc2c1=O,,,540.62,random
CHEMBL2359679,CC(OC(=O)Cn1cnc2ccccc2c1=O)C(=O)N(C)c1ccccc1,,,365.39,random
CHEMBL4302907,Cn1c(COc2cccc(C(=O)O)c2)nc2ccc(Oc3ccccc3)cc21,,,374.4,random
CHEMBL556678,O=C(CC12CC3CC(CC(C3)C1)C2)Nc1ncnc2c1CCN(S(=O)(=O)c1ccc(F)cc1F)C2,,,502.59,random
CHEMBL1350863,CCn1c(CNS(=O)(=O)c2ccc(Br)cc2)nnc1SC,,,391.32,random
CHEMBL1356882,OCC1OC(n2cnc3c(Cl)nc(Cl)nc32)C(O)C1O,,,321.12,random
CHEMBL177887,CCOC(=O)Cn1cnc2c(Sc3ccc(Cl)cc3)ncnc21,,,348.82,random
CHEMBL1576875,CCOC(=O)N1CCC(N2CCN(S(=O)(=O)c3ccc4ccccc4c3)CC2)CC1.O=C(O)C(=O)O,,,521.59,random
CHEMBL481093,C/C1=C/CC[C@@]2(C)O[C@H]2[C@H]2OC(=O)[C@@H](CNCCc3ccc(O)cc3)[C@@H]2CC1,,,385.5,random
CHEMBL1331697,Cc1c(Cl)cccc1NC(=O)Cn1cc2c(n1)CCCC2,,,303.79,random
CHEMBL3609911,CC(=O)NCCc1c(C)[nH]c2ccc(N)cc12,,,231.3,random
CHEMBL4127081,COc1cccc(-c2cc(C(=O)Nc3cc4ccc(OC5CCCC(O)C5)c(C)c4oc3=O)ccc2OC)c1,,,529.59,random
CHEMBL1779958,COc1ccc2c(c1)C(=O)c1c-2c(OC)nc2ccccc12,,,291.31,random
CHEMBL309196,CCCCN1C(=O)c2cc(OC)c(OC)cc2[C@H]2C(=O)c3cc4c(cc3[C@H]21)OCO4,,,409.44,random
CHEMBL76569,COc1ccc(-c2cc(O)nnc2-c2ccc(OC)cc2)cc1,,,308.34,random
CHEMBL3621719,Cl.Cl.Nc1nc(CN2CCN(C(=O)c3c[nH]c4ccccc34)CC2)c[nH]1,,,397.31,random
CHEMBL40126,COc1cccc(Cc2noc(-c3ccc4[nH]cc(CCN)c4c3)n2)c1,,,348.41,random
CHEMBL317493,CCCN1CCO[C@@H]2c3cc(O)ccc3OC[C@@H]21,,,249.31,random
CHEMBL379592,O=C1NC(=O)c2c1c(-c1cccc([N+](=O)[O-])c1)cc1[nH]c3ccc(O)cc3c21,,,373.32,random
CHEMBL115140,COc1ccc(-c2oc3ccc(C(=O)O)cc3c(=O)c2OC(C)C)cc1,,,354.36,random
CHEMBL562251,CCCCCCS(=O)(=O)c1ccc(C(=O)CCN2CC2C)c(Cl)c1Cl,,,406.38,random
CHEMBL3657284,COc1cc(C(=O)NC2CCN(C)CC2)c(F)cc1Nc1ncc(C(F)(F)F)c(Oc2ccc(C)c3c2C(=O)CC3)n1,,,587.57,random
CHEMBL217885,Cc1ccc(N2CC(C(=O)Nc3cccc(Cl)c3)CC2=O)cc1,,,328.8,random
CHEMBL3191290,COc1ccc(/C=N/Nc2nc(C)cc(-c3ccccc3)n2)cc1OC,,,348.41,random
CHEMBL1092304,CO[C@@]1(C)C[C@@H]2OCC3=CC[C@](C)(C/C=C/C(C)C)[C@@H](/C=C/OC(=O)C=C(C)C)[C@]32O1,"NEOVIBSANINS A",,430.59,random
CHEMBL1372078,Cc1cc(C)c2cc(C#N)c(N3CCCC3)nc2c1,,,251.33,random
CHEMBL1567452,Cc1nn(CCCC(=O)Nc2cccnc2Cl)c(C)c1[N+](=O)[O-],,,337.77,random
CHEMBL3400469,CN(c1ccc(C(F)(F)F)cc1)c1nc(=O)c2cccnc2s1,,,337.33,random
CHEMBL1912021,O=C(Cn1cnc2sc3c(c2c1=O)CCC3)N/N=C/c1ccc(O)cc1,,,368.42,random
CHEMBL1432929,CCOc1ccccc1-n1c(SCC(N)=O)nnc1-c1ccccc1,,,354.44,random
CHEMBL1365052,Cc1cc(NS(=O)(=O)c2ccc(NC(=O)c3cc4ccccc4o3)cc2)nc(C)n1,,,422.47,random
CHEMBL3658378,CCC1CC2=CC(=O)CCC2C2CC[C@@]3(C)C(C4CC4[C@@]34CCC(=O)O4)C12,,,368.52,random
CHEMBL3650966,Cc1nn(-c2ccnn2C)c2c1[C@H](c1ccc(Cl)cc1)N(c1cc(C)c(=O)n(C)c1)C2=O,,,448.91,random
CHEMBL283153,CC(=O)n1nc(-c2nc3ccccc3o2)oc1=O,,,245.19,random
CHEMBL1313489,Clc1ncc(COc2cccc3cccnc23)s1,,,276.75,random
CHEMBL1980186,Br.CN(C)c1n/c(=N/c2ccc3c(c2)OCO3)ss1,,,362.27,random
CHEMBL574630,COc1cccc2c1-c1[nH]nc(NCc3c(C)cccc3Cl)c1C2,,,339.83,random
CHEMBL2303897,C=CCO[C@H]1[C@H](O)[C@H](COS(=O)(=O)c2cccc(C(F)(F)F)c2)O[C@@H](Oc2ccc(I)cc2)[C@H]1OC(=O)CC,,,686.44,random
CHEMBL3186579,O=C(C=Cc1ccccc1)OCCCc1ccccc1,,,266.34,random
CHEMBL212975,CC(=O)N1CCN(C(=O)CSc2nnc(C)n2-c2ccc(C)cc2)CC1,,,373.48,random
CHEMBL3973437,CC[C@H]1CN(C(=O)C[C@@H](N)c2ccc(F)cc2)CCN1c1nc(N)c2cc(OC)c(OC)c(F)c2n1,,,500.55,random
CHEMBL1957290,O=S1(=O)N=C(c2cn(Cc3ccccc3)c3ccc(Br)cc23)Nc2ccccc21,,,466.36,random
CHEMBL1994552,C/C(=N\NC(=S)Nc1ccc([N+](=O)[O-])cc1)c1nc2cccnc2[nH]1,,,355.38,random
CHEMBL4091184,COC(=O)N1CCN(C(=O)Cc2ccc(Cl)cc2)[C@@H]2[C@@H](N3CC[C@H](O)C3)CCC[C@@H]21,,,435.95,random
CHEMBL2387665,O=C(c1ccccc1F)c1ccc(F)cc1/C=C\OCCN1CCCC(C(=O)O)C1,,,415.44,random
CHEMBL4097724,COc1ccc(CN2C[C@@H]3CN(S(=O)(=O)c4ccn(C)n4)CC[C@@H]3Oc3ccc(NC(=O)C4CC4)cc3CC2=O)cc1,,,593.71,random
CHEMBL3988968,Cc1cc(C)n(-c2nc(NCC(C)(C)O)c3c4c(sc3n2)CCCC4)n1,,,371.51,random
CHEMBL3355134,C[C@@H]1C(=O)NN=C2COc3cc(-c4c(F)cccc4F)c([C@@H]4CCN(C)C[C@@H]4C)cc3N21,,,440.49,random
CHEMBL212212,CCN1CCN(C2=Nc3cc(Cl)ccc3Oc3ccccc32)CC1,,,341.84,random
CHEMBL2023392,C[C@@](CCn1ccc(-c2ccc(F)cc2)cc1=O)(C(=O)NO)S(C)(=O)=O,,,382.41,random
CHEMBL1578991,CC(=O)N1CCC(=O)Nc2ccc([N+](=O)[O-])cc21,,,249.23,random
CHEMBL3218044,COc1ccc2ccc(CSc3ccc(-c4nn(C)cc4-c4ccncc4)cc3)nc2c1,,,438.56,random
CHEMBL3302463,CCN1CCC2(CC1)C(=O)c1cc(Cl)ccc1Oc1ccccc12,,,341.84,random
CHEMBL1425059,CC1CCN(c2nc3c(c(=O)[nH]c(=O)n3C)n2Cc2ccccc2Cl)CC1,,,387.87,random
CHEMBL1802241,CC(=O)Oc1ccccc1C(=O)Nc1cc(C(F)(F)F)cc(C(F)(F)F)c1,,,391.27,random
CHEMBL2023208,Cc1cc(C2CCN(C(=O)[C@@H]3CN(C(C)(C)C)C[C@H]3c3ccc(F)cc3F)CC2)n(-c2ccc(Cl)c(F)c2)n1,,,559.08,random
CHEMBL1869631,CC(C)OC(=O)CSc1nnc(CNc2ccc(Cl)cc2)n1C,,,354.86,random
CHEMBL167033,COc1ccc2c(Nc3ccc(Cl)cc3Cl)c(C#N)cnc2c1,,,344.2,random
CHEMBL478778,CC(=O)Oc1cc(OC(C)=O)c2c(=O)c3cc(OC(C)=O)c(OC(C)=O)cc3oc2c1,,,428.35,random
CHEMBL4172791,COc1cc2c(Nc3ccc(C#N)cc3)ncnc2cc1OCCCN1CCN(C)CC1,,,432.53,random
CHEMBL261131,O=c1c2ccccc2[nH]c(=S)n1CCN1CCC(=C(c2ccc(F)cc2)c2ccc(F)cc2)CC1,"DIACYLGLYCEROL KINASE INHIBITOR II",,489.59,random
CHEMBL1875733,O=C1c2ccccc2NC(c2cc(Br)c3c(c2)OCO3)N1Cc1ccco1,,,427.25,random
CHEMBL3322964,CCCCC[C@H](C(C)C)C(c1ccc(O)c(OC)c1)c1ccc(O)c(OC)c1,,,386.53,random
CHEMBL1618028,Cn1cnc(S[C@H]2[C@H]3C(=O)C=C4S[C@H]5C[C@]42C2=C(N5)C(=O)c4[nH]cc5c4C2=[N+]3CC5)c1C[C@H](N)C(=O)O,,,535.63,random
CHEMBL302574,O=C(O)C[C@]1(O)C[C@@H](C(=O)c2ccccc2)Oc2ccc(F)cc21,,,330.31,random
CHEMBL2063642,CCOC(=O)C1=C(C)NC(C)=C(C(=O)OC)C1c1ccc(Cl)cc1,,,349.81,random
CHEMBL583390,CCOc1ccc2nc(NC(=O)CC)sc2c1,,,250.32,random
CHEMBL313047,CC(C)C[C@H]1C(=O)N[C@H](C(=O)NCc2ccncc2)CCCCNC(=O)OCCC[C@@H]1C(=O)NO,,,491.59,random
CHEMBL3260578,Cc1cccc(-c2[nH]c(CNc3ccccc3C(N)=O)nc2-c2ccc3ncnn3c2)n1,,,424.47,random
CHEMBL1428827,COc1ccc(OC)c(/C=C/c2ccc3cccc(O)c3n2)c1,,,307.35,random
CHEMBL1644880,CC(C)=CCOc1ccc(/C=C/C(=O)O)cc1Cl,,,266.72,random
CHEMBL1342835,CCOC(=O)N1CCN(C(S)=Nc2ccc3nc(N4CCN(CC)CC4)cc(C)c3c2)CC1,,,470.64,random
CHEMBL1812695,CN(C)c1cccc(C(=O)OC[C@H]2OC(=O)N[C@@H]2CN2CCN(c3ccccc3)CC2)c1,,,438.53,random
CHEMBL2094478,COc1ccc(/C(N)=N/OC(=O)c2cccc(F)c2)cc1,,,288.28,random
CHEMBL3093430,CS(=O)(=O)Nc1ccc(-c2nsc(NC(=O)N(CCC(c3ccc(F)cc3)c3ccc(F)cc3)CCN3CCOCC3)n2)cc1,,,656.78,random
CHEMBL1717964,Cc1ccc(S(=O)(=O)N2[C@@H](c3cccc(Cl)c3)C(C(=O)O)=CC[C@H]2c2cccc(C)c2)cc1,,,482,random
CHEMBL1403140,NC(=O)C1CCN(C(=O)COCc2cc(-c3ccc4c(c3)OCO4)on2)CC1,,,387.39,random
CHEMBL3970501,C[C@]1(CC(=O)O)C[C@H](c2cccc(Cl)c2)[C@@H](c2ccc(Cl)cc2)N([C@H](CS(=O)(=O)c2ccccc2)C2CC2)C1=O,,,600.56,random
CHEMBL1334310,COc1ccc(-n2c(C)cc(C(=O)CSc3ccc(NC(C)=O)cc3)c2C)cc1,,,408.52,random
CHEMBL1980546,CCSC1=C(C)N(/C=N/C(C)(C)C)CC1,,,226.39,random
CHEMBL1935738,CCCCOP(=O)(OCCCC)C(NC(=O)COc1ccc(OC)cc1)c1ccccc1,,,463.51,random
CHEMBL3483638,Cc1noc(-c2ccnc(Oc3ccc(CN4CCCC4)cc3F)c2)n1,,,354.39,random
CHEMBL350718,CC(=O)SCC(C)C(=O)N(CC(=O)O)C1CCCCCC1,,,315.44,random
CHEMBL1473289,Cc1noc(C)c1-c1ccc2ncnc(NC(C)c3ccco3)c2c1,,,334.38,random
CHEMBL596041,COc1ccc(C(=O)/C=C/c2cc(OC)c(OC)c(OC)c2)cc1OC,,,358.39,random
CHEMBL208448,CCOc1nc(NC(=O)Cc2cc(C)ccc2C)cc(N)c1C#N,,,324.38,random
CHEMBL1232068,Cc1ncc(C[n+]2csc(CCO[P@@](=O)(O)OP(=O)(O)O)c2C)c(O)n1,,,426.3,random
CHEMBL1971481,Cc1nn(C(=O)c2ccc(Cl)cc2)c2c1C(c1ccco1)SC(=N)N2,,,372.84,random
CHEMBL1399552,Cc1cccc(N(CC(=O)NC(C)C)C(=O)CCC(=O)Nc2nccs2)c1,,,388.49,random
CHEMBL4176991,CCOc1ccc(Cc2cc([C@@H]3O[C@H](CNNC(=O)c4ccco4)[C@@H](O)[C@H](O)[C@H]3O)ccc2Cl)cc1,,,516.98,random
CHEMBL3121441,Cc1ccc(-n2cc(CN3CCN(c4ccccc4)CC3)c3ccccc32)cc1.O=C(O)/C=C/C(=O)O,,,497.6,random
CHEMBL1616511,CC(=O)c1ccccc1OCC(O)CN1CCN(c2ccccn2)CC1,,,355.44,random
CHEMBL3494584,COc1ccc(-n2ccc(C(=O)N3CCC(C(N)=O)C3)n2)cc1,,,314.35,random
CHEMBL1213079,CONC(=O)c1ccc(C)c(Nc2nc(NCC3CCCC(CN)C3)nc(NC3CCCCC3)n2)c1,,,496.66,random
CHEMBL1198769,Nc1ccc(NC(=O)Nc2ccc(N=C3NCCN3)cc2)cc1,,,310.36,random
CHEMBL2207815,CC(=O)OC[C@H]1O[C@@H](n2ccc(O)c(CCc3ccccc3)c2=O)[C@H](OC(C)=O)[C@@H]1OC(C)=O,,,473.48,random
CHEMBL2009147,O=S(O)CCCCCSSc1ccccc1,,,276.45,random
CHEMBL1503309,Cc1ccc(NC(=O)c2cc(-c3ccco3)nc3ccccc23)cc1S(=O)(=O)N1CCOCC1,,,477.54,random
CHEMBL4218353,O=C(OCc1ccccc1)c1cccc(/C=C2\SC(=S)N([C@H](Cc3ccccc3)C(=O)O)C2=O)c1,,,503.6,random
CHEMBL1315670,O=C(O)c1ccc(O)c2ncc(N3CCNCC3)cc12,,,273.29,random
CHEMBL1600222,CCc1cc2c(=O)c(-c3nc4ccccc4n3C)c(C)oc2c(CN2CCN(C)CC2)c1O,,,446.55,random
CHEMBL4209493,CNC(=O)c1c(-c2ccc(F)cc2)nn2cc3c(cc12)C(C)CCCN3S(C)(=O)=O,,,430.51,random
CHEMBL258895,Cc1ccc(NC(=O)c2ccnc(N3CCOCC3)c2)cc1Nc1ncnn2cc(C(=O)N[C@@H](C)c3ccccc3)c(C)c12,,,590.69,random
CHEMBL2112334,C[C@@](Cc1c[nH]c2ccccc12)(NC(=O)OC1C2CC3CC(C2)CC1C3)C(=O)NC[C@@H](NC(=O)Cc1cc(O)no1)c1ccccc1,,,639.75,random
CHEMBL1683495,CC(Oc1ccc(CNC(=O)C2SCCN2C(=O)C[C@H](N)Cc2cc(F)c(F)cc2F)cc1)C(=O)O.Cl,,,562.01,random
CHEMBL2334780,CCCCN1C(=O)CC(c2cccs2)Sc2ccccc21,,,317.48,random
CHEMBL1328278,CCCC/S(CC1CC1(Cl)Cl)=N/S(=O)(=O)c1ccc(C)cc1,,,382.38,random
CHEMBL1418547,Cc1nn(CCC(=O)NCc2ccc(OC(C)C)cc2)c(=O)c2nn(-c3ccccc3)c(C)c12,,,459.55,random
CHEMBL354734,CC(C)c1ccc2c(CC/C=C/CCNS(=O)(=O)c3ccccc3)cc(C(=O)O)c-2cc1,,,451.59,random
CHEMBL213752,N=C(N)NCCC[C@@H]1C[C@@H](OCc2ccc3ccccc3c2)CN1C(=O)[C@@H](Cc1ccccc1)NC(=O)C1CCCCN1,,,584.76,random
CHEMBL1630862,S=c1[nH]nc(-c2cccnc2)n1/N=C\c1ccccc1OCCOCCOc1ccccc1/C=N\n1c(-c2cccnc2)n[nH]c1=S,,,664.78,random
CHEMBL3407812,Cl.Fc1cccc(C2CC2CNCCc2ccnc(-n3ccnc3)n2)c1,,,373.86,random
CHEMBL1836082,O=[N+]([O-])c1cn2c(n1)OC[C@@H](OCCCC#Cc1ccc(C(F)(F)F)cn1)C2,,,396.32,random
CHEMBL3086885,Cc1cc(/N=N/c2ccc(S(=O)(=O)Nc3ccccn3)cc2)c(N)c(Cl)c1O,,,417.88,random
CHEMBL268310,Nc1nc(N)c2cc(NC(=O)Cc3ccc(Cl)cc3)ccc2n1,,,327.77,random
CHEMBL3976862,CC(C)(O)[C@H]1OC[C@H]([C@H]2CC[C@]3(C)C4=CC[C@H]5C(C)(C)C(=O)CC[C@]5(C)[C@H]4CC[C@@]23C)C[C@H]1O,,,472.71,random
CHEMBL4165237,C/C(=C\CCP(=O)([O-])OP(=O)([O-])[O-])CO.[Na+].[Na+].[Na+],,,326.06,random
CHEMBL4083890,CCCCN1CCc2ccc(C#N)cc2C1,,,214.31,random
CHEMBL3935050,COc1cc(O)c2c(=O)oc3c(O)c(OC)c(Cl)c(C)c3c2c1,,,336.73,random
CHEMBL3728666,Cc1ccc(NCC(=O)N/N=C/c2c(Cl)cncc2Cl)cc1,,,337.21,random
CHEMBL3192703,O=C(CN1CCN(Cc2ccccc2Cl)CC1)N/N=C/c1ccccn1,,,371.87,random
CHEMBL4289767,CCOP(=O)(OCC)C(Nc1ccc(F)cc1)c1cc2cc3c(cc2[nH]c1=O)OCO3,,,448.39,random
CHEMBL4076732,COc1cccc(N2CC(NC(=O)c3sc4nnc(C)c(C)c4c3N)C2)c1,,,383.48,random
CHEMBL4218832,CC1=NN(c2ccccc2)C(=O)/C1=C(\c1ccc2c(c1)OCO2)N1CCCCC1,,,389.46,random
CHEMBL4172596,C[C@@H]1CN(CC(=O)N2CC(C)(C)c3ncc(Cc4ccc(F)cc4)cc32)[C@@H](CN2C[C@@H](C)OCC2=O)CN1,,,523.65,random
CHEMBL216602,Cc1ccc([C@@H](C)Nc2c(Nc3cccc(C(=O)N(C)C)c3O)c(=O)c2=O)o1,,,383.4,random
CHEMBL1733231,CC(C)/C=C/CN1CCC(Oc2ccc(C(=O)N3CCCC3)cc2)CC1,,,356.51,random
CHEMBL568178,C=CC/N=C(\c1ccc(=O)n(CC=C)c1)c1ccc(OC)cc1O,,,324.38,random
CHEMBL1871028,Cc1ccc(CCNS(=O)(=O)c2cc(Br)cnc2N)cc1,,,370.27,random
CHEMBL3641945,C[C@H](CO)n1c2cnccc2c2cnc(Nc3ccc(N4CCN[C@@H](C)C4)nn3)nc21,,,419.49,random
CHEMBL1735527,Cc1ccc(OCCCOc2ccc(Cl)cc2Cl)c([N+](=O)[O-])n1,,,357.19,random
CHEMBL3473411,Cn1nnnc1SCCNC(=O)CC1CCc2ccccc21,,,317.42,random
CHEMBL3698544,CC(Cc1ccc(C#Cc2ccc(OC3CC3)cc2)cc1)NC(=O)C1CC1,,,359.47,random
CHEMBL527716,Cc1ccc(N2CCN(C(=O)c3cccc(-c4cncc5nc(-c6ccco6)n(C)c45)c3)CC2)nc1,,,478.56,random
CHEMBL4214655,COc1cccc(NC(C(=O)c2c[nH]c3ccccc23)c2ccc(C)cc2)c1,,,370.45,random
CHEMBL1355289,COc1ccc(-c2csc(N(CCCN(C)C)C(=O)c3ccccc3Cl)n2)cc1,,,429.97,random
CHEMBL2380358,CCn1cc(C(=O)Nc2ccc(OC)cc2)c(=O)c2cc(F)c(N3CCNC(C)C3)c(F)c21,,,456.49,random
CHEMBL3911286,C[C@H](N)C(=O)N[C@H]1COc2ccccc2N(Cc2cccc3c2cnn3-c2ccccc2C#N)C1=O,,,480.53,random
CHEMBL3133807,CCOC(=O)Nc1cc(-c2ccc(C)c(NS(C)(=O)=O)c2)nn2c(C)nnc12,,,404.45,random
CHEMBL2436094,CC(C)Sc1nnc(-c2c(CN3CCC(N4CCCC4)CC3)c3ccccc3n2C)n1-c1ccccc1,,,514.74,random
CHEMBL113763,COc1cc(C2C/C(=N\CCCN3CCCC3)c3c(n(O)c4ccc(Cl)cc4c3=O)C2)cc(OC)c1OC,,,540.06,random
CHEMBL1530472,COc1cccc(NC(S)=NN2CCN(C)CC2)c1,,,280.4,random
CHEMBL1767178,CC(C)c1c(Cc2ccccc2)n(COCCCCc2ccc(F)cc2)c(=O)n(O)c1=O,,,440.52,random
CHEMBL1181825,CCCCn1cc(C(=O)N2CCC(c3cccc(CN)c3)CC2)c2ccccc21,,,389.54,random
CHEMBL4105031,COC(=O)CC[C@@H](C)[C@H]1CC[C@H]2[C@@H]3[C@@H](O)C[C@@H]4C[C@H](OC)CC[C@]4(C)[C@H]3CC[C@]12C,,,420.63,random
CHEMBL1339601,CC(NS(=O)(=O)c1ccc(F)cc1)C(=O)Nc1ccc2c(c1)OCCO2,,,380.4,random
CHEMBL1971686,Cc1cc(C)c2c(c1)CC1(Cc3cc(C)c(C)cc3C1=O)C2=O,,,304.39,random
CHEMBL284956,CSc1c(Cl)nc(N(C)C)nc1N1CCN(C)CC1,,,301.85,random
CHEMBL1929231,COCCOCCN1CCN(C(=O)c2cc(C(C)(C)C)sc2NC(=O)Nc2cccc(Cl)c2Cl)CCC1=O,,,585.55,random
CHEMBL1368170,Cc1cccc(C2c3[nH]c4ccccc4c3CCN2C(=O)c2cc3c(nc2O)CCCC3)n1,,,438.53,random
CHEMBL1196810,COc1ccc(S(=O)(=O)Nc2ccc(C)c(CC(=O)NCc3ccc(C(=N)N)cc3)c2O)cc1OC,,,512.59,random
CHEMBL3455792,CC(C)(C)c1nccc(N2CCCCC2CCNS(C)(=O)=O)n1,,,340.49,random
CHEMBL309791,CCn1cc(C(=O)O)c(=O)c2cc(F)c(N3CCN(C/C(=N/NC(N)=O)c4ccccc4)CC3)c(F)c21,,,512.52,random
CHEMBL3706583,CCN(CC)C(=O)[C@H]1CCC2C3CNC4=CC(=O)C=C[C@]4(C)C3CC[C@@]21C,,,370.54,random
CHEMBL1909356,CS(=O)(=O)CCNCc1nc(-c2ccc3ncnc(Nc4ccc(OCc5cccc(C(F)(F)F)c5)cc4)c3c2)cs1.Cl,GW569530A,,650.15,random
CHEMBL1352193,COc1cccc(CN2CCN(Cc3cc(OC)c(OC)c(OC)c3)CC2)c1OC.O=C(O)C(=O)O,,,506.55,random
CHEMBL2381644,[N-]=[N+]=N[C@@H]1C[C@@](N)(C(=O)O)[C@@H]2[C@@H](C(=O)O)[C@@H]21,,,226.19,random
CHEMBL523808,CN1CCN(Cc2ccc3c(-c4ccncc4)c(-c4ccc(F)cc4)[nH]c3c2)CC1,,,400.5,random
CHEMBL3331319,NCC1CN(c2nc3c(cc2F)c(=O)c(C(=O)O)cn3[C@@H]2C[C@@H]2F)C/C1=N/OCc1ccccc1,,,483.48,random
CHEMBL4086081,CN1c2ccccc2C(=O)N2CCc3c(n(CCCCCCOC(=O)CCCc4ccc(N(CCCl)CCCl)cc4)c4ccccc34)C21,,,689.73,random
CHEMBL1398311,O=C(NCCS(=O)(=O)NC1CCCCC1)c1ccc2c(c1)OCO2,,,354.43,random
CHEMBL1410540,COc1ccc(S(=O)(=O)NC2CC3CCC2C3)cc1Cl,,,315.82,random
CHEMBL387477,CS(=O)(=O)c1cc(F)cc2c3c(n(Cc4ccc(Cl)cc4)c12)[C@H](CC(=O)O)CC3,,,435.9,random
CHEMBL3556553,N#Cc1cccc(CN2CC[C@@H]3[C@@H]2CC(=O)N3Cc2cccnc2)c1,,,332.41,random
CHEMBL476228,NC(=O)c1cc2c(-c3cccc(-c4ccccc4)c3)cncc2s1,,,330.41,random
CHEMBL2063664,COc1ccc(S(=O)(=O)NC(=O)CC2=C/C(=C\c3ccc(SC)cc3)c3ccc(F)cc32)cc1,,,495.6,random
CHEMBL1384036,CC(C)CCNC(=O)CN(Cc1ccc(F)cc1)C(=O)CCC(=O)Nc1ccccn1,,,428.51,random
CHEMBL1972455,c1ccc(/N=c2/[nH]c3ccccc3s/c2=N/c2ccccc2)cc1,,,329.43,random
CHEMBL1596965,Oc1ccc(Cl)cc1-c1cc(-c2ccccc2)[nH]n1,,,270.72,random
CHEMBL2322233,O=c1cc(N2CCOCC2)oc2c(-c3ccc(Cl)c(Cl)c3)csc12,,,382.27,random
CHEMBL3198486,Cc1oc(/N=C/c2ccc3c(c2)OCO3)c(C#N)c1C,,,268.27,random
CHEMBL118992,COc1c(O)cc(C(=O)O)cc1O,,,184.15,random
CHEMBL2139492,CCCn1c(N)c(C(=O)CSc2nnc3ccccn23)c(=O)[nH]c1=O,,,360.4,random
CHEMBL585830,CCN(CC)Cc1cc2ccc(C)cc2n(CC(=O)OC)c1=O,,,316.4,random
CHEMBL3447418,Cc1ccc(C2CCCN(S(C)(=O)=O)C2)nc1,,,254.35,random
CHEMBL1589388,CC(=O)c1ccc(NC(=O)C(C)OC(=O)c2ccc(NS(=O)(=O)c3ccc(F)c(F)c3)cc2)cc1,,,502.5,random
CHEMBL1997117,Cc1cccc2c1CC1(Cc3c(C)cccc3C1=O)C2=O,,,276.34,random
CHEMBL3441524,CN(Cc1cccnc1)CC1CC12CCN(Cc1nccs1)CC2,,,342.51,random
CHEMBL4167413,CCS(=O)(=O)c1ccc(CC(=O)Nc2cc(-c3cccnc3Oc3ccccc3)cs2)cc1,,,478.6,random
CHEMBL1087115,CNCCNCc1cccc(-n2nc(C(F)(F)F)cc2C(=O)NCc2ccccc2OC(F)(F)F)c1,,,515.46,random
CHEMBL1422529,COc1cc(C)ccc1OCCOCCOc1ccc(C)cc1[N+](=O)[O-],,,361.39,random
CHEMBL1987785,C=CCNC(=S)N/N=C/c1ccc(C)cc1C,,,247.37,random
CHEMBL270649,CCC(C)(C)NC(=O)Cn1cnc(C)c1Cn1c(C)ccc(NS(=O)(=O)Cc2ccccc2)c1=O,,,499.64,random
CHEMBL2023761,C[N@+]1(CC2CC2)C2CCC1C[C@H](CC(C#N)(c1ccccc1)c1ccccc1)C2,,,385.58,random
CHEMBL369254,NC(=O)c1ccc2[nH]c(-c3ccc(Oc4ccc5ccccc5c4)cc3)nc2c1,,,379.42,random
CHEMBL1577554,CC(=O)N1CCN(S(=O)(=O)c2cccc(C(=O)OCC(=O)NC(=O)c3cccn3C)c2)CC1,,,476.51,random
CHEMBL3687710,COc1cc(-c2cccnc2F)ccc1-c1nccc2cc(S(=O)(=O)Nc3ccncn3)ccc12,,,487.52,random
CHEMBL3453346,COc1ccc(CN(C(=O)C2CCCS2)c2ccncc2)cc1,,,328.44,random
CHEMBL1197329,CC(C)n1cnc2c(NCc3cnc(-c4ccccc4)s3)nc(N[C@H]3CC[C@H](N)CC3)nc21,,,462.63,random
CHEMBL3644878,C=C[C@@H]1C[C@]1(NC(=O)[C@@H]1CN(CC(=O)c2ccccc2)CN1C(=O)[C@@H](NC(=O)OC1CCCC1)C(C)C)C(=O)NS(=O)(=O)C1CC1,,,657.79,random
CHEMBL3908108,Cc1cc(NC(=O)Nc2n[nH]c3cccnc23)ccc1F,,,285.28,random
CHEMBL1581370,CC(C)c1ccc2nc(SCC(=O)NCC3CCCO3)c(C#N)cc2c1,,,369.49,random
CHEMBL3628981,Nc1ncc(Cl)nc1CNC(=O)Cc1ccccc1,,,276.73,random
CHEMBL135269,CC(C)CNCC1CCc2ccc(O)cc2O1.O=C(O)C(=O)O,,,325.36,random
CHEMBL3103781,CSc1nnc(-c2ccc(S(C)(=O)=O)cc2)c(-c2ccc(F)cc2)n1,,,375.45,random
CHEMBL4127434,COc1cc(-c2ccc(C(F)(F)F)cc2)cc2c3ccccc3c[n+](C)c12.[Cl-],,,403.83,random
CHEMBL1344563,COc1ccc(C(=N)NOC(=O)c2ccc(OC)c([N+](=O)[O-])c2)cc1OC,,,375.34,random
CHEMBL3692346,C[C@]12CC[C@H]3[C@@H](C=CC4=CC(=O)CC[C@@H]43)[C@@H]1CC[C@@]21C=CCO1,,,310.44,random
CHEMBL408837,CC(=O)c1ccc(N2CCN(Cc3c(O)ccc4ccc(=O)oc34)CC2)cc1,,,378.43,random
CHEMBL1601126,Cc1ccc(NS(=O)(=O)c2cc(C(=O)N3CCCC3)ccc2C)cc1C,,,372.49,random
CHEMBL3465548,CCCNC(=O)c1cccc(CNCc2csc(CC)n2)c1,,,317.46,random
CHEMBL3448110,CC(C)c1[nH]c2ncccc2c1CN1CCN(S(=O)(=O)N(C)C)CC1,,,365.5,random
CHEMBL2218196,CN1C(=O)c2ccccc2C1C(=O)NCc1ccc(F)cc1Cl,,,332.76,random
CHEMBL3645374,O=C(/C=C/c1ccc2c(c1)nc(-c1ccncc1)n2CCCO)NO,,,338.37,random
CHEMBL471262,CCCN1CN(c2ccccc2)C2(CCN(C3CCC(C)(C)c4ccccc43)CC2)C1=O,,,431.62,random
CHEMBL1492644,O=C(c1ccc(-n2cncn2)c([N+](=O)[O-])c1)N1CCN(c2cccc(Cl)c2)CC1,,,412.84,random
CHEMBL1481723,Cc1ccnn1CCC(=O)N1CCCC(CCC(=O)N2CCN(c3ccccn3)CC2)C1,,,438.58,random
CHEMBL1812404,CCCCCCCCn1c2ccccc2c2ccc(OCCS(=O)(=O)O)cc21,,,403.54,random
CHEMBL4215662,CCCCCCCC/C=C1/C(=O)O[C@@H](C)[C@H]1O,,,240.34,random
CHEMBL2398217,CCCCCCCCS(=O)(=O)CCCCCCCC,,,290.51,random
CHEMBL3577842,COP(=O)(O)C(C)(O)P(=O)(O)OC,,,234.08,random
CHEMBL2218497,CN1C[C@@H](C(=O)NCc2ccc(F)cc2Cl)N(C)C1=O,,,299.73,random
CHEMBL1342718,Oc1nc(CN2CCN(Cc3ccc4c(c3)OCO4)CC2)nc2sc3c(c12)CCC3,,,424.53,random
CHEMBL3398309,COc1cc(O)c2c(=O)cc(C(=O)NCCCCN3CCOc4ccccc4C3)oc2c1,,,438.48,random
CHEMBL233721,CC(C)C1(O)CCN(C(c2ccccc2)c2ccccc2)CC1,,,309.45,random
CHEMBL1495722,CC(C)CCOc1ccc(C(=O)CCNC(C)C(=O)O)cc1,,,307.39,random
CHEMBL189736,CN1CCC1CN1CCC(c2cc(-c3ccncc3)c(-c3ccc(F)cc3)[nH]2)CC1,,,404.53,random
CHEMBL3957489,Cc1ccc(-n2nccn2)c(C(=O)N2CC[C@H]2c2nc(-c3ccccc3C)no2)c1,,,400.44,random
CHEMBL2138384,CCOC(=O)[C@]12CCCC=C1N(CCC1=CCCCC1)C(=O)[C@H](CC(=O)NCc1cccc(C(F)(F)F)c1)C2,,,546.63,random
CHEMBL388472,O=C(O)C1C2CCC(C2)[C@H]1NC(=O)[C@@H]1CCCN1S(=O)(=O)c1cc(Cl)cc(Cl)c1,,,461.37,random
CHEMBL1505328,O=C(Cc1ccc([N+](=O)[O-])cc1)N1CCCc2ccccc21,,,296.33,random
CHEMBL579293,Clc1ccc(-c2cn3c([n+]2-c2ccccc2)CCC3)cc1.[Br-],,,375.7,random
CHEMBL1496421,Cc1ccccc1NC(=O)C1c2ccccc2Oc2ccccc21,,,315.37,random
CHEMBL1454578,COc1ccc(Cl)cc1N=C(S)N1CCN(C(=O)C2CCCO2)CC1,,,383.9,random
CHEMBL1173364,Cc1ccc(C)c(S(=O)(=O)c2nnn3c2nc(NCc2cccs2)c2sccc23)c1,,,455.59,random
